payment_id,customer_id,merchant_id,amount_minor,currency,status,created_at
PAY-DCDBCE69-3965,CUST-01310,MERCH-008,72597,USD,PENDING,2026-09-02 23:19:49.020810
PAY-54BD8F33-F8D4,CUST-00502,MERCH-015,27368,EUR,SUCCESS,2026-09-08 12:45:51.020810
PAY-F8E85DDF-85BF,CUST-01386,MERCH-048,23290,USD,SUCCESS,2026-09-28 05:35:20.020810
PAY-08FAF8E6-7EE5,CUST-01210,MERCH-028,8311,USD,PENDING,2026-09-03 07:13:13.020810
PAY-ACA00118-A5C8,CUST-00192,MERCH-014,132975,EUR,FAILED,2026-09-13 01:15:37.020810
PAY-AC6A1AFE-A71C,CUST-01233,MERCH-002,52624,USD,PENDING,2026-09-29 00:05:19.020810
PAY-F9D8FAFB-102A,CUST-01467,MERCH-042,110474,GBP,SUCCESS,2026-09-28 05:05:37.020810
PAY-89C62E9A-C791,CUST-00452,MERCH-029,73426,USD,SUCCESS,2026-09-30 08:44:06.020810
PAY-CC21C492-6DF6,CUST-00014,MERCH-049,111285,USD,SUCCESS,2026-09-09 12:12:26.020810
PAY-AA197AE9-7643,CUST-00697,MERCH-018,56943,USD,SUCCESS,2026-09-09 07:20:15.020810
PAY-0E94D64F-FE93,CUST-00690,MERCH-007,100095,EUR,SUCCESS,2026-09-06 06:14:51.020810
PAY-1921FA11-BCBB,CUST-00199,MERCH-023,69842,USD,SUCCESS,2026-09-18 10:55:41.020810
PAY-8D3183D1-7A64,CUST-00089,MERCH-047,141068,USD,FAILED,2026-09-24 01:27:34.020810
PAY-CFEABBBA-ADB9,CUST-00256,MERCH-025,145214,USD,SUCCESS,2026-09-05 13:59:58.020810
PAY-365876BF-0E83,CUST-00601,MERCH-041,50907,USD,SUCCESS,2026-09-19 07:31:34.020810
PAY-58892FE7-54FB,CUST-01443,MERCH-005,60242,EUR,SUCCESS,2026-09-03 23:34:48.020810
PAY-75A32F03-740A,CUST-00593,MERCH-006,26976,USD,PENDING,2026-09-13 01:24:42.020810
PAY-F2B58F15-5C92,CUST-00779,MERCH-018,96138,NGN,FAILED,2026-09-23 18:27:07.020810
PAY-BD427F6B-810E,CUST-00334,MERCH-024,55421,USD,SUCCESS,2026-09-19 00:06:40.020810
PAY-F2E42096-4E9C,CUST-01373,MERCH-018,45362,EUR,SUCCESS,2026-09-05 05:22:50.020810
PAY-AFA5039D-B916,CUST-01094,MERCH-047,43334,USD,SUCCESS,2026-09-13 15:24:58.020810
PAY-803AEA03-0C4C,CUST-00947,MERCH-025,146501,USD,PENDING,2026-09-14 20:42:10.020810
PAY-A575B882-EAEC,CUST-00450,MERCH-044,15163,USD,SUCCESS,2026-09-17 12:00:27.020810
PAY-CE1780E1-69D6,CUST-00470,MERCH-003,105662,USD,SUCCESS,2026-09-17 01:43:12.020810
PAY-9B58D1E3-BDB5,CUST-00549,MERCH-005,149182,USD,SUCCESS,2026-09-12 00:00:13.020810
PAY-AE072A0A-1FD3,CUST-01471,MERCH-021,131370,NGN,FAILED,2026-09-12 01:55:07.020810
PAY-2784C2A8-E255,CUST-00811,MERCH-042,37952,NGN,PENDING,2026-09-24 00:47:31.020810
PAY-0A3A23B6-4597,CUST-00543,MERCH-009,147659,USD,PENDING,2026-09-13 17:31:57.020810
PAY-65BE72CA-DE50,CUST-01104,MERCH-017,112811,USD,SUCCESS,2026-09-30 03:16:58.020810
PAY-373CA24F-0F04,CUST-01196,MERCH-026,57993,USD,SUCCESS,2026-09-19 07:56:50.020810
PAY-9A29258A-2AD0,CUST-00284,MERCH-033,24331,USD,SUCCESS,2026-09-25 17:10:42.020810
PAY-7F0B4377-F4D1,CUST-00097,MERCH-008,42438,GBP,SUCCESS,2026-09-09 04:15:49.020810
PAY-93C49DCF-0AE3,CUST-01394,MERCH-028,17153,USD,SUCCESS,2026-09-30 17:03:27.020810
PAY-60BA11E1-5703,CUST-00789,MERCH-025,123196,USD,FAILED,2026-09-30 16:27:04.020810
PAY-22EF3F6B-AA62,CUST-01084,MERCH-017,3509,USD,PENDING,2026-09-28 14:44:44.020810
PAY-6B0A6695-B92F,CUST-01394,MERCH-047,141263,GBP,SUCCESS,2026-09-07 07:39:11.020810
PAY-F893B3B9-5267,CUST-00547,MERCH-050,29742,USD,FAILED,2026-09-18 06:31:26.020810
PAY-E168F80D-458F,CUST-00602,MERCH-028,119440,EUR,FAILED,2026-09-09 10:27:28.020810
PAY-B0FEE003-BA15,CUST-00007,MERCH-047,131725,GBP,SUCCESS,2026-09-14 13:03:40.020810
PAY-03EE6851-99EB,CUST-00366,MERCH-033,78735,USD,SUCCESS,2026-09-06 22:10:06.020810
PAY-6F85D894-7356,CUST-01309,MERCH-033,52643,GBP,SUCCESS,2026-10-01 07:41:33.020810
PAY-F8EE9DA3-2B82,CUST-00314,MERCH-024,141894,USD,SUCCESS,2026-09-09 14:24:32.020810
PAY-F6C1B3C0-891B,CUST-01087,MERCH-001,85475,USD,SUCCESS,2026-09-30 20:00:42.020810
PAY-E6D8FC63-6D02,CUST-01001,MERCH-002,95653,EUR,SUCCESS,2026-09-07 04:31:34.020810
PAY-AA0E2E28-0EF7,CUST-00630,MERCH-016,63643,GBP,SUCCESS,2026-09-04 13:40:42.020810
PAY-A9436A0E-9E68,CUST-01162,MERCH-006,127899,USD,FAILED,2026-09-05 21:59:03.020810
PAY-DC6D95FF-E6CA,CUST-00142,MERCH-049,33467,GBP,SUCCESS,2026-09-27 14:50:18.020810
PAY-D328F7FE-553E,CUST-00263,MERCH-043,144627,GBP,SUCCESS,2026-09-24 19:56:05.020810
PAY-FFCB39D4-FB9C,CUST-00339,MERCH-017,111423,USD,SUCCESS,2026-09-27 08:58:31.020810
PAY-1027AAA3-6D60,CUST-00434,MERCH-035,82214,USD,SUCCESS,2026-09-11 12:32:55.020810
PAY-53079924-07AE,CUST-00818,MERCH-043,115345,USD,SUCCESS,2026-09-19 21:15:26.020810
PAY-2E88EB6A-77B1,CUST-01060,MERCH-029,65486,USD,SUCCESS,2026-09-07 15:10:15.020810
PAY-2AE1AA4F-1680,CUST-00461,MERCH-005,6014,NGN,SUCCESS,2026-09-18 04:05:20.020810
PAY-D734689B-7320,CUST-01205,MERCH-036,58228,USD,FAILED,2026-09-12 22:17:38.020810
PAY-6321D519-7DAD,CUST-00015,MERCH-005,60515,USD,SUCCESS,2026-09-04 14:47:01.020810
PAY-1C53A6C3-79ED,CUST-00139,MERCH-003,19074,USD,SUCCESS,2026-09-17 19:10:04.020810
PAY-144355A3-DF99,CUST-01053,MERCH-016,127748,NGN,FAILED,2026-09-15 06:38:25.020810
PAY-73449FA9-A0A5,CUST-00439,MERCH-035,124407,EUR,PENDING,2026-09-08 04:20:43.020810
PAY-ABAA8C28-41F9,CUST-00498,MERCH-031,50414,GBP,SUCCESS,2026-09-21 12:27:00.020810
PAY-C21745C3-35B0,CUST-00194,MERCH-007,93376,GBP,SUCCESS,2026-09-22 16:24:06.020810
PAY-AB38DBB6-6780,CUST-00868,MERCH-027,14700,GBP,PENDING,2026-09-24 10:18:50.020810
PAY-909633DE-E134,CUST-01380,MERCH-042,16389,USD,SUCCESS,2026-09-06 12:51:21.020810
PAY-5BD957DC-4C13,CUST-00825,MERCH-047,29144,USD,SUCCESS,2026-09-18 05:30:25.020810
PAY-5ED3344A-4870,CUST-00510,MERCH-013,141084,GBP,PENDING,2026-09-10 23:48:00.020810
PAY-D0E7F875-D376,CUST-00919,MERCH-009,48600,USD,SUCCESS,2026-09-22 05:43:06.020810
PAY-ADE2FCA5-A542,CUST-00571,MERCH-030,20261,USD,SUCCESS,2026-09-13 21:14:11.020810
PAY-9A0A82BA-6C6B,CUST-00908,MERCH-036,13761,USD,SUCCESS,2026-09-06 12:15:45.020810
PAY-C5A49F38-CF6A,CUST-01336,MERCH-035,24948,NGN,SUCCESS,2026-09-02 11:23:05.020810
PAY-EE469B06-1AA8,CUST-00485,MERCH-011,127807,USD,FAILED,2026-09-21 11:41:51.020810
PAY-688C2DB1-C66B,CUST-00986,MERCH-014,15870,USD,PENDING,2026-09-21 05:26:11.020810
PAY-4A714696-1AF9,CUST-00338,MERCH-025,102846,NGN,SUCCESS,2026-09-01 20:42:07.020810
PAY-9865A37A-5279,CUST-00544,MERCH-030,111388,USD,SUCCESS,2026-09-15 14:31:48.020810
PAY-DEF33709-D088,CUST-01427,MERCH-047,128077,USD,SUCCESS,2026-09-28 17:42:28.020810
PAY-E474B66C-EE16,CUST-00318,MERCH-013,57568,EUR,SUCCESS,2026-09-16 03:52:49.020810
PAY-33CF52B1-F332,CUST-00120,MERCH-038,16479,USD,SUCCESS,2026-09-28 01:53:38.020810
PAY-93A74832-E846,CUST-00643,MERCH-004,125487,NGN,SUCCESS,2026-09-04 04:36:39.020810
PAY-54BFC0A2-2161,CUST-01030,MERCH-034,15410,USD,SUCCESS,2026-09-09 09:36:47.020810
PAY-9895DDB3-05A8,CUST-01041,MERCH-006,18462,NGN,SUCCESS,2026-09-10 18:41:33.020810
PAY-C699DA34-1D67,CUST-01219,MERCH-005,106347,EUR,FAILED,2026-09-13 04:13:23.020810
PAY-A18FA4C2-98C6,CUST-00246,MERCH-037,10918,USD,FAILED,2026-09-13 17:03:09.020810
PAY-2D06BCF3-B077,CUST-01269,MERCH-006,148670,USD,SUCCESS,2026-09-22 02:37:23.020810
PAY-F1100C40-9D17,CUST-01071,MERCH-021,54045,EUR,SUCCESS,2026-09-14 10:00:17.020810
PAY-9AF0C4B1-16BD,CUST-01372,MERCH-046,63070,USD,FAILED,2026-09-17 00:14:29.020810
PAY-237E0FF4-47C4,CUST-00544,MERCH-026,79142,USD,SUCCESS,2026-09-08 02:40:30.020810
PAY-88FF2A5C-F61C,CUST-00937,MERCH-021,2941,USD,SUCCESS,2026-09-05 06:42:34.020810
PAY-3745C354-EA5B,CUST-00939,MERCH-040,26709,EUR,SUCCESS,2026-09-29 02:07:33.020810
PAY-0717703E-1FBC,CUST-00151,MERCH-035,133114,USD,SUCCESS,2026-09-12 02:32:00.020810
PAY-863135CB-D3C2,CUST-00544,MERCH-009,18533,EUR,SUCCESS,2026-09-18 16:48:56.020810
PAY-BD19278A-1A3E,CUST-00501,MERCH-024,41852,EUR,SUCCESS,2026-09-15 14:13:30.020810
PAY-CC119AD9-032E,CUST-00898,MERCH-035,139158,NGN,SUCCESS,2026-09-16 10:38:55.020810
PAY-E55E1423-254A,CUST-00017,MERCH-043,78980,USD,SUCCESS,2026-09-28 16:20:57.020810
PAY-7624BB05-BACF,CUST-01359,MERCH-007,69828,NGN,PENDING,2026-09-08 06:39:04.020810
PAY-8394D588-F88B,CUST-00237,MERCH-007,41249,USD,SUCCESS,2026-09-28 14:44:35.020810
PAY-994FFE55-C148,CUST-00558,MERCH-019,55715,GBP,SUCCESS,2026-10-01 02:52:07.020810
PAY-5ED0213D-06E2,CUST-01470,MERCH-022,69701,USD,SUCCESS,2026-09-11 15:23:56.020810
PAY-44719D05-FEC3,CUST-01036,MERCH-032,13816,USD,PENDING,2026-09-13 22:46:05.020810
PAY-88D4C988-F5F8,CUST-00190,MERCH-041,73030,NGN,SUCCESS,2026-09-22 07:41:32.020810
PAY-B0D4BE8B-AFDE,CUST-00091,MERCH-001,34793,USD,SUCCESS,2026-09-17 22:48:44.020810
PAY-13A652EE-4932,CUST-01305,MERCH-017,116324,EUR,PENDING,2026-09-09 14:26:50.020810
PAY-52D43359-6968,CUST-01130,MERCH-046,147538,GBP,FAILED,2026-09-22 12:28:55.020810
PAY-CE2052F1-0829,CUST-00020,MERCH-008,39573,EUR,SUCCESS,2026-09-05 09:51:22.020810
PAY-5825ECD8-84AD,CUST-01118,MERCH-003,145341,USD,PENDING,2026-09-19 16:21:31.020810
PAY-F8EFF686-D004,CUST-00304,MERCH-028,11465,EUR,SUCCESS,2026-09-07 22:40:32.020810
PAY-13A3F1A7-16B4,CUST-00632,MERCH-024,94297,USD,SUCCESS,2026-09-03 16:40:18.020810
PAY-0C7FCFB6-D17C,CUST-00431,MERCH-044,27446,USD,SUCCESS,2026-09-13 20:54:50.020810
PAY-D4264C82-1580,CUST-00725,MERCH-050,107029,USD,SUCCESS,2026-09-28 22:30:08.020810
PAY-84FD89C3-0C3D,CUST-01272,MERCH-048,62559,EUR,SUCCESS,2026-09-09 06:15:30.020810
PAY-3242B146-FEEA,CUST-00333,MERCH-012,6997,EUR,SUCCESS,2026-09-21 18:32:55.020810
PAY-23387099-4593,CUST-00368,MERCH-048,108428,USD,FAILED,2026-09-17 21:12:53.020810
PAY-69F55A99-4E6B,CUST-01372,MERCH-048,70441,EUR,FAILED,2026-09-13 19:19:35.020810
PAY-4955D515-C584,CUST-00327,MERCH-045,100781,EUR,SUCCESS,2026-09-07 00:07:52.020810
PAY-C9CB0C0A-DCC1,CUST-00080,MERCH-031,52816,USD,SUCCESS,2026-09-12 13:20:41.020810
PAY-F571CAF6-4846,CUST-00943,MERCH-023,60162,USD,SUCCESS,2026-09-16 13:45:50.020810
PAY-D02A3D32-7D78,CUST-00457,MERCH-002,104955,NGN,SUCCESS,2026-09-11 03:12:12.020810
PAY-48D650A9-1523,CUST-00673,MERCH-018,73670,GBP,SUCCESS,2026-09-05 03:04:18.020810
PAY-2BA6D0FD-EFA8,CUST-00720,MERCH-042,105273,GBP,SUCCESS,2026-09-26 11:41:29.020810
PAY-C9316B85-C72E,CUST-01392,MERCH-035,7735,USD,SUCCESS,2026-09-17 20:00:30.020810
PAY-7194C4D6-EE41,CUST-00237,MERCH-017,70090,USD,FAILED,2026-09-10 10:14:14.020810
PAY-22599048-8A75,CUST-00079,MERCH-007,114418,USD,SUCCESS,2026-09-30 17:14:48.020810
PAY-CFA77D83-6D9D,CUST-00708,MERCH-047,114898,EUR,SUCCESS,2026-09-16 23:39:05.020810
PAY-486ED0DC-15C6,CUST-01242,MERCH-033,101476,NGN,PENDING,2026-09-07 08:55:40.020810
PAY-132BB076-11CB,CUST-01181,MERCH-013,12135,NGN,SUCCESS,2026-09-14 02:57:50.020810
PAY-12BF8CA7-96D4,CUST-01452,MERCH-028,136793,USD,PENDING,2026-09-01 20:09:40.020810
PAY-A4919D6D-55BA,CUST-01103,MERCH-044,95978,USD,PENDING,2026-09-11 07:45:12.020810
PAY-11499737-CD3B,CUST-00884,MERCH-005,82791,NGN,PENDING,2026-09-17 18:54:06.020810
PAY-1678534B-E349,CUST-01359,MERCH-008,133439,USD,SUCCESS,2026-09-16 08:05:29.020810
PAY-A5CA3FB0-2B4D,CUST-00634,MERCH-043,86006,GBP,SUCCESS,2026-09-21 14:00:11.020810
PAY-526A9011-7DE6,CUST-00825,MERCH-045,145835,USD,SUCCESS,2026-09-16 02:39:14.020810
PAY-AF0A7BFF-3B3D,CUST-00261,MERCH-013,99890,NGN,SUCCESS,2026-09-22 04:02:46.020810
PAY-9056D9FC-638C,CUST-01388,MERCH-048,149687,USD,SUCCESS,2026-09-10 04:56:50.020810
PAY-71ECAAB9-2691,CUST-00617,MERCH-026,606,EUR,PENDING,2026-09-28 08:35:02.020810
PAY-8AD7DE86-E4D4,CUST-00623,MERCH-019,113192,USD,SUCCESS,2026-09-11 23:04:17.020810
PAY-3E24E735-703E,CUST-01188,MERCH-039,122393,GBP,FAILED,2026-09-17 09:38:18.020810
PAY-92E2B0AF-2E34,CUST-00905,MERCH-029,134501,EUR,FAILED,2026-09-12 03:10:15.020810
PAY-50679619-E5A0,CUST-00970,MERCH-048,22728,USD,SUCCESS,2026-09-09 23:53:44.020810
PAY-91B6DE85-2A52,CUST-00582,MERCH-033,24980,GBP,FAILED,2026-09-18 00:42:48.020810
PAY-CE87D914-A71C,CUST-00482,MERCH-044,59388,GBP,PENDING,2026-09-16 19:51:20.020810
PAY-25D3ADC0-2213,CUST-00408,MERCH-010,12614,USD,SUCCESS,2026-09-02 22:38:54.020810
PAY-33C5BD26-3B11,CUST-00502,MERCH-031,19591,GBP,SUCCESS,2026-10-01 10:22:35.020810
PAY-65DC0976-7BBA,CUST-00933,MERCH-027,51470,EUR,FAILED,2026-09-29 16:53:45.020810
PAY-B06100CA-CD74,CUST-01472,MERCH-045,130098,GBP,SUCCESS,2026-09-20 09:33:29.020810
PAY-F732E287-8C3E,CUST-00819,MERCH-016,1953,USD,SUCCESS,2026-09-08 22:07:26.020810
PAY-FA358CFD-70D2,CUST-00219,MERCH-050,57867,USD,SUCCESS,2026-09-22 09:31:19.020810
PAY-22E15C98-9402,CUST-00361,MERCH-045,122278,USD,SUCCESS,2026-09-26 21:39:19.020810
PAY-DD62B769-BFD2,CUST-00103,MERCH-036,32313,USD,SUCCESS,2026-09-13 20:31:40.020810
PAY-C70AA2C7-46B0,CUST-00935,MERCH-009,139733,USD,SUCCESS,2026-09-24 07:32:21.020810
PAY-23E88EF1-5C7F,CUST-01145,MERCH-039,116517,GBP,SUCCESS,2026-09-17 03:52:11.020810
PAY-1D5CCC68-8EA6,CUST-01255,MERCH-047,112367,USD,SUCCESS,2026-09-26 06:18:00.020810
PAY-F1A029E8-2408,CUST-01123,MERCH-029,124933,GBP,SUCCESS,2026-09-09 11:37:23.020810
PAY-C8A2B057-1988,CUST-00922,MERCH-017,73195,EUR,SUCCESS,2026-09-13 18:14:45.020810
PAY-36BBDE83-7084,CUST-01068,MERCH-032,72484,USD,SUCCESS,2026-09-13 08:55:56.020810
PAY-41C4715A-3C84,CUST-00901,MERCH-005,61971,USD,SUCCESS,2026-09-15 15:05:17.020810
PAY-767120E7-617D,CUST-00557,MERCH-022,142097,EUR,PENDING,2026-09-17 06:40:46.020810
PAY-52BC2538-E17E,CUST-00166,MERCH-009,61123,USD,SUCCESS,2026-09-09 01:55:16.020810
PAY-154541C0-55C1,CUST-00785,MERCH-045,56586,GBP,SUCCESS,2026-09-09 04:13:18.020810
PAY-A4274B07-21A8,CUST-00132,MERCH-027,87238,USD,SUCCESS,2026-09-21 13:04:42.020810
PAY-1D36814F-3FD4,CUST-01112,MERCH-030,16822,USD,PENDING,2026-09-21 22:36:10.020810
PAY-E0293D5B-0B10,CUST-00424,MERCH-027,5620,GBP,SUCCESS,2026-09-20 15:57:51.020810
PAY-2CDBFE19-C601,CUST-01180,MERCH-025,2045,USD,SUCCESS,2026-09-24 21:54:45.020810
PAY-E74D45B8-5469,CUST-00721,MERCH-020,110343,USD,SUCCESS,2026-09-20 16:33:29.020810
PAY-FC2A6102-65A4,CUST-01103,MERCH-048,58312,USD,FAILED,2026-09-28 06:28:51.020810
PAY-BEB4B9FC-D936,CUST-01000,MERCH-015,114751,EUR,SUCCESS,2026-09-15 00:11:00.020810
PAY-F4D63636-48AD,CUST-00995,MERCH-002,88614,NGN,FAILED,2026-09-20 15:14:32.020810
PAY-31714E03-7633,CUST-01370,MERCH-044,43765,USD,SUCCESS,2026-09-21 09:15:14.020810
PAY-8971206F-1EFE,CUST-00958,MERCH-009,7569,USD,SUCCESS,2026-09-27 16:29:23.020810
PAY-4D20A008-B287,CUST-00807,MERCH-038,7604,USD,FAILED,2026-09-29 03:45:18.020810
PAY-A1C102DD-692E,CUST-00172,MERCH-042,36072,USD,SUCCESS,2026-09-22 13:33:39.020810
PAY-613B6D4F-3598,CUST-00946,MERCH-012,68698,USD,SUCCESS,2026-09-04 04:46:36.020810
PAY-EACC466F-A178,CUST-00777,MERCH-021,119696,GBP,FAILED,2026-09-12 00:47:34.020810
PAY-0C18E9E0-00AC,CUST-00670,MERCH-022,73443,USD,SUCCESS,2026-09-20 03:54:17.020810
PAY-11A1187A-89E7,CUST-00864,MERCH-017,123788,USD,SUCCESS,2026-09-05 17:37:06.020810
PAY-B0CA746D-F5BB,CUST-00040,MERCH-048,14153,USD,SUCCESS,2026-09-27 22:39:34.020810
PAY-CCD9B417-313A,CUST-00717,MERCH-015,11053,USD,SUCCESS,2026-09-05 02:08:13.020810
PAY-9BD26DE9-4A24,CUST-00064,MERCH-016,5842,EUR,SUCCESS,2026-09-11 10:27:46.020810
PAY-C1C55609-1AEE,CUST-01273,MERCH-010,33588,USD,SUCCESS,2026-09-13 08:06:57.020810
PAY-A42AE564-A68D,CUST-00970,MERCH-043,148341,USD,PENDING,2026-09-07 07:27:51.020810
PAY-CB0A96D9-F987,CUST-00447,MERCH-030,97203,EUR,SUCCESS,2026-09-14 04:44:10.020810
PAY-973F7A20-B67E,CUST-00344,MERCH-039,30524,USD,SUCCESS,2026-10-01 05:41:07.020810
PAY-C8F69A2E-C94C,CUST-00336,MERCH-020,7231,USD,SUCCESS,2026-09-07 00:08:06.020810
PAY-279DC32E-34E7,CUST-00639,MERCH-037,104480,NGN,SUCCESS,2026-09-19 23:27:18.020810
PAY-E729BCF3-2653,CUST-01465,MERCH-013,64161,USD,SUCCESS,2026-09-05 10:43:59.020810
PAY-1CA768F4-8C6A,CUST-00209,MERCH-045,32233,USD,SUCCESS,2026-09-16 09:33:36.020810
PAY-C260EBF2-03DB,CUST-01160,MERCH-003,140155,NGN,SUCCESS,2026-09-18 14:42:45.020810
PAY-9BF40F6E-CA91,CUST-00878,MERCH-043,18576,NGN,PENDING,2026-09-19 17:56:13.020810
PAY-C31438AA-2366,CUST-01037,MERCH-042,3816,USD,SUCCESS,2026-09-18 07:45:14.020810
PAY-722D3B75-03B3,CUST-00861,MERCH-032,114145,USD,SUCCESS,2026-09-06 21:09:09.020810
PAY-9C4B0D8F-FAF6,CUST-00742,MERCH-041,40605,USD,SUCCESS,2026-09-24 01:49:33.020810
PAY-66535BBA-0218,CUST-00892,MERCH-012,71300,USD,SUCCESS,2026-09-27 02:04:11.020810
PAY-A87476B3-05D7,CUST-01262,MERCH-035,122363,GBP,SUCCESS,2026-09-25 05:30:22.020810
PAY-CECDFFA5-A7CF,CUST-00893,MERCH-047,70858,GBP,SUCCESS,2026-09-30 12:28:25.020810
PAY-80BAA45C-CDF3,CUST-00661,MERCH-016,73619,USD,SUCCESS,2026-09-05 23:09:37.020810
PAY-DC2F1CE5-3EB4,CUST-00924,MERCH-016,149882,EUR,PENDING,2026-09-24 07:36:55.020810
PAY-6C7C3727-BBAD,CUST-01250,MERCH-043,88684,EUR,FAILED,2026-09-20 03:44:43.020810
PAY-7F73D36F-8141,CUST-00059,MERCH-032,48168,USD,SUCCESS,2026-09-17 12:51:35.020810
PAY-466D2BCB-6CDC,CUST-00999,MERCH-014,68225,GBP,FAILED,2026-09-18 23:35:30.020810
PAY-ABFC740C-AEEF,CUST-00698,MERCH-018,72922,NGN,SUCCESS,2026-09-30 16:45:42.020810
PAY-5CDEB043-B528,CUST-01139,MERCH-001,50584,USD,FAILED,2026-09-26 20:06:18.020810
PAY-0B022D51-479A,CUST-00176,MERCH-016,128577,USD,PENDING,2026-09-21 11:42:50.020810
PAY-C9D6E049-A9BB,CUST-01138,MERCH-049,125304,GBP,SUCCESS,2026-09-13 10:11:18.020810
PAY-F98EF84B-E0B1,CUST-01323,MERCH-046,117986,GBP,FAILED,2026-09-25 14:02:20.020810
PAY-1E4283DC-5DD0,CUST-00036,MERCH-006,58590,USD,PENDING,2026-09-16 01:00:00.020810
PAY-F46D7CDB-42A1,CUST-00829,MERCH-045,80770,USD,FAILED,2026-09-13 13:39:42.020810
PAY-42FD715E-1FA6,CUST-01360,MERCH-038,124562,USD,PENDING,2026-09-19 16:07:50.020810
PAY-899A0F7F-6632,CUST-01134,MERCH-034,112043,USD,SUCCESS,2026-09-18 10:41:50.020810
PAY-B43BCE55-0987,CUST-01128,MERCH-022,119446,NGN,SUCCESS,2026-09-18 20:04:47.020810
PAY-AA69F958-63DF,CUST-00555,MERCH-020,60934,USD,PENDING,2026-09-13 23:05:50.020810
PAY-3FE6680B-A3A2,CUST-00248,MERCH-047,83219,NGN,SUCCESS,2026-09-11 02:34:04.020810
PAY-87B40653-A524,CUST-00245,MERCH-048,49035,EUR,SUCCESS,2026-09-27 18:31:03.020810
PAY-E791C9F7-98BC,CUST-00393,MERCH-014,72982,USD,SUCCESS,2026-09-25 06:19:23.020810
PAY-F0ED1BE8-8874,CUST-01484,MERCH-038,74686,EUR,FAILED,2026-09-27 05:26:13.020810
PAY-A6FF141A-92E2,CUST-00206,MERCH-013,60133,GBP,FAILED,2026-09-16 03:20:34.020810
PAY-B2947E51-1895,CUST-00740,MERCH-012,4208,USD,SUCCESS,2026-09-16 10:21:29.020810
PAY-3688F63B-930E,CUST-01451,MERCH-035,72409,USD,SUCCESS,2026-09-07 21:40:14.020810
PAY-B579B4FE-897E,CUST-00094,MERCH-004,77081,USD,PENDING,2026-09-28 14:54:02.020810
PAY-F587388F-61AA,CUST-01429,MERCH-009,27392,USD,SUCCESS,2026-09-25 14:06:21.020810
PAY-41452588-285F,CUST-00026,MERCH-037,123549,USD,FAILED,2026-09-15 13:28:12.020810
PAY-C038C491-5386,CUST-00981,MERCH-029,48829,EUR,SUCCESS,2026-09-18 07:08:31.020810
PAY-359F011C-B1A4,CUST-00106,MERCH-017,30407,USD,FAILED,2026-09-24 22:47:08.020810
PAY-4F026B85-852A,CUST-00134,MERCH-026,19920,USD,FAILED,2026-09-25 15:07:01.020810
PAY-CB5E22D4-2386,CUST-01182,MERCH-041,40274,EUR,SUCCESS,2026-09-04 08:38:59.020810
PAY-53D56F6A-2776,CUST-00306,MERCH-037,22829,USD,PENDING,2026-09-16 12:11:05.020810
PAY-7FBA8B5E-4E4F,CUST-00509,MERCH-008,109597,USD,SUCCESS,2026-09-28 20:23:34.020810
PAY-9E0AA9E3-46F1,CUST-01242,MERCH-039,137489,GBP,PENDING,2026-09-12 17:08:07.020810
PAY-C08ECBE9-7138,CUST-00780,MERCH-029,78449,NGN,FAILED,2026-09-23 05:59:53.020810
PAY-46E5C573-8CC1,CUST-01206,MERCH-028,149562,USD,SUCCESS,2026-09-16 13:59:04.020810
PAY-FD8355D4-17E6,CUST-01272,MERCH-004,26513,GBP,SUCCESS,2026-10-01 08:27:44.020810
PAY-10F55134-4282,CUST-00426,MERCH-041,69875,USD,PENDING,2026-09-12 00:03:10.020810
PAY-2FC06E00-5E91,CUST-01353,MERCH-006,63379,USD,SUCCESS,2026-09-09 09:10:32.020810
PAY-2EABCBC0-689F,CUST-00356,MERCH-036,41534,USD,SUCCESS,2026-09-05 09:38:51.020810
PAY-436E5252-7D18,CUST-00006,MERCH-027,123684,USD,SUCCESS,2026-09-23 15:03:56.020810
PAY-F4902BCD-C0E5,CUST-00597,MERCH-003,76024,USD,SUCCESS,2026-09-12 23:52:48.020810
PAY-8E661CB2-37A2,CUST-01448,MERCH-019,19159,EUR,SUCCESS,2026-09-23 19:10:32.020810
PAY-758AB614-DAF1,CUST-01408,MERCH-015,52357,NGN,SUCCESS,2026-09-14 14:25:09.020810
PAY-F9AD5925-2625,CUST-00871,MERCH-008,59432,USD,PENDING,2026-09-28 04:39:07.020810
PAY-7A3592B0-76E5,CUST-01327,MERCH-010,37786,USD,PENDING,2026-09-14 15:40:30.020810
PAY-66726764-CF7D,CUST-00147,MERCH-004,81138,USD,PENDING,2026-09-09 19:30:17.020810
PAY-367D4E8F-7675,CUST-01219,MERCH-048,76157,USD,PENDING,2026-09-29 09:21:54.020810
PAY-FF774D50-739B,CUST-00900,MERCH-008,80215,USD,PENDING,2026-09-24 12:15:48.020810
PAY-84B8048F-6971,CUST-01434,MERCH-026,131695,USD,SUCCESS,2026-09-14 23:22:50.020810
PAY-13669D56-E56F,CUST-01106,MERCH-032,21587,NGN,SUCCESS,2026-09-23 00:13:00.020810
PAY-308BB981-8CFF,CUST-01225,MERCH-003,84994,EUR,SUCCESS,2026-09-22 17:32:26.020810
PAY-3CDAF0EB-05F5,CUST-01237,MERCH-017,24440,USD,SUCCESS,2026-09-03 00:19:32.020810
PAY-896C5FA7-4AAA,CUST-00469,MERCH-044,5938,USD,PENDING,2026-09-29 16:20:46.020810
PAY-1461E4D2-CB9B,CUST-01377,MERCH-018,11046,USD,SUCCESS,2026-09-29 17:34:02.020810
PAY-B82F0AEA-D19C,CUST-00359,MERCH-031,116427,NGN,PENDING,2026-09-26 22:49:39.020810
PAY-2CD4A039-A370,CUST-00570,MERCH-012,114764,USD,SUCCESS,2026-09-30 04:08:57.020810
PAY-407561F4-3BFE,CUST-01301,MERCH-032,123710,USD,SUCCESS,2026-09-06 04:29:45.020810
PAY-FA0A84E8-8FC1,CUST-00713,MERCH-027,84663,USD,SUCCESS,2026-09-17 22:31:23.020810
PAY-DB724941-B14D,CUST-01373,MERCH-007,86956,USD,SUCCESS,2026-09-09 13:33:55.020810
PAY-7D3521BF-3FBA,CUST-00844,MERCH-045,76054,NGN,PENDING,2026-09-25 19:27:14.020810
PAY-7EDE3B58-0A23,CUST-01357,MERCH-026,10119,EUR,SUCCESS,2026-09-28 11:05:59.020810
PAY-7BBDB71B-BDBC,CUST-00932,MERCH-006,66664,USD,FAILED,2026-09-17 00:37:47.020810
PAY-E0131795-9859,CUST-00663,MERCH-008,135398,EUR,SUCCESS,2026-09-21 09:05:20.020810
PAY-ED4B05AC-42A0,CUST-00003,MERCH-043,121604,NGN,FAILED,2026-09-28 02:21:29.020810
PAY-D56A0C9D-28BE,CUST-00847,MERCH-004,136405,NGN,FAILED,2026-09-10 20:44:25.020810
PAY-7DB52477-4333,CUST-00741,MERCH-040,116378,EUR,SUCCESS,2026-09-25 22:58:38.020810
PAY-31A40A98-001D,CUST-00106,MERCH-014,144474,NGN,PENDING,2026-09-14 17:20:02.020810
PAY-C009F4E7-3752,CUST-00269,MERCH-019,127564,USD,SUCCESS,2026-09-23 00:37:59.020810
PAY-3DFD5FD5-127F,CUST-00249,MERCH-002,63230,USD,FAILED,2026-10-01 07:34:39.020810
PAY-B5C230B0-3703,CUST-01454,MERCH-011,144899,NGN,SUCCESS,2026-09-16 20:14:27.020810
PAY-520FB29D-750E,CUST-00029,MERCH-036,24934,USD,SUCCESS,2026-09-21 13:32:03.020810
PAY-768FD95A-1737,CUST-00461,MERCH-008,31293,NGN,FAILED,2026-09-24 03:48:59.020810
PAY-594D7DC7-4F1E,CUST-01327,MERCH-010,77009,GBP,SUCCESS,2026-09-25 22:50:25.020810
PAY-232296E4-9511,CUST-01043,MERCH-046,109418,USD,SUCCESS,2026-09-15 00:45:14.020810
PAY-35E5C013-FC32,CUST-00989,MERCH-031,120243,USD,PENDING,2026-09-13 14:09:28.020810
PAY-535EBD94-8E26,CUST-01129,MERCH-010,50467,GBP,PENDING,2026-09-20 09:06:03.020810
PAY-D5F47798-CBB7,CUST-01228,MERCH-033,18800,NGN,SUCCESS,2026-09-08 09:14:04.020810
PAY-FDF91111-5FC5,CUST-00566,MERCH-050,89596,GBP,PENDING,2026-09-21 21:38:01.020810
PAY-B6702B53-1161,CUST-01040,MERCH-018,74644,GBP,SUCCESS,2026-09-01 21:10:46.020810
PAY-BBE02EBE-69BA,CUST-01487,MERCH-020,128856,USD,SUCCESS,2026-09-30 06:01:22.020810
PAY-1577C33E-0E4B,CUST-00305,MERCH-029,127467,NGN,SUCCESS,2026-09-27 21:40:57.020810
PAY-462A526D-7139,CUST-00707,MERCH-022,142956,USD,SUCCESS,2026-09-28 13:13:16.020810
PAY-3C721FD7-BF37,CUST-00773,MERCH-030,49954,EUR,SUCCESS,2026-09-17 09:05:19.020810
PAY-4C4EA4D6-1BB4,CUST-01429,MERCH-016,100893,USD,SUCCESS,2026-09-29 12:23:00.020810
PAY-44BE2334-48E4,CUST-00479,MERCH-050,11941,USD,FAILED,2026-09-21 16:46:42.020810
PAY-DEFEA62F-F182,CUST-00652,MERCH-048,100437,USD,PENDING,2026-09-24 17:14:53.020810
PAY-17E48D12-1DF4,CUST-00791,MERCH-043,130347,USD,SUCCESS,2026-09-09 03:24:22.020810
PAY-5E55FE17-8FAC,CUST-00076,MERCH-009,87530,GBP,SUCCESS,2026-09-26 03:24:08.020810
PAY-4F8010C5-2BC6,CUST-00206,MERCH-029,138374,USD,SUCCESS,2026-09-06 14:21:48.020810
PAY-0FD0B784-4398,CUST-00936,MERCH-001,107973,GBP,SUCCESS,2026-09-08 18:08:38.020810
PAY-416F7D55-1F0A,CUST-01341,MERCH-010,123574,EUR,SUCCESS,2026-09-05 09:22:19.020810
PAY-FABC1298-82A8,CUST-00543,MERCH-022,21554,USD,SUCCESS,2026-09-21 01:17:32.020810
PAY-18014387-2C88,CUST-00673,MERCH-044,100117,USD,SUCCESS,2026-09-27 15:54:21.020810
PAY-D9437603-B4C6,CUST-00649,MERCH-041,142324,USD,SUCCESS,2026-09-25 10:41:27.020810
PAY-54128878-F2EC,CUST-00074,MERCH-040,62043,NGN,SUCCESS,2026-09-05 01:54:24.020810
PAY-0345435C-F756,CUST-01293,MERCH-044,60134,USD,FAILED,2026-09-15 17:00:41.020810
PAY-DE271168-8F0B,CUST-00186,MERCH-028,26847,USD,SUCCESS,2026-09-06 12:53:07.020810
PAY-97BA7CDA-1A1B,CUST-00909,MERCH-011,8088,GBP,PENDING,2026-09-16 07:05:38.020810
PAY-FB40F773-F7FE,CUST-00095,MERCH-021,77404,USD,PENDING,2026-09-04 11:34:28.020810
PAY-4DF4397B-57F2,CUST-00735,MERCH-024,38660,USD,SUCCESS,2026-09-22 15:58:38.020810
PAY-F48B5D77-6705,CUST-00501,MERCH-034,148854,USD,PENDING,2026-09-21 18:15:57.020810
PAY-702EA9E9-E0D9,CUST-01397,MERCH-012,46393,USD,SUCCESS,2026-09-10 00:14:10.020810
PAY-DEA8ABF8-33D5,CUST-00162,MERCH-040,63632,EUR,SUCCESS,2026-09-20 07:53:14.020810
PAY-F64A9A2D-B28E,CUST-01020,MERCH-038,61366,USD,SUCCESS,2026-09-08 16:56:06.020810
PAY-EA1D29B6-11A8,CUST-00945,MERCH-041,120973,USD,SUCCESS,2026-09-14 02:05:45.020810
PAY-CEA6477A-A3E4,CUST-00523,MERCH-043,122463,USD,SUCCESS,2026-09-02 05:08:22.020810
PAY-5D30F0FA-B4D8,CUST-00590,MERCH-044,41912,USD,SUCCESS,2026-09-28 07:01:25.020810
PAY-6C1DEF7A-355B,CUST-00152,MERCH-029,78921,GBP,SUCCESS,2026-09-18 12:48:14.020810
PAY-2B6467C7-8837,CUST-01309,MERCH-028,120256,EUR,SUCCESS,2026-09-13 21:34:34.020810
PAY-4BAA2D29-DD3E,CUST-00619,MERCH-013,127170,USD,SUCCESS,2026-09-20 10:23:27.020810
PAY-C77276CC-5AFF,CUST-00219,MERCH-016,94598,USD,SUCCESS,2026-09-20 06:30:44.020810
PAY-FF840877-EF8B,CUST-01178,MERCH-019,6251,USD,SUCCESS,2026-09-16 02:09:34.020810
PAY-88EDA370-A811,CUST-01349,MERCH-026,2622,USD,SUCCESS,2026-09-15 01:59:01.020810
PAY-826C279C-1A57,CUST-01160,MERCH-044,130714,USD,SUCCESS,2026-09-04 03:19:53.020810
PAY-2A0CA273-A1EB,CUST-00587,MERCH-050,92858,USD,SUCCESS,2026-09-12 22:17:53.020810
PAY-D07C85C2-60D1,CUST-00449,MERCH-041,66200,USD,FAILED,2026-09-10 23:42:38.020810
PAY-140F1B3E-ABFA,CUST-01389,MERCH-049,25970,EUR,SUCCESS,2026-09-08 09:33:00.020810
PAY-AC3061B0-485A,CUST-01286,MERCH-042,81484,GBP,PENDING,2026-09-03 16:07:17.020810
PAY-1CCBF585-92C3,CUST-00903,MERCH-003,96146,USD,SUCCESS,2026-09-29 21:26:35.020810
PAY-2842045B-D4BC,CUST-01500,MERCH-009,77861,GBP,FAILED,2026-09-06 03:12:13.020810
PAY-16A81C69-E76D,CUST-00670,MERCH-048,46542,USD,SUCCESS,2026-09-21 22:17:13.020810
PAY-45100FE1-E9E3,CUST-00412,MERCH-009,96407,USD,SUCCESS,2026-09-27 22:38:47.020810
PAY-8C1865B1-098A,CUST-01088,MERCH-033,43634,EUR,SUCCESS,2026-09-14 23:42:29.020810
PAY-780BD24B-5D4A,CUST-00527,MERCH-031,89292,USD,FAILED,2026-09-16 02:03:19.020810
PAY-FDD25CF7-93B6,CUST-00236,MERCH-030,37398,USD,SUCCESS,2026-09-05 09:55:15.020810
PAY-AF521C5D-155D,CUST-00463,MERCH-044,146596,EUR,PENDING,2026-09-21 01:12:31.020810
PAY-39F552B5-095B,CUST-00750,MERCH-006,4148,USD,SUCCESS,2026-09-20 21:54:12.020810
PAY-574C62A6-78BA,CUST-00542,MERCH-035,119719,USD,SUCCESS,2026-09-07 18:10:55.020810
PAY-568ACC42-AD8E,CUST-00755,MERCH-044,100383,USD,SUCCESS,2026-09-14 11:37:51.020810
PAY-F0453FBC-A1C2,CUST-01308,MERCH-024,61795,USD,SUCCESS,2026-09-07 00:25:23.020810
PAY-874F1F04-673F,CUST-00966,MERCH-002,86484,USD,SUCCESS,2026-09-29 00:16:40.020810
PAY-4F07DEEA-3ECC,CUST-01250,MERCH-015,122204,USD,SUCCESS,2026-09-04 19:50:38.020810
PAY-9F1227FD-C577,CUST-01436,MERCH-020,31085,USD,PENDING,2026-09-21 13:53:23.020810
PAY-2B299747-679D,CUST-00287,MERCH-003,80287,USD,SUCCESS,2026-09-03 13:32:45.020810
PAY-5E4645D5-44FC,CUST-01009,MERCH-008,62051,GBP,SUCCESS,2026-09-06 11:25:39.020810
PAY-3D43962B-C8AF,CUST-01101,MERCH-009,119419,USD,SUCCESS,2026-09-20 14:59:45.020810
PAY-A7874816-73C8,CUST-00760,MERCH-043,110371,USD,FAILED,2026-09-27 23:33:38.020810
PAY-D7AD5E7F-12D6,CUST-01203,MERCH-048,109259,USD,SUCCESS,2026-09-09 06:13:23.020810
PAY-E1DD5A56-2D4D,CUST-01342,MERCH-007,107485,USD,SUCCESS,2026-09-25 12:19:17.020810
PAY-66BD7BA0-186B,CUST-00573,MERCH-003,57455,EUR,SUCCESS,2026-09-19 17:53:22.020810
PAY-40EBD0FB-8C85,CUST-00909,MERCH-029,95575,USD,PENDING,2026-09-13 05:16:55.020810
PAY-C13A1B6C-7CB1,CUST-00204,MERCH-044,143228,EUR,SUCCESS,2026-09-19 14:10:01.020810
PAY-F2499357-78F0,CUST-01321,MERCH-023,104869,USD,SUCCESS,2026-09-04 16:44:12.020810
PAY-7FA21B41-0E0F,CUST-00566,MERCH-013,119701,USD,SUCCESS,2026-09-07 16:31:01.020810
PAY-1E7E75C5-024F,CUST-00188,MERCH-043,6098,USD,SUCCESS,2026-09-12 01:18:43.020810
PAY-2FF08EEE-860F,CUST-00104,MERCH-022,33510,USD,PENDING,2026-09-13 13:58:08.020810
PAY-FDDD53D8-927B,CUST-01157,MERCH-014,145782,USD,SUCCESS,2026-09-05 02:07:38.020810
PAY-CE9BF188-59FC,CUST-00425,MERCH-038,61579,USD,PENDING,2026-09-12 05:47:32.020810
PAY-6223174B-827E,CUST-00673,MERCH-050,1243,USD,SUCCESS,2026-09-08 22:06:14.020810
PAY-B54F0965-EC20,CUST-00568,MERCH-010,142114,NGN,PENDING,2026-09-08 01:38:33.020810
PAY-E6008C87-BBC2,CUST-00514,MERCH-012,7258,GBP,SUCCESS,2026-09-07 02:15:51.020810
PAY-4ECC63F9-E35A,CUST-00270,MERCH-001,62872,USD,SUCCESS,2026-09-19 03:34:24.020810
PAY-0E475351-E0DC,CUST-01206,MERCH-021,46177,NGN,SUCCESS,2026-09-02 12:34:37.020810
PAY-D07F79CA-89AD,CUST-00544,MERCH-004,110852,USD,SUCCESS,2026-09-07 21:52:30.020810
PAY-969CFE3A-631A,CUST-01078,MERCH-008,125345,GBP,SUCCESS,2026-09-04 20:14:28.020810
PAY-72096F29-0ED0,CUST-00919,MERCH-050,135042,USD,SUCCESS,2026-09-19 07:59:48.020810
PAY-EFC2348F-B82F,CUST-01216,MERCH-007,132578,USD,SUCCESS,2026-09-23 16:48:55.020810
PAY-30729179-35D7,CUST-00454,MERCH-040,137195,USD,SUCCESS,2026-09-03 20:42:53.020810
PAY-E12D753F-D028,CUST-00618,MERCH-030,16445,USD,SUCCESS,2026-09-03 06:29:02.020810
PAY-E9859CE4-D37F,CUST-00981,MERCH-026,28801,USD,SUCCESS,2026-09-22 10:50:08.020810
PAY-1EF0CB79-5184,CUST-01005,MERCH-046,19765,USD,SUCCESS,2026-09-23 06:58:42.020810
PAY-DCFC246A-639C,CUST-00166,MERCH-021,39384,USD,SUCCESS,2026-10-01 06:54:31.020810
PAY-2FDC7362-52AD,CUST-00135,MERCH-009,144248,USD,PENDING,2026-09-15 02:36:27.020810
PAY-D088DC5B-6D8F,CUST-01459,MERCH-021,139582,USD,FAILED,2026-09-20 05:58:35.020810
PAY-DF056DC5-04A2,CUST-00604,MERCH-030,113274,USD,SUCCESS,2026-09-26 07:12:01.020810
PAY-15D226BF-C8C6,CUST-00204,MERCH-045,145029,GBP,SUCCESS,2026-09-07 07:29:34.020810
PAY-C21ED66B-BD12,CUST-01477,MERCH-014,118872,USD,SUCCESS,2026-09-22 15:15:31.020810
PAY-B3C681B7-B1C1,CUST-00468,MERCH-027,119382,USD,PENDING,2026-09-18 05:04:29.020810
PAY-CA895FAA-8ED8,CUST-00817,MERCH-027,82432,GBP,PENDING,2026-09-06 08:58:25.020810
PAY-D6BC3B67-FA7F,CUST-00875,MERCH-021,98620,USD,FAILED,2026-09-14 03:09:32.020810
PAY-823E10FE-C7A6,CUST-00313,MERCH-044,18098,NGN,SUCCESS,2026-09-24 18:45:10.020810
PAY-F80FB49D-B693,CUST-00187,MERCH-006,113713,USD,FAILED,2026-09-06 06:48:42.020810
PAY-D53A2F0B-0054,CUST-00198,MERCH-048,34608,USD,FAILED,2026-09-19 20:21:21.020810
PAY-BE66CAC5-23E2,CUST-01140,MERCH-004,147716,USD,FAILED,2026-09-30 05:28:19.020810
PAY-DDDF302B-8AE5,CUST-01151,MERCH-022,108191,USD,SUCCESS,2026-09-07 16:36:02.020810
PAY-777BD823-938A,CUST-00725,MERCH-043,13986,USD,FAILED,2026-09-22 06:56:52.020810
PAY-110F237E-FAED,CUST-00590,MERCH-039,92681,EUR,SUCCESS,2026-09-16 22:13:12.020810
PAY-5B58BE44-9BE4,CUST-00213,MERCH-037,56268,USD,PENDING,2026-09-26 09:22:09.020810
PAY-1FCABEDF-0F79,CUST-00317,MERCH-043,59284,USD,FAILED,2026-09-25 03:58:55.020810
PAY-BB80CCC1-E1E9,CUST-00222,MERCH-023,96853,USD,SUCCESS,2026-09-28 18:17:13.020810
PAY-A42097F0-9D5B,CUST-00236,MERCH-049,59786,USD,SUCCESS,2026-09-15 06:44:46.020810
PAY-D4B3CC17-14FD,CUST-00879,MERCH-036,146445,EUR,SUCCESS,2026-10-01 13:03:19.020810
PAY-D39E06B2-4DF9,CUST-00054,MERCH-039,8089,USD,PENDING,2026-09-14 17:47:24.020810
PAY-7C5C869C-637A,CUST-00370,MERCH-018,89582,USD,SUCCESS,2026-09-16 18:11:02.020810
PAY-47AD4992-D7FD,CUST-00719,MERCH-001,38052,NGN,SUCCESS,2026-09-10 13:32:37.020810
PAY-D037C29B-ED17,CUST-01160,MERCH-043,18741,USD,PENDING,2026-09-21 05:08:18.020810
PAY-27DD1D55-FB4A,CUST-00291,MERCH-048,24553,EUR,SUCCESS,2026-09-03 05:54:32.020810
PAY-315BAE93-43A7,CUST-01087,MERCH-014,110556,USD,FAILED,2026-09-20 00:29:20.020810
PAY-3F24DDB5-2B60,CUST-00930,MERCH-022,97507,EUR,SUCCESS,2026-09-09 09:35:09.020810
PAY-0C472D90-A518,CUST-00639,MERCH-047,149291,GBP,FAILED,2026-09-17 12:07:27.020810
PAY-2BB00ECE-12F1,CUST-01222,MERCH-006,41284,USD,SUCCESS,2026-09-04 07:29:04.020810
PAY-F9D94CC6-791C,CUST-00323,MERCH-049,13544,USD,FAILED,2026-10-01 18:01:28.020810
PAY-3F446967-8CCA,CUST-01381,MERCH-006,116659,USD,SUCCESS,2026-09-14 23:12:49.020810
PAY-78A1C077-7BD2,CUST-01356,MERCH-028,116379,GBP,PENDING,2026-09-25 08:01:39.020810
PAY-856549C9-E625,CUST-00849,MERCH-018,134808,USD,FAILED,2026-09-12 05:20:48.020810
PAY-7CFEC50C-28C0,CUST-00234,MERCH-023,29569,USD,FAILED,2026-09-22 15:04:35.020810
PAY-E090DA89-D860,CUST-00581,MERCH-044,128067,USD,SUCCESS,2026-09-30 13:14:32.020810
PAY-8316C26D-8BA6,CUST-01080,MERCH-043,12405,GBP,SUCCESS,2026-09-16 17:31:31.020810
PAY-F958E917-CCC7,CUST-00452,MERCH-026,14860,USD,FAILED,2026-09-30 20:27:18.020810
PAY-40DBD3FA-6A38,CUST-00016,MERCH-014,55873,EUR,SUCCESS,2026-09-16 09:22:11.020810
PAY-4001333B-2C42,CUST-00282,MERCH-049,76376,EUR,SUCCESS,2026-09-14 03:53:33.020810
PAY-1B800F59-8684,CUST-00672,MERCH-008,130886,USD,SUCCESS,2026-09-02 03:11:48.020810
PAY-C7398EF5-C386,CUST-00882,MERCH-012,100169,USD,PENDING,2026-09-08 00:42:11.020810
PAY-0BFD28D0-79FD,CUST-01091,MERCH-046,131640,USD,SUCCESS,2026-09-12 22:17:21.020810
PAY-AA160C97-1D9C,CUST-01145,MERCH-043,19394,USD,PENDING,2026-09-18 22:49:31.020810
PAY-852132B5-E0C5,CUST-00814,MERCH-048,114852,USD,SUCCESS,2026-09-03 19:28:35.020810
PAY-4ABA7B84-BA04,CUST-00039,MERCH-030,82566,USD,SUCCESS,2026-09-05 12:54:26.020810
PAY-B9C74154-A500,CUST-01180,MERCH-028,106517,USD,PENDING,2026-09-29 14:14:59.020810
PAY-F4A4CDCF-F759,CUST-01454,MERCH-041,76394,NGN,SUCCESS,2026-09-22 00:50:22.020810
PAY-0CE842E8-1DA3,CUST-00236,MERCH-026,85636,EUR,PENDING,2026-09-02 18:29:25.020810
PAY-2A1785CE-8BA7,CUST-00352,MERCH-040,95357,EUR,SUCCESS,2026-09-24 02:14:33.020810
PAY-C04E11B2-2302,CUST-00181,MERCH-028,64283,USD,SUCCESS,2026-09-06 21:31:49.020810
PAY-324F390A-C6DD,CUST-00893,MERCH-038,137853,USD,FAILED,2026-09-21 04:44:55.020810
PAY-E400EF83-7899,CUST-00162,MERCH-026,89501,NGN,PENDING,2026-09-16 19:41:12.020810
PAY-AB8F266F-37DC,CUST-00454,MERCH-022,20522,USD,SUCCESS,2026-09-09 22:04:46.020810
PAY-A9DEC719-3C95,CUST-01046,MERCH-041,139594,NGN,FAILED,2026-09-07 07:02:29.020810
PAY-E492A1AD-ADBA,CUST-01045,MERCH-013,92538,USD,PENDING,2026-09-18 17:14:33.020810
PAY-CE1CAF6B-92B1,CUST-01490,MERCH-042,62436,GBP,SUCCESS,2026-09-08 22:15:43.020810
PAY-4DF8B05D-8B87,CUST-00211,MERCH-010,52213,USD,SUCCESS,2026-09-14 04:24:55.020810
PAY-06E91D0C-4A30,CUST-00356,MERCH-039,20253,USD,SUCCESS,2026-09-09 04:17:49.020810
PAY-F983C77C-071E,CUST-00363,MERCH-050,122122,GBP,SUCCESS,2026-09-25 17:52:44.020810
PAY-6ADECD77-2457,CUST-01155,MERCH-049,118177,USD,SUCCESS,2026-09-29 21:19:12.020810
PAY-BA1B0BA4-D513,CUST-01395,MERCH-037,83373,USD,PENDING,2026-09-17 10:45:20.020810
PAY-219991EC-64B7,CUST-00310,MERCH-029,123424,USD,SUCCESS,2026-09-05 01:45:00.020810
PAY-86EDB400-EB2A,CUST-00906,MERCH-041,72504,EUR,SUCCESS,2026-09-16 11:00:07.020810
PAY-55EB5E91-2110,CUST-01212,MERCH-004,133495,USD,SUCCESS,2026-09-18 20:13:59.020810
PAY-71C36F61-FF0C,CUST-00152,MERCH-020,118966,USD,SUCCESS,2026-09-24 04:09:35.020810
PAY-9DB6A33F-9872,CUST-00078,MERCH-004,75755,USD,SUCCESS,2026-09-19 15:48:04.020810
PAY-EF172957-31F3,CUST-00158,MERCH-042,133424,NGN,SUCCESS,2026-09-06 03:23:37.020810
PAY-F551E7EC-73B9,CUST-00788,MERCH-030,145810,USD,SUCCESS,2026-09-29 22:19:24.020810
PAY-3D8F5769-F424,CUST-00085,MERCH-029,49845,USD,SUCCESS,2026-09-29 12:13:08.020810
PAY-E4BBB208-12B1,CUST-00659,MERCH-039,131930,USD,PENDING,2026-09-24 20:20:19.020810
PAY-0512998E-6F6B,CUST-00309,MERCH-004,27632,USD,SUCCESS,2026-09-23 15:05:17.020810
PAY-F3335F51-A890,CUST-00704,MERCH-046,132764,USD,PENDING,2026-09-05 20:26:29.020810
PAY-FE9CCFCA-BB64,CUST-01324,MERCH-012,65444,USD,SUCCESS,2026-09-03 15:47:40.020810
PAY-513A44CD-DE5D,CUST-01450,MERCH-029,137881,USD,FAILED,2026-09-23 02:09:15.020810
PAY-36AE5CE3-7689,CUST-01071,MERCH-040,95893,USD,PENDING,2026-09-09 11:08:36.020810
PAY-BD8604F3-7DF8,CUST-00764,MERCH-019,107656,USD,SUCCESS,2026-09-20 13:33:49.020810
PAY-01E5CA22-6421,CUST-00693,MERCH-044,14227,USD,SUCCESS,2026-09-30 18:46:42.020810
PAY-1B0530FF-336C,CUST-01293,MERCH-042,17778,USD,SUCCESS,2026-09-18 00:05:08.020810
PAY-C603499D-759F,CUST-00676,MERCH-007,101835,GBP,SUCCESS,2026-09-28 20:15:54.020810
PAY-73EB8C37-19D0,CUST-00582,MERCH-017,39919,USD,SUCCESS,2026-10-01 00:23:17.020810
PAY-70D89C21-098F,CUST-00683,MERCH-006,37574,USD,SUCCESS,2026-09-30 01:07:53.020810
PAY-6605043C-B5A1,CUST-00717,MERCH-020,34303,USD,SUCCESS,2026-09-20 18:51:17.020810
PAY-1D5B21EB-084D,CUST-01219,MERCH-046,81655,GBP,PENDING,2026-09-05 20:53:44.020810
PAY-87FF92E1-9141,CUST-01145,MERCH-025,34000,USD,SUCCESS,2026-09-17 16:53:37.020810
PAY-9EB64AB2-2C96,CUST-01373,MERCH-045,24998,EUR,SUCCESS,2026-09-27 07:29:00.020810
PAY-759D1000-96D9,CUST-01324,MERCH-043,133797,USD,SUCCESS,2026-09-22 07:29:42.020810
PAY-121FF3E2-D337,CUST-00742,MERCH-002,81467,EUR,SUCCESS,2026-09-19 08:38:51.020810
PAY-0831F87D-C71A,CUST-00370,MERCH-014,127973,USD,SUCCESS,2026-09-18 08:20:16.020810
PAY-A782B2C5-20D8,CUST-00394,MERCH-015,41117,USD,SUCCESS,2026-09-08 10:27:57.020810
PAY-5BB976AE-EC58,CUST-00159,MERCH-019,133587,USD,SUCCESS,2026-09-06 16:01:42.020810
PAY-575FBF46-1D69,CUST-01106,MERCH-048,10395,GBP,SUCCESS,2026-09-27 07:38:40.020810
PAY-2081D8F0-2412,CUST-01356,MERCH-022,99254,EUR,SUCCESS,2026-09-08 02:52:26.020810
PAY-D6FC8552-5247,CUST-00316,MERCH-011,43895,USD,SUCCESS,2026-09-10 12:53:29.020810
PAY-8F8C4340-7987,CUST-01477,MERCH-029,108204,EUR,PENDING,2026-09-03 21:05:46.020810
PAY-34519290-7456,CUST-00747,MERCH-044,116944,GBP,SUCCESS,2026-09-13 06:56:00.020810
PAY-9FDCB69A-F026,CUST-01251,MERCH-019,61842,EUR,SUCCESS,2026-09-23 13:13:47.020810
PAY-8C69F847-0EA3,CUST-01094,MERCH-016,123449,USD,PENDING,2026-09-16 18:44:49.020810
PAY-CDED9969-39CA,CUST-00398,MERCH-024,115999,USD,SUCCESS,2026-09-29 10:46:39.020810
PAY-571161FB-0B8B,CUST-00946,MERCH-050,100605,USD,SUCCESS,2026-09-15 10:28:43.020810
PAY-BDF346F2-EE74,CUST-01030,MERCH-034,42982,USD,SUCCESS,2026-09-22 01:57:57.020810
PAY-11A0D392-5946,CUST-00409,MERCH-039,66036,USD,PENDING,2026-09-08 11:26:12.020810
PAY-7B17B7B2-78E7,CUST-00107,MERCH-042,97811,GBP,SUCCESS,2026-09-25 02:07:10.020810
PAY-73CF1F7C-CAAD,CUST-01136,MERCH-007,33183,USD,SUCCESS,2026-09-26 19:16:07.020810
PAY-264670EF-1F10,CUST-00584,MERCH-006,72010,USD,SUCCESS,2026-09-09 12:58:05.020810
PAY-96F8D64E-B2CD,CUST-00921,MERCH-033,115180,EUR,SUCCESS,2026-09-08 21:51:52.020810
PAY-0E49B679-CD42,CUST-00188,MERCH-015,92141,USD,SUCCESS,2026-09-23 15:47:34.020810
PAY-45D7D33F-904C,CUST-00055,MERCH-027,104428,USD,PENDING,2026-09-04 08:14:22.020810
PAY-62861461-91CF,CUST-01029,MERCH-024,101731,GBP,SUCCESS,2026-09-13 04:53:31.020810
PAY-B7936E55-C1A9,CUST-00168,MERCH-024,7889,GBP,SUCCESS,2026-09-12 15:47:50.020810
PAY-7A57004E-C601,CUST-00653,MERCH-007,38785,GBP,FAILED,2026-09-18 00:49:56.020810
PAY-95C670FF-860F,CUST-00282,MERCH-003,124351,USD,SUCCESS,2026-09-15 16:25:46.020810
PAY-3586121F-CE86,CUST-01426,MERCH-009,118098,USD,SUCCESS,2026-09-24 12:44:37.020810
PAY-61DF2655-6DD8,CUST-01261,MERCH-001,5481,EUR,SUCCESS,2026-09-05 14:29:43.020810
PAY-3B6C7BCC-2F99,CUST-00525,MERCH-014,144365,USD,FAILED,2026-09-09 00:23:37.020810
PAY-B3AAB96D-0EF8,CUST-01490,MERCH-039,111453,NGN,SUCCESS,2026-09-27 09:05:21.020810
PAY-B2AF437F-7694,CUST-00228,MERCH-050,62795,USD,SUCCESS,2026-09-15 17:51:12.020810
PAY-829F2A95-731B,CUST-00617,MERCH-008,63005,USD,PENDING,2026-09-04 01:49:22.020810
PAY-49448456-E60F,CUST-00860,MERCH-041,16964,USD,SUCCESS,2026-09-23 22:46:00.020810
PAY-8A066523-CBEA,CUST-00228,MERCH-032,141023,USD,SUCCESS,2026-09-30 17:26:31.020810
PAY-BB7F2679-C184,CUST-00034,MERCH-041,63922,EUR,FAILED,2026-09-26 18:38:49.020810
PAY-F4733109-99C0,CUST-01472,MERCH-010,113022,USD,SUCCESS,2026-09-15 21:32:50.020810
PAY-270E2E6E-B0EE,CUST-00004,MERCH-040,63562,USD,PENDING,2026-09-18 21:15:04.020810
PAY-32F46AA0-B0FB,CUST-01169,MERCH-027,22943,GBP,SUCCESS,2026-09-10 20:25:38.020810
PAY-FDCDB6DE-3F6A,CUST-01073,MERCH-024,138403,EUR,SUCCESS,2026-09-05 01:02:34.020810
PAY-09D58096-B1B8,CUST-01115,MERCH-033,145767,USD,PENDING,2026-09-26 09:36:50.020810
PAY-26F379F3-0079,CUST-00042,MERCH-025,11912,USD,SUCCESS,2026-09-24 13:56:16.020810
PAY-97E47AA1-BA2C,CUST-01302,MERCH-025,66992,USD,SUCCESS,2026-09-19 21:07:10.020810
PAY-8A035ED5-73F1,CUST-00034,MERCH-023,90887,USD,FAILED,2026-09-05 00:54:12.020810
PAY-E3D10402-E1BC,CUST-00494,MERCH-047,87667,USD,SUCCESS,2026-09-06 18:58:04.020810
PAY-5992C0E1-ECBB,CUST-00274,MERCH-003,143634,USD,SUCCESS,2026-09-18 20:38:56.020810
PAY-3E3D6F7E-967A,CUST-00694,MERCH-042,122298,USD,SUCCESS,2026-09-10 06:11:04.020810
PAY-CB6FEBA4-294D,CUST-01425,MERCH-031,35850,EUR,SUCCESS,2026-09-10 14:33:36.020810
PAY-C654E909-754D,CUST-00130,MERCH-046,10195,USD,SUCCESS,2026-09-23 23:25:34.020810
PAY-231C0DFD-19A3,CUST-00601,MERCH-013,52789,EUR,PENDING,2026-09-03 21:13:43.020810
PAY-E48DDEE6-1865,CUST-00086,MERCH-021,135604,EUR,SUCCESS,2026-09-16 19:27:19.020810
PAY-ACB8CAB2-681E,CUST-00816,MERCH-035,66904,USD,SUCCESS,2026-09-24 17:44:29.020810
PAY-3E603E6D-F967,CUST-00075,MERCH-049,75502,USD,SUCCESS,2026-09-11 00:50:32.020810
PAY-30F5A295-64C9,CUST-00732,MERCH-050,87512,USD,SUCCESS,2026-09-04 01:53:11.020810
PAY-8B199B0B-9670,CUST-00560,MERCH-008,115044,USD,FAILED,2026-09-19 14:57:51.020810
PAY-77A84089-BC53,CUST-00820,MERCH-048,101856,USD,SUCCESS,2026-09-23 02:31:16.020810
PAY-176A1095-C313,CUST-00695,MERCH-012,130922,EUR,SUCCESS,2026-09-25 20:18:34.020810
PAY-C5F3EDE8-C3DE,CUST-00753,MERCH-034,22156,EUR,SUCCESS,2026-09-14 16:56:34.020810
PAY-72DBDD45-1374,CUST-01490,MERCH-028,113381,USD,FAILED,2026-09-05 14:08:50.020810
PAY-9A48FA5A-A4EB,CUST-01234,MERCH-012,77509,GBP,SUCCESS,2026-09-28 05:42:52.020810
PAY-2BFA97FD-431E,CUST-00658,MERCH-007,86462,USD,SUCCESS,2026-09-05 15:28:40.020810
PAY-EE51C014-81E5,CUST-01354,MERCH-019,117394,USD,SUCCESS,2026-09-16 15:17:03.020810
PAY-3345BFAB-9D2B,CUST-01235,MERCH-046,44184,NGN,SUCCESS,2026-09-22 10:39:07.020810
PAY-931C5777-C0A2,CUST-01413,MERCH-029,117712,NGN,SUCCESS,2026-09-18 19:46:21.020810
PAY-A858DA89-4571,CUST-00087,MERCH-047,114517,USD,SUCCESS,2026-09-18 20:57:07.020810
PAY-67663CF3-A1F0,CUST-00563,MERCH-041,20171,GBP,FAILED,2026-09-04 13:01:04.020810
PAY-32DA0AA4-A938,CUST-01375,MERCH-041,95739,GBP,SUCCESS,2026-09-21 11:27:36.020810
PAY-B40167A4-4852,CUST-01051,MERCH-048,8663,EUR,FAILED,2026-09-09 12:35:19.020810
PAY-EF7C789C-A421,CUST-00293,MERCH-039,9622,USD,SUCCESS,2026-09-23 00:41:57.020810
PAY-3E192620-BBAD,CUST-00259,MERCH-005,96530,USD,PENDING,2026-09-13 05:08:43.020810
PAY-CE5BDC27-A34F,CUST-00742,MERCH-025,8989,NGN,SUCCESS,2026-09-29 07:04:43.020810
PAY-99D8B86E-563C,CUST-01240,MERCH-010,97746,EUR,PENDING,2026-09-23 14:23:19.020810
PAY-53741BDD-98E6,CUST-00762,MERCH-029,36595,USD,SUCCESS,2026-09-05 11:46:07.020810
PAY-FF96FF57-766F,CUST-01085,MERCH-024,82914,NGN,SUCCESS,2026-09-21 01:56:02.020810
PAY-3110D9C2-A6EB,CUST-01331,MERCH-018,30239,EUR,SUCCESS,2026-09-13 21:00:34.020810
PAY-FBCB132B-2C89,CUST-00054,MERCH-048,131321,NGN,PENDING,2026-09-10 18:57:09.020810
PAY-E8117E7E-6689,CUST-01061,MERCH-025,31370,NGN,SUCCESS,2026-09-29 00:35:13.020810
PAY-E75B8BF3-96A1,CUST-00537,MERCH-050,117487,GBP,FAILED,2026-09-14 09:27:01.020810
PAY-DDAC95E9-E2BD,CUST-00440,MERCH-040,129265,USD,FAILED,2026-09-15 14:54:43.020810
PAY-4DDB617D-8FD3,CUST-00410,MERCH-008,19912,USD,SUCCESS,2026-09-08 08:19:33.020810
PAY-F280004F-54B6,CUST-00926,MERCH-012,23513,USD,SUCCESS,2026-09-23 08:46:58.020810
PAY-73190932-AF8D,CUST-01397,MERCH-021,17523,USD,SUCCESS,2026-09-18 14:58:14.020810
PAY-956950BD-CA2C,CUST-01127,MERCH-035,79131,USD,FAILED,2026-09-15 20:29:14.020810
PAY-86717506-C775,CUST-00323,MERCH-046,95263,USD,SUCCESS,2026-09-10 05:01:17.020810
PAY-613746D6-F754,CUST-01042,MERCH-015,53185,USD,FAILED,2026-09-07 15:35:18.020810
PAY-1F023295-0748,CUST-00285,MERCH-016,7390,USD,SUCCESS,2026-09-25 17:46:05.020810
PAY-C4A61E16-2BCC,CUST-00740,MERCH-036,97207,GBP,SUCCESS,2026-09-29 12:56:32.020810
PAY-169D3BC6-FB8F,CUST-00958,MERCH-036,23100,USD,SUCCESS,2026-09-08 01:23:06.020810
PAY-A0C307F7-5838,CUST-00135,MERCH-020,125979,GBP,SUCCESS,2026-09-21 02:04:50.020810
PAY-48C90107-9ACE,CUST-01077,MERCH-027,19833,GBP,SUCCESS,2026-09-21 15:12:55.020810
PAY-D344C420-BD64,CUST-00257,MERCH-021,118458,NGN,FAILED,2026-09-05 08:35:57.020810
PAY-EEC33258-46B2,CUST-00955,MERCH-044,90812,NGN,SUCCESS,2026-09-26 20:57:32.020810
PAY-6B86D9F1-C275,CUST-00263,MERCH-050,48200,GBP,SUCCESS,2026-09-28 12:30:21.020810
PAY-B3F5588B-CC58,CUST-00265,MERCH-028,15026,USD,SUCCESS,2026-09-26 04:04:10.020810
PAY-926CC9C7-F5F3,CUST-00255,MERCH-034,80224,GBP,PENDING,2026-09-09 04:28:00.020810
PAY-7DBDDCCB-D909,CUST-00338,MERCH-011,59605,GBP,SUCCESS,2026-09-17 10:07:04.020810
PAY-61F55BB6-9AF6,CUST-00709,MERCH-034,21172,USD,FAILED,2026-09-15 13:07:51.020810
PAY-B8D103CC-FA61,CUST-00514,MERCH-013,72445,USD,SUCCESS,2026-09-28 11:58:03.020810
PAY-87B7C5F9-694A,CUST-00257,MERCH-041,140348,USD,SUCCESS,2026-09-16 11:00:25.020810
PAY-F9E2DE65-0835,CUST-00192,MERCH-033,40921,USD,SUCCESS,2026-09-09 22:39:57.020810
PAY-AC32D2F0-3078,CUST-00351,MERCH-043,89004,USD,SUCCESS,2026-10-01 03:13:43.020810
PAY-20ADAE55-AE5E,CUST-01155,MERCH-003,21792,NGN,SUCCESS,2026-09-03 03:14:54.020810
PAY-45642CC8-BAAE,CUST-00094,MERCH-042,69877,USD,SUCCESS,2026-09-29 18:10:40.020810
PAY-4615DE96-53AD,CUST-01334,MERCH-014,109705,USD,PENDING,2026-09-29 12:46:44.020810
PAY-B7D2FB26-47DF,CUST-01266,MERCH-041,131057,GBP,SUCCESS,2026-09-03 05:28:35.020810
PAY-512758B4-6CFD,CUST-01285,MERCH-035,79692,USD,PENDING,2026-09-15 19:40:57.020810
PAY-2E3C3C7A-D5AC,CUST-00990,MERCH-016,78470,NGN,SUCCESS,2026-09-21 11:19:22.020810
PAY-2CC30428-5C0F,CUST-00929,MERCH-005,41939,EUR,SUCCESS,2026-09-04 15:59:40.020810
PAY-2AB7B913-2937,CUST-00901,MERCH-027,122250,NGN,SUCCESS,2026-09-25 06:23:03.020810
PAY-CCCF1355-4558,CUST-00418,MERCH-022,38161,NGN,SUCCESS,2026-10-01 05:00:04.020810
PAY-D349BDB1-E4E6,CUST-00641,MERCH-046,91036,EUR,SUCCESS,2026-09-17 06:13:17.020810
PAY-570E03CD-28A6,CUST-00817,MERCH-009,135498,USD,SUCCESS,2026-09-19 17:54:05.020810
PAY-B1D08CF3-8F6C,CUST-01151,MERCH-007,63870,USD,SUCCESS,2026-09-17 05:59:16.020810
PAY-2FAEF439-7AA4,CUST-00956,MERCH-008,118358,GBP,SUCCESS,2026-09-14 17:49:04.020810
PAY-FFD19982-FB66,CUST-00508,MERCH-010,13765,USD,PENDING,2026-09-06 10:59:04.020810
PAY-75BB74D7-D1C5,CUST-00595,MERCH-025,110111,GBP,PENDING,2026-10-01 15:09:27.020810
PAY-AAABEF51-BC43,CUST-00509,MERCH-011,82476,NGN,SUCCESS,2026-09-17 15:40:52.020810
PAY-29F07BE4-B749,CUST-00389,MERCH-049,131117,USD,FAILED,2026-09-09 11:50:17.020810
PAY-2A16D79C-8EBA,CUST-01055,MERCH-030,81382,EUR,SUCCESS,2026-09-25 23:17:16.020810
PAY-7306B515-87B5,CUST-01019,MERCH-002,103586,GBP,SUCCESS,2026-09-06 03:06:20.020810
PAY-24939A72-E44C,CUST-01036,MERCH-030,56898,USD,SUCCESS,2026-09-13 10:39:36.020810
PAY-94927CF7-F8A6,CUST-01195,MERCH-023,13748,USD,SUCCESS,2026-09-04 02:52:54.020810
PAY-342A0EF6-FD65,CUST-00577,MERCH-032,123861,USD,PENDING,2026-09-30 18:21:02.020810
PAY-E3461F89-2A69,CUST-00586,MERCH-035,28679,USD,SUCCESS,2026-09-02 03:43:05.020810
PAY-FB7C1962-D719,CUST-00883,MERCH-009,96386,GBP,PENDING,2026-09-14 14:19:26.020810
PAY-FBFD7A85-9762,CUST-00826,MERCH-024,105510,GBP,FAILED,2026-09-03 22:54:07.020810
PAY-7F77DB71-2591,CUST-00105,MERCH-037,51527,EUR,SUCCESS,2026-09-29 00:45:17.020810
PAY-C9325C36-1D69,CUST-00743,MERCH-036,19775,USD,SUCCESS,2026-09-15 18:26:10.020810
PAY-57CC0C12-A6F5,CUST-00792,MERCH-033,144641,USD,SUCCESS,2026-09-23 14:53:30.020810
PAY-58F34738-9CBB,CUST-00573,MERCH-040,31645,EUR,SUCCESS,2026-10-01 10:06:27.020810
PAY-1C2FBB1E-3712,CUST-00264,MERCH-007,98331,USD,SUCCESS,2026-09-20 21:07:18.020810
PAY-D4D235B9-01FA,CUST-00695,MERCH-036,38318,EUR,SUCCESS,2026-09-19 12:09:11.020810
PAY-6789434D-F154,CUST-00408,MERCH-039,105721,GBP,SUCCESS,2026-09-26 11:21:41.020810
PAY-379549F2-077E,CUST-01025,MERCH-003,10701,USD,SUCCESS,2026-09-03 22:58:23.020810
PAY-E21A92B4-838B,CUST-00281,MERCH-046,124689,GBP,SUCCESS,2026-09-17 22:12:40.020810
PAY-09047234-6111,CUST-01064,MERCH-030,135636,EUR,SUCCESS,2026-09-08 23:43:09.020810
PAY-C5275AE9-BB33,CUST-00287,MERCH-021,84000,USD,PENDING,2026-10-01 12:28:01.020810
PAY-241246C0-B3F3,CUST-00333,MERCH-026,78942,GBP,SUCCESS,2026-10-01 16:27:57.020810
PAY-12E8A59F-4A01,CUST-01216,MERCH-022,134118,GBP,PENDING,2026-09-26 09:15:20.020810
PAY-D400737F-B5E5,CUST-01091,MERCH-032,79088,EUR,FAILED,2026-09-29 02:02:42.020810
PAY-AD9C4048-E755,CUST-00973,MERCH-002,87332,EUR,SUCCESS,2026-09-19 15:21:31.020810
PAY-FF9F5514-3040,CUST-01380,MERCH-008,81155,EUR,FAILED,2026-09-21 23:29:43.020810
PAY-B2EC349B-CE06,CUST-01486,MERCH-045,124910,USD,PENDING,2026-09-03 01:14:13.020810
PAY-2672921E-7849,CUST-00544,MERCH-042,60149,GBP,SUCCESS,2026-09-29 20:09:44.020810
PAY-57136A9F-5B0A,CUST-01478,MERCH-004,126446,GBP,SUCCESS,2026-09-30 02:02:41.020810
PAY-B57DE9F7-D8F5,CUST-00350,MERCH-034,39238,USD,FAILED,2026-09-20 05:08:40.020810
PAY-5217B45D-7A0E,CUST-01395,MERCH-016,29308,USD,FAILED,2026-09-03 06:58:23.020810
PAY-E196F553-2E26,CUST-00391,MERCH-002,82732,GBP,SUCCESS,2026-09-23 04:02:16.020810
PAY-130897B6-0B73,CUST-00858,MERCH-010,53948,USD,SUCCESS,2026-09-21 19:19:27.020810
PAY-B47FEA3A-E79D,CUST-00841,MERCH-033,124128,EUR,PENDING,2026-10-01 10:36:51.020810
PAY-BC1B56D0-F1F1,CUST-01490,MERCH-004,136469,EUR,SUCCESS,2026-09-08 11:04:06.020810
PAY-6795B82C-2E78,CUST-00425,MERCH-036,125902,EUR,SUCCESS,2026-09-17 12:54:03.020810
PAY-B6D9CA63-194E,CUST-01077,MERCH-025,45898,GBP,SUCCESS,2026-09-16 23:44:20.020810
PAY-E9AAAD5F-249A,CUST-00942,MERCH-035,143702,GBP,SUCCESS,2026-09-18 09:01:50.020810
PAY-0550879F-27E1,CUST-00726,MERCH-044,127424,NGN,SUCCESS,2026-09-14 14:11:42.020810
PAY-A4E07CC9-97EE,CUST-00394,MERCH-016,146799,EUR,PENDING,2026-09-15 07:15:24.020810
PAY-09C5056F-CC77,CUST-00612,MERCH-015,76260,USD,PENDING,2026-09-16 04:56:12.020810
PAY-3416F882-5E31,CUST-01444,MERCH-014,83610,EUR,SUCCESS,2026-09-25 11:55:14.020810
PAY-17C15ED8-5C9D,CUST-00983,MERCH-023,72185,USD,FAILED,2026-09-28 23:12:22.020810
PAY-E43FC012-B771,CUST-00590,MERCH-008,142894,USD,SUCCESS,2026-09-29 14:20:23.020810
PAY-3D54C863-3439,CUST-00778,MERCH-026,38897,USD,SUCCESS,2026-09-18 12:18:06.020810
PAY-3583222B-7273,CUST-00595,MERCH-003,21217,USD,PENDING,2026-09-15 17:18:16.020810
PAY-F25A3388-6D1F,CUST-00710,MERCH-029,126087,NGN,PENDING,2026-09-14 04:58:10.020810
PAY-59621865-5655,CUST-00439,MERCH-013,71575,EUR,SUCCESS,2026-09-27 21:40:46.020810
PAY-A2C465E7-38B2,CUST-01152,MERCH-045,36485,GBP,SUCCESS,2026-09-14 22:39:10.020810
PAY-DFF30BC8-165F,CUST-00224,MERCH-040,63226,USD,SUCCESS,2026-09-30 05:53:52.020810
PAY-FBCEF369-5A25,CUST-00497,MERCH-004,59658,USD,FAILED,2026-09-27 12:53:56.020810
PAY-04E406B2-72EE,CUST-01307,MERCH-015,26766,EUR,SUCCESS,2026-09-04 07:20:50.020810
PAY-DB92F8F5-C8C0,CUST-00847,MERCH-022,26857,USD,PENDING,2026-09-24 16:34:52.020810
PAY-987086E8-11FC,CUST-01396,MERCH-050,1858,USD,SUCCESS,2026-09-08 10:21:05.020810
PAY-1E551559-E566,CUST-01128,MERCH-011,125201,USD,FAILED,2026-09-21 12:16:20.020810
PAY-18EDE5AA-116A,CUST-00978,MERCH-042,75799,EUR,SUCCESS,2026-09-11 10:34:25.020810
PAY-FAC75E9D-2C57,CUST-00658,MERCH-019,23951,USD,SUCCESS,2026-09-04 15:07:12.020810
PAY-8CC8CF1B-24FF,CUST-01336,MERCH-037,140786,EUR,SUCCESS,2026-09-13 00:44:49.020810
PAY-2E383ED4-BC9F,CUST-01481,MERCH-003,110046,NGN,SUCCESS,2026-09-10 06:09:21.020810
PAY-C1017113-7FCC,CUST-00361,MERCH-003,130361,USD,PENDING,2026-09-21 00:43:22.020810
PAY-2FFDB409-439B,CUST-00382,MERCH-048,10321,USD,SUCCESS,2026-09-15 19:26:39.020810
PAY-045B6889-6376,CUST-00019,MERCH-020,28628,USD,SUCCESS,2026-09-29 07:54:51.020810
PAY-4587E7E1-D4AC,CUST-00687,MERCH-019,142922,NGN,SUCCESS,2026-09-23 19:32:45.020810
PAY-F53344EB-AF72,CUST-01074,MERCH-032,132676,GBP,SUCCESS,2026-09-08 06:32:42.020810
PAY-F88F6360-C155,CUST-00959,MERCH-018,30029,USD,SUCCESS,2026-09-11 02:49:56.020810
PAY-F0513A9E-2479,CUST-00678,MERCH-011,67940,EUR,SUCCESS,2026-09-24 00:51:53.020810
PAY-F45C154B-7C11,CUST-01472,MERCH-012,88871,GBP,SUCCESS,2026-09-02 10:36:00.020810
PAY-ACB625F4-205D,CUST-00605,MERCH-037,46504,NGN,SUCCESS,2026-09-11 03:14:24.020810
PAY-B8B1E952-4CB2,CUST-01252,MERCH-041,112619,GBP,FAILED,2026-09-21 10:37:16.020810
PAY-D680C62C-C038,CUST-01056,MERCH-021,105576,GBP,FAILED,2026-09-05 23:14:51.020810
PAY-BC3F281F-135E,CUST-01371,MERCH-007,37360,GBP,SUCCESS,2026-09-10 17:28:35.020810
PAY-8235B098-1956,CUST-00978,MERCH-021,2290,USD,SUCCESS,2026-09-13 19:11:11.020810
PAY-A8BC4969-7A7B,CUST-00535,MERCH-025,117609,NGN,SUCCESS,2026-09-13 04:35:34.020810
PAY-CEC71DE6-456F,CUST-00547,MERCH-022,3497,GBP,SUCCESS,2026-09-16 09:58:59.020810
PAY-7478211B-87F8,CUST-00536,MERCH-042,62445,USD,SUCCESS,2026-09-19 05:05:57.020810
PAY-EC27936E-C3AD,CUST-00128,MERCH-043,122500,EUR,SUCCESS,2026-09-07 11:55:57.020810
PAY-9CF5FAD5-7C18,CUST-00629,MERCH-011,132232,USD,SUCCESS,2026-09-21 10:32:07.020810
PAY-85039F40-068B,CUST-01441,MERCH-050,31279,USD,SUCCESS,2026-09-16 20:30:23.020810
PAY-4A1CC265-5FEA,CUST-01309,MERCH-019,58394,USD,FAILED,2026-09-19 14:24:37.020810
PAY-F4F946E4-6AA2,CUST-00449,MERCH-009,40656,USD,SUCCESS,2026-09-24 23:18:47.020810
PAY-77F255C4-A61F,CUST-00932,MERCH-048,98443,USD,SUCCESS,2026-10-01 03:55:40.020810
PAY-16398BA6-2887,CUST-00852,MERCH-045,123924,USD,SUCCESS,2026-09-28 10:05:43.020810
PAY-76EBE0D7-C6F5,CUST-01101,MERCH-043,65371,EUR,SUCCESS,2026-09-12 08:39:31.020810
PAY-B6AA460B-85B7,CUST-01394,MERCH-049,21961,EUR,PENDING,2026-09-30 16:21:53.020810
PAY-2AA1EF89-DBD1,CUST-01077,MERCH-029,95339,GBP,SUCCESS,2026-09-27 09:33:25.020810
PAY-898943B9-DB0C,CUST-00160,MERCH-037,16689,USD,SUCCESS,2026-09-07 04:55:24.020810
PAY-A3EE5555-4760,CUST-01122,MERCH-033,141182,USD,PENDING,2026-09-11 13:43:13.020810
PAY-EE587784-AF27,CUST-00307,MERCH-011,136904,USD,SUCCESS,2026-09-17 16:28:32.020810
PAY-BFCFA025-DA2F,CUST-00905,MERCH-008,128643,EUR,FAILED,2026-09-11 17:30:03.020810
PAY-F29651C7-EC40,CUST-00187,MERCH-033,15084,USD,SUCCESS,2026-09-23 09:12:56.020810
PAY-47BD12D2-8D16,CUST-00929,MERCH-009,109401,USD,SUCCESS,2026-09-26 16:10:04.020810
PAY-6262C551-082D,CUST-00936,MERCH-037,146985,USD,SUCCESS,2026-09-04 13:27:32.020810
PAY-5105F103-053D,CUST-00947,MERCH-044,6206,USD,SUCCESS,2026-09-16 17:14:03.020810
PAY-FF5B18C6-BF3B,CUST-00811,MERCH-017,57621,USD,SUCCESS,2026-09-01 21:42:14.020810
PAY-48D8AFAE-1552,CUST-01185,MERCH-005,111569,USD,SUCCESS,2026-09-03 22:57:26.020810
PAY-B8FFD51D-53C4,CUST-00706,MERCH-045,142362,GBP,SUCCESS,2026-09-04 20:28:35.020810
PAY-4FBCD890-8107,CUST-00124,MERCH-005,8819,USD,SUCCESS,2026-09-24 16:11:37.020810
PAY-280E417F-22D1,CUST-00588,MERCH-027,36001,EUR,FAILED,2026-09-10 11:53:03.020810
PAY-F8B0C43E-B5DF,CUST-01314,MERCH-047,98662,USD,PENDING,2026-09-22 03:56:52.020810
PAY-3B86371C-E6A4,CUST-00784,MERCH-029,98973,USD,SUCCESS,2026-09-20 02:00:21.020810
PAY-C9AD81F6-D7CB,CUST-00165,MERCH-044,35362,EUR,PENDING,2026-09-27 22:31:16.020810
PAY-1735934E-9A1A,CUST-01339,MERCH-023,47285,EUR,FAILED,2026-09-07 12:24:30.020810
PAY-6C319445-FA3B,CUST-01101,MERCH-026,33883,USD,FAILED,2026-09-27 10:20:13.020810
PAY-3B632D96-4A90,CUST-01491,MERCH-015,6459,USD,PENDING,2026-09-01 22:14:15.020810
PAY-898D6764-79FB,CUST-00612,MERCH-030,111682,USD,FAILED,2026-09-28 04:30:56.020810
PAY-3710C2BF-A381,CUST-01090,MERCH-025,65383,USD,SUCCESS,2026-09-12 21:46:07.020810
PAY-947D06D4-6FB5,CUST-00944,MERCH-023,72759,USD,FAILED,2026-09-09 06:55:13.020810
PAY-FCB5860C-B0A0,CUST-00387,MERCH-047,8945,USD,SUCCESS,2026-09-07 05:39:51.020810
PAY-1D7B6AAF-5EE0,CUST-01353,MERCH-027,4601,USD,SUCCESS,2026-10-01 14:37:41.020810
PAY-1B0A73AC-F8F7,CUST-00493,MERCH-014,26949,GBP,SUCCESS,2026-09-05 00:35:25.020810
PAY-2CEAD4A4-3EA7,CUST-01217,MERCH-003,13260,NGN,SUCCESS,2026-09-23 10:19:56.020810
PAY-74521465-BDB8,CUST-00502,MERCH-048,105951,USD,FAILED,2026-09-03 21:43:49.020810
PAY-F64CFD58-E6CF,CUST-00899,MERCH-015,57455,EUR,SUCCESS,2026-09-27 23:03:23.020810
PAY-234BB77D-673A,CUST-00116,MERCH-009,76328,USD,FAILED,2026-09-26 05:16:19.020810
PAY-F34A94AA-417D,CUST-00480,MERCH-047,84098,USD,PENDING,2026-09-29 17:24:28.020810
PAY-DACC1C22-6A97,CUST-01183,MERCH-039,62602,NGN,SUCCESS,2026-09-17 07:47:33.020810
PAY-9F6F4D18-159B,CUST-00619,MERCH-010,58445,USD,SUCCESS,2026-09-27 01:29:32.020810
PAY-15F76957-7E85,CUST-00847,MERCH-020,16479,USD,SUCCESS,2026-09-15 02:46:06.020810
PAY-2155DCB9-70F4,CUST-01141,MERCH-038,112488,USD,SUCCESS,2026-09-10 06:14:08.020810
PAY-8D4E317C-8C5B,CUST-01139,MERCH-032,90786,GBP,FAILED,2026-09-04 00:48:53.020810
PAY-C7EC16EE-1405,CUST-01318,MERCH-043,137984,EUR,SUCCESS,2026-09-20 06:16:05.020810
PAY-35DFE01F-95FB,CUST-00653,MERCH-045,107522,USD,SUCCESS,2026-09-21 23:14:39.020810
PAY-4512B73A-73AB,CUST-00306,MERCH-020,48702,NGN,SUCCESS,2026-09-20 00:47:55.020810
PAY-F705E372-F206,CUST-01102,MERCH-031,59572,GBP,SUCCESS,2026-09-13 10:56:20.020810
PAY-DAF4A550-3DEC,CUST-00616,MERCH-046,121879,USD,FAILED,2026-09-08 18:22:22.020810
PAY-272EF488-2B8D,CUST-00119,MERCH-036,109685,USD,PENDING,2026-09-21 18:59:41.020810
PAY-C666D6B0-EAB1,CUST-01142,MERCH-034,102321,NGN,SUCCESS,2026-09-08 06:25:12.020810
PAY-E21B51AB-5A99,CUST-00498,MERCH-017,87076,USD,SUCCESS,2026-09-11 15:05:43.020810
PAY-44507F25-9B75,CUST-01325,MERCH-006,97775,NGN,SUCCESS,2026-09-23 14:13:49.020810
PAY-0A1F48D1-F5FD,CUST-00190,MERCH-035,14010,EUR,SUCCESS,2026-09-11 00:07:04.020810
PAY-029569DA-5618,CUST-00550,MERCH-025,10867,EUR,SUCCESS,2026-10-01 03:01:52.020810
PAY-3DBE5735-8077,CUST-00150,MERCH-013,146999,EUR,PENDING,2026-09-30 06:46:31.020810
PAY-FE8EF216-9C17,CUST-00445,MERCH-031,87784,USD,SUCCESS,2026-09-11 21:33:51.020810
PAY-22CF2519-A71F,CUST-00621,MERCH-001,50313,NGN,SUCCESS,2026-09-12 00:57:53.020810
PAY-EC018791-DD6C,CUST-00241,MERCH-048,64094,GBP,SUCCESS,2026-09-25 00:10:26.020810
PAY-D057BD43-E9A1,CUST-01425,MERCH-039,104474,USD,PENDING,2026-09-11 16:27:57.020810
PAY-4348A7AB-6976,CUST-00491,MERCH-036,74702,USD,SUCCESS,2026-09-17 08:53:58.020810
PAY-748FA324-8672,CUST-00780,MERCH-030,94677,USD,SUCCESS,2026-09-27 15:56:17.020810
PAY-00FD7649-34FA,CUST-00632,MERCH-017,134931,USD,SUCCESS,2026-09-19 05:12:25.020810
PAY-2B450ACF-B87D,CUST-01019,MERCH-030,123574,NGN,SUCCESS,2026-09-06 13:04:39.020810
PAY-8167ADC9-118C,CUST-00656,MERCH-014,82530,EUR,SUCCESS,2026-09-19 18:05:36.020810
PAY-C2FF8F96-BC14,CUST-00848,MERCH-003,58505,GBP,SUCCESS,2026-09-29 01:34:46.020810
PAY-F1F2EB08-6B94,CUST-00299,MERCH-002,145547,NGN,SUCCESS,2026-09-14 10:00:52.020810
PAY-638D03C1-2A78,CUST-01197,MERCH-038,77882,USD,SUCCESS,2026-09-22 00:42:16.020810
PAY-CD8D2A49-C822,CUST-00313,MERCH-013,60798,USD,SUCCESS,2026-09-17 18:30:42.020810
PAY-BEFE8171-E2D6,CUST-00778,MERCH-037,131388,USD,FAILED,2026-09-13 16:29:13.020810
PAY-03208DEC-69EF,CUST-01128,MERCH-042,67956,USD,SUCCESS,2026-09-18 03:28:54.020810
PAY-2F7F1D5A-F01E,CUST-01001,MERCH-047,121303,EUR,FAILED,2026-09-25 13:46:34.020810
PAY-F98610E6-B511,CUST-00345,MERCH-047,44871,USD,SUCCESS,2026-09-18 20:30:20.020810
PAY-EACF1BE4-492F,CUST-00287,MERCH-047,128509,USD,FAILED,2026-09-28 06:57:48.020810
PAY-28E90224-9E7C,CUST-00377,MERCH-035,137848,EUR,SUCCESS,2026-09-04 14:37:07.020810
PAY-64B9A4D8-0503,CUST-00070,MERCH-005,2173,GBP,FAILED,2026-09-04 02:42:51.020810
PAY-0AC0E15B-C8E6,CUST-00845,MERCH-009,18317,USD,PENDING,2026-09-12 23:49:49.020810
PAY-B3DFDFAD-4ABA,CUST-01449,MERCH-010,57836,USD,SUCCESS,2026-09-02 04:50:29.020810
PAY-1567DAD1-4CCE,CUST-01036,MERCH-030,16346,USD,SUCCESS,2026-09-19 21:00:04.020810
PAY-DB67AFAA-1283,CUST-01266,MERCH-041,127169,USD,PENDING,2026-10-01 16:29:16.020810
PAY-711EA6CB-71DC,CUST-01351,MERCH-032,2233,USD,SUCCESS,2026-09-02 12:31:10.020810
PAY-589AA8CC-9E11,CUST-01090,MERCH-036,3606,USD,PENDING,2026-09-21 17:26:05.020810
PAY-8511E28D-3A26,CUST-00035,MERCH-034,140940,USD,SUCCESS,2026-09-15 02:17:13.020810
PAY-73492FB3-3A01,CUST-00588,MERCH-002,113372,USD,SUCCESS,2026-09-26 03:18:53.020810
PAY-CB782142-07E5,CUST-00368,MERCH-007,137964,NGN,PENDING,2026-09-06 10:24:16.020810
PAY-1A2D2F96-5596,CUST-00305,MERCH-016,138507,USD,PENDING,2026-09-11 01:48:28.020810
PAY-B83EA6A2-5EAA,CUST-00517,MERCH-023,104544,EUR,PENDING,2026-09-14 17:38:48.020810
PAY-BF36F6CA-7597,CUST-00162,MERCH-024,120823,USD,SUCCESS,2026-09-21 11:14:49.020810
PAY-C2DEF545-893D,CUST-01158,MERCH-016,79136,USD,SUCCESS,2026-09-12 17:20:00.020810
PAY-7925E14F-F9EA,CUST-01401,MERCH-006,25010,USD,SUCCESS,2026-09-03 07:06:21.020810
PAY-FDAE760A-ABC1,CUST-00831,MERCH-025,145387,USD,FAILED,2026-09-20 01:37:30.020810
PAY-0E50C729-4FE0,CUST-00975,MERCH-004,45427,USD,SUCCESS,2026-09-02 05:12:03.020810
PAY-D4E2A4A8-C8C7,CUST-00170,MERCH-032,87340,NGN,SUCCESS,2026-09-22 19:43:55.020810
PAY-D7BCBB7F-36EC,CUST-01159,MERCH-007,11654,EUR,SUCCESS,2026-09-27 09:32:27.020810
PAY-15897403-54C6,CUST-00471,MERCH-014,125149,GBP,SUCCESS,2026-09-29 06:32:32.020810
PAY-415BB762-F622,CUST-00556,MERCH-003,73998,EUR,FAILED,2026-09-05 08:48:45.020810
PAY-ABCF369C-7173,CUST-01113,MERCH-037,47516,NGN,SUCCESS,2026-09-03 08:31:27.020810
PAY-D40507DE-4A4C,CUST-00645,MERCH-002,38298,USD,SUCCESS,2026-09-11 19:32:51.020810
PAY-DF367867-C6E5,CUST-01460,MERCH-026,78953,GBP,SUCCESS,2026-09-05 11:49:46.020810
PAY-8F8DE4EA-0595,CUST-00333,MERCH-037,149055,USD,PENDING,2026-09-13 10:21:40.020810
PAY-6D459179-B07B,CUST-00797,MERCH-044,87460,EUR,SUCCESS,2026-09-27 23:59:30.020810
PAY-5CF8917B-8FAB,CUST-00787,MERCH-049,21059,USD,SUCCESS,2026-09-08 13:14:42.020810
PAY-685C805A-388A,CUST-01026,MERCH-048,14576,USD,SUCCESS,2026-09-18 13:08:46.020810
PAY-E0F12A5A-04CF,CUST-00201,MERCH-028,20427,USD,SUCCESS,2026-09-13 00:39:29.020810
PAY-ABE5555A-6D86,CUST-00698,MERCH-039,104493,NGN,SUCCESS,2026-10-01 13:23:44.020810
PAY-589F16B7-FCFD,CUST-00669,MERCH-002,118609,NGN,SUCCESS,2026-09-15 00:38:23.020810
PAY-21087457-1813,CUST-01005,MERCH-015,145475,GBP,FAILED,2026-09-19 00:44:27.020810
PAY-C0552114-09BA,CUST-00769,MERCH-028,100133,USD,FAILED,2026-09-10 18:35:27.020810
PAY-5F57DABB-00D5,CUST-00176,MERCH-050,65105,GBP,SUCCESS,2026-09-16 02:19:58.020810
PAY-2C8ACD6A-CA4F,CUST-01461,MERCH-005,70747,USD,SUCCESS,2026-09-05 17:46:19.020810
PAY-8347FEC4-2A06,CUST-00316,MERCH-025,102637,GBP,FAILED,2026-09-09 05:56:11.020810
PAY-EB8A930F-E8E8,CUST-00649,MERCH-024,24491,GBP,SUCCESS,2026-09-06 22:19:53.020810
PAY-68DF4C6D-C91C,CUST-00011,MERCH-020,94850,GBP,SUCCESS,2026-09-23 08:20:44.020810
PAY-043C98BC-226B,CUST-00553,MERCH-007,23384,USD,SUCCESS,2026-09-08 04:34:21.020810
PAY-F900FF3E-8E6A,CUST-00384,MERCH-028,146510,USD,SUCCESS,2026-09-23 13:07:53.020810
PAY-3060B4F7-EB35,CUST-01137,MERCH-033,27577,USD,SUCCESS,2026-09-21 13:35:48.020810
PAY-27E9FD4D-7227,CUST-00054,MERCH-006,145785,USD,SUCCESS,2026-09-18 22:31:51.020810
PAY-CED6EA3D-2E8F,CUST-00191,MERCH-039,85547,USD,SUCCESS,2026-09-30 18:57:44.020810
PAY-708B5ED4-7720,CUST-00789,MERCH-001,108977,USD,SUCCESS,2026-09-15 22:13:03.020810
PAY-B3C0259E-2D6A,CUST-00795,MERCH-050,147179,EUR,SUCCESS,2026-09-05 20:52:22.020810
PAY-F8C499E9-7BD3,CUST-00498,MERCH-037,44955,EUR,SUCCESS,2026-09-27 01:19:17.020810
PAY-E7310EEF-98E3,CUST-01404,MERCH-025,36896,USD,PENDING,2026-09-09 23:40:28.020810
PAY-39C9CC73-1560,CUST-00551,MERCH-020,129769,USD,SUCCESS,2026-09-14 18:54:26.020810
PAY-9C271086-5ACC,CUST-00299,MERCH-005,114447,USD,SUCCESS,2026-09-09 21:00:05.020810
PAY-C56113E9-C744,CUST-00566,MERCH-027,127438,USD,SUCCESS,2026-09-16 07:25:39.020810
PAY-EDF570A0-5898,CUST-00158,MERCH-024,65142,USD,SUCCESS,2026-09-13 23:26:32.020810
PAY-EE7E13D7-CBFF,CUST-01477,MERCH-041,51761,EUR,FAILED,2026-09-25 19:50:33.020810
PAY-BF302AFC-AFC7,CUST-00938,MERCH-007,80364,GBP,FAILED,2026-09-08 08:02:51.020810
PAY-E12F15B5-E547,CUST-00014,MERCH-026,100085,NGN,SUCCESS,2026-09-17 21:15:06.020810
PAY-90BBA600-35E0,CUST-00675,MERCH-029,113383,USD,SUCCESS,2026-09-18 00:11:12.020810
PAY-E0651E60-6C2E,CUST-01334,MERCH-039,79257,EUR,PENDING,2026-09-08 08:47:14.020810
PAY-8FF337E6-B3F9,CUST-00657,MERCH-039,126069,USD,PENDING,2026-09-11 12:11:59.020810
PAY-07706C58-687D,CUST-00644,MERCH-012,84160,USD,PENDING,2026-09-21 02:10:24.020810
PAY-D5B02032-4692,CUST-00597,MERCH-048,64050,USD,SUCCESS,2026-09-25 14:15:20.020810
PAY-8737E1D7-268D,CUST-00668,MERCH-025,103505,USD,SUCCESS,2026-09-15 08:45:51.020810
PAY-ACD00B1E-ED83,CUST-00748,MERCH-008,52876,USD,SUCCESS,2026-09-29 03:07:27.020810
PAY-8F975C5E-FF78,CUST-01213,MERCH-035,144705,GBP,SUCCESS,2026-09-10 11:49:16.020810
PAY-E9F0A696-F691,CUST-00056,MERCH-047,55458,USD,SUCCESS,2026-09-24 04:01:10.020810
PAY-A1771473-2CDA,CUST-00898,MERCH-019,107754,EUR,SUCCESS,2026-09-05 02:45:59.020810
PAY-264A77C7-0AB4,CUST-01379,MERCH-032,79885,USD,SUCCESS,2026-09-08 12:20:46.020810
PAY-F3CB1A63-AA9E,CUST-00496,MERCH-017,111420,USD,SUCCESS,2026-09-09 05:46:50.020810
PAY-51D1A2F3-3269,CUST-00773,MERCH-005,126128,USD,SUCCESS,2026-09-23 13:23:29.020810
PAY-0EAAA034-7CEC,CUST-01193,MERCH-026,133305,EUR,SUCCESS,2026-09-27 16:46:26.020810
PAY-97396BA5-CCF3,CUST-01417,MERCH-027,10137,USD,SUCCESS,2026-09-28 03:35:00.020810
PAY-0AEF6FBD-8B5A,CUST-00737,MERCH-045,22777,NGN,SUCCESS,2026-09-27 19:43:53.020810
PAY-FD0246DF-1A36,CUST-00224,MERCH-050,93563,GBP,SUCCESS,2026-09-13 19:24:03.020810
PAY-A57FFC8A-EBEA,CUST-00341,MERCH-042,12112,USD,SUCCESS,2026-10-01 12:00:44.020810
PAY-248AD616-208B,CUST-01154,MERCH-042,87426,NGN,SUCCESS,2026-09-21 03:46:45.020810
PAY-3B2A3031-84F6,CUST-00882,MERCH-007,26349,GBP,PENDING,2026-09-02 06:28:47.020810
PAY-C579A1E9-14CB,CUST-00530,MERCH-015,136499,USD,SUCCESS,2026-09-26 13:10:18.020810
PAY-B9F123F6-6318,CUST-01143,MERCH-038,58442,EUR,SUCCESS,2026-09-29 16:23:19.020810
PAY-D82703F4-8ABF,CUST-00913,MERCH-024,121889,GBP,PENDING,2026-09-20 17:53:42.020810
PAY-D363ECDB-C486,CUST-01392,MERCH-038,40016,USD,SUCCESS,2026-09-26 01:16:32.020810
PAY-A5D51928-4AC3,CUST-00707,MERCH-002,27906,GBP,SUCCESS,2026-09-25 04:39:35.020810
PAY-C9F37432-BB00,CUST-00606,MERCH-027,30926,GBP,SUCCESS,2026-09-05 22:13:08.020810
PAY-201EB899-FB30,CUST-01496,MERCH-010,82260,EUR,SUCCESS,2026-09-18 16:01:23.020810
PAY-209081BC-D248,CUST-00703,MERCH-030,137107,EUR,SUCCESS,2026-09-11 19:12:31.020810
PAY-59BE75BF-2EDE,CUST-00990,MERCH-023,26091,USD,SUCCESS,2026-09-24 20:57:37.020810
PAY-CEB936B3-14A3,CUST-00898,MERCH-047,84100,EUR,PENDING,2026-09-23 17:19:48.020810
PAY-9191FD0B-F95F,CUST-00138,MERCH-020,30668,USD,SUCCESS,2026-09-03 22:15:01.020810
PAY-0ED5E0D2-93B5,CUST-00047,MERCH-022,43584,USD,SUCCESS,2026-09-07 01:36:27.020810
PAY-A41121B0-4C22,CUST-00500,MERCH-034,145179,EUR,SUCCESS,2026-09-10 05:26:36.020810
PAY-9CA99E01-278A,CUST-00328,MERCH-022,112270,USD,SUCCESS,2026-09-28 22:27:43.020810
PAY-7DC4CCB6-5B7A,CUST-00947,MERCH-015,48852,USD,SUCCESS,2026-09-21 10:06:19.020810
PAY-ED404803-BD11,CUST-00382,MERCH-041,104199,NGN,SUCCESS,2026-09-22 17:39:50.020810
PAY-E027003C-EE51,CUST-00060,MERCH-048,52227,EUR,SUCCESS,2026-10-01 13:40:38.020810
PAY-32D67785-F476,CUST-00921,MERCH-038,102430,USD,FAILED,2026-09-22 14:39:22.020810
PAY-89CD838D-7DB5,CUST-00010,MERCH-046,54445,EUR,PENDING,2026-09-12 04:26:47.020810
PAY-3CCF42FB-B30B,CUST-00571,MERCH-049,27173,USD,SUCCESS,2026-09-04 19:04:58.020810
PAY-D3233C90-447A,CUST-01100,MERCH-012,85954,EUR,SUCCESS,2026-09-19 12:22:14.020810
PAY-5C4A2377-73A0,CUST-00404,MERCH-030,69274,USD,SUCCESS,2026-09-07 06:57:28.020810
PAY-707B6528-9213,CUST-01374,MERCH-032,82657,USD,PENDING,2026-09-27 09:01:24.020810
PAY-52DCE011-3D6F,CUST-01223,MERCH-025,103403,USD,SUCCESS,2026-10-01 10:25:00.020810
PAY-63074290-00E1,CUST-01203,MERCH-008,92770,USD,SUCCESS,2026-09-18 15:33:08.020810
PAY-F8B5CE9F-8E2F,CUST-00938,MERCH-040,78473,USD,SUCCESS,2026-09-10 03:11:59.020810
PAY-E278A44F-452E,CUST-01259,MERCH-038,35613,USD,FAILED,2026-09-05 20:56:02.020810
PAY-B2CC97AF-7DB1,CUST-00642,MERCH-008,80553,USD,SUCCESS,2026-09-13 08:08:53.020810
PAY-3FF8811C-834B,CUST-00240,MERCH-012,37556,GBP,SUCCESS,2026-09-19 21:07:26.020810
PAY-C2DB944E-5EDB,CUST-01047,MERCH-025,36641,USD,SUCCESS,2026-09-22 01:28:28.020810
PAY-D5EAE672-FD25,CUST-01178,MERCH-025,49194,USD,SUCCESS,2026-09-22 07:04:00.020810
PAY-C3B2B4A7-4341,CUST-00997,MERCH-041,45912,NGN,SUCCESS,2026-09-27 20:16:59.020810
PAY-0D743659-7222,CUST-01137,MERCH-011,76216,USD,FAILED,2026-09-25 12:39:54.020810
PAY-2371E915-51AF,CUST-00288,MERCH-012,118727,USD,SUCCESS,2026-09-17 00:42:11.020810
PAY-523AB444-DD1C,CUST-01269,MERCH-004,3012,USD,PENDING,2026-09-19 04:30:06.020810
PAY-164E7AE8-D3D9,CUST-00993,MERCH-009,101148,USD,SUCCESS,2026-09-11 05:31:55.020810
PAY-0795FAB1-091C,CUST-01151,MERCH-033,107752,USD,SUCCESS,2026-09-25 18:52:21.020810
PAY-BD35A9BC-8B9B,CUST-01403,MERCH-032,116853,USD,SUCCESS,2026-09-21 22:26:07.020810
PAY-FE6BD39C-A2DC,CUST-01001,MERCH-011,148715,GBP,SUCCESS,2026-09-05 18:30:32.020810
PAY-846E8AC0-ED27,CUST-00064,MERCH-049,77069,EUR,FAILED,2026-09-12 11:07:34.020810
PAY-8715FE6E-CFF4,CUST-00067,MERCH-018,141430,NGN,SUCCESS,2026-09-12 16:09:08.020810
PAY-089F3D68-35E5,CUST-00592,MERCH-011,148781,USD,SUCCESS,2026-09-23 23:00:31.020810
PAY-61EA7D94-F220,CUST-01015,MERCH-036,30177,NGN,PENDING,2026-09-26 13:19:22.020810
PAY-52945D59-7E55,CUST-01173,MERCH-008,142872,USD,FAILED,2026-09-14 18:18:14.020810
PAY-1655EE4A-F1F5,CUST-00752,MERCH-035,116201,USD,SUCCESS,2026-09-03 18:40:14.020810
PAY-3EAAE160-67F5,CUST-01119,MERCH-014,27347,USD,FAILED,2026-09-22 09:31:55.020810
PAY-FD272603-008E,CUST-01339,MERCH-049,78542,USD,FAILED,2026-09-13 18:35:09.020810
PAY-F50D7D3E-D156,CUST-00067,MERCH-029,91877,GBP,FAILED,2026-09-14 12:23:33.020810
PAY-71029232-EB0F,CUST-00179,MERCH-029,62613,USD,SUCCESS,2026-09-07 10:57:19.020810
PAY-5DB3991B-1B48,CUST-00430,MERCH-048,92415,USD,SUCCESS,2026-09-30 07:10:18.020810
PAY-6FF85784-49DF,CUST-01456,MERCH-040,44011,USD,PENDING,2026-09-22 13:02:29.020810
PAY-2C07E9E5-4210,CUST-01262,MERCH-009,54748,USD,SUCCESS,2026-09-11 18:55:12.020810
PAY-683E6599-68F5,CUST-00122,MERCH-037,140034,USD,SUCCESS,2026-09-18 18:55:13.020810
PAY-C0E6E2B3-8A68,CUST-00576,MERCH-039,44639,EUR,SUCCESS,2026-09-27 21:54:06.020810
PAY-8FE1B748-4ED1,CUST-00663,MERCH-046,76346,NGN,SUCCESS,2026-09-15 23:08:05.020810
PAY-066BB4A8-E93F,CUST-01173,MERCH-018,25462,NGN,PENDING,2026-09-26 17:31:39.020810
PAY-AB2B5F4C-D539,CUST-00278,MERCH-049,16041,USD,PENDING,2026-09-21 17:44:06.020810
PAY-D83B7EF6-942A,CUST-00568,MERCH-042,35284,USD,FAILED,2026-09-07 22:01:34.020810
PAY-B14E76CA-D592,CUST-00512,MERCH-010,65394,USD,PENDING,2026-09-17 09:27:38.020810
PAY-9773AD87-28BB,CUST-01385,MERCH-026,37769,GBP,FAILED,2026-09-25 12:27:05.020810
PAY-9DBBCCEF-AED9,CUST-01183,MERCH-041,109086,GBP,SUCCESS,2026-09-14 19:16:08.020810
PAY-F7FF268E-192E,CUST-00769,MERCH-029,24904,USD,SUCCESS,2026-09-05 10:10:25.020810
PAY-9A7E24F0-5CEC,CUST-00826,MERCH-033,97249,USD,SUCCESS,2026-09-15 06:20:50.020810
PAY-5B360C8E-3641,CUST-00932,MERCH-032,1148,USD,PENDING,2026-09-17 15:30:37.020810
PAY-07239808-01AE,CUST-00191,MERCH-047,94405,EUR,FAILED,2026-09-24 00:19:22.020810
PAY-757AE831-B03E,CUST-00130,MERCH-035,57602,USD,PENDING,2026-09-21 01:33:48.020810
PAY-EE82459D-D786,CUST-00880,MERCH-014,70895,NGN,SUCCESS,2026-09-25 18:34:31.020810
PAY-8390FC11-3701,CUST-00662,MERCH-019,143974,EUR,FAILED,2026-09-18 03:42:14.020810
PAY-0C16E367-7BC4,CUST-01184,MERCH-009,127728,USD,SUCCESS,2026-09-29 05:47:39.020810
PAY-D5268BFE-0DF9,CUST-00704,MERCH-044,12543,USD,SUCCESS,2026-09-04 02:35:30.020810
PAY-ADDC3ED6-9439,CUST-00204,MERCH-041,4768,USD,SUCCESS,2026-09-24 01:38:32.020810
PAY-C4AB54EC-DD03,CUST-00255,MERCH-011,120173,USD,SUCCESS,2026-09-23 04:19:34.020810
PAY-04391358-4825,CUST-00002,MERCH-028,35080,NGN,SUCCESS,2026-09-11 13:54:31.020810
PAY-12FA82C3-AE6C,CUST-01332,MERCH-020,72332,NGN,SUCCESS,2026-09-09 11:24:46.020810
PAY-6A025B4C-D731,CUST-00192,MERCH-042,66138,USD,SUCCESS,2026-09-19 06:07:42.020810
PAY-CCB2ED45-A670,CUST-00169,MERCH-024,14075,USD,SUCCESS,2026-09-09 19:02:29.020810
PAY-F8C9B9B3-CB1D,CUST-00812,MERCH-041,61879,EUR,SUCCESS,2026-09-16 14:08:05.020810
PAY-A57F8BF9-AC6C,CUST-00880,MERCH-042,25451,EUR,SUCCESS,2026-09-06 04:26:44.020810
PAY-F98022EE-8D06,CUST-00003,MERCH-014,20931,USD,SUCCESS,2026-09-24 21:42:39.020810
PAY-44E49CD0-80E4,CUST-00272,MERCH-038,136669,GBP,SUCCESS,2026-09-12 17:43:20.020810
PAY-A31A3833-4D16,CUST-01393,MERCH-029,2613,USD,PENDING,2026-09-02 05:00:39.020810
PAY-5411217A-EAE8,CUST-01425,MERCH-022,111207,USD,SUCCESS,2026-09-07 14:41:33.020810
PAY-04942E24-527E,CUST-01422,MERCH-009,19067,NGN,SUCCESS,2026-09-24 22:45:07.020810
PAY-BB5CA1BC-7053,CUST-00469,MERCH-025,27350,USD,SUCCESS,2026-09-06 02:16:08.020810
PAY-095D5B6F-D5E7,CUST-00212,MERCH-021,78947,USD,SUCCESS,2026-09-19 14:25:52.020810
PAY-72BB15C5-B165,CUST-00281,MERCH-025,37948,EUR,SUCCESS,2026-09-08 05:19:02.020810
PAY-998E82C7-F544,CUST-00141,MERCH-034,2721,USD,PENDING,2026-09-29 02:28:21.020810
PAY-1C79D248-2158,CUST-01250,MERCH-042,115869,GBP,SUCCESS,2026-09-09 17:24:01.020810
PAY-572BCF00-67E4,CUST-00720,MERCH-047,40181,USD,SUCCESS,2026-09-12 02:25:06.020810
PAY-01DECE9C-19EF,CUST-00844,MERCH-040,57449,USD,SUCCESS,2026-09-23 05:36:19.020810
PAY-0B2D63B4-56C6,CUST-00178,MERCH-007,32784,USD,PENDING,2026-09-08 13:19:04.020810
PAY-C5E3E401-6B75,CUST-01208,MERCH-047,92652,USD,SUCCESS,2026-09-20 09:37:13.020810
PAY-F054122C-DEB1,CUST-00880,MERCH-021,65455,USD,SUCCESS,2026-09-08 13:06:17.020810
PAY-B0F4B35A-D7FD,CUST-00568,MERCH-042,65555,GBP,FAILED,2026-09-05 20:20:51.020810
PAY-0B34D28D-0DF7,CUST-01134,MERCH-039,75190,GBP,SUCCESS,2026-09-30 21:15:02.020810
PAY-C4836941-79D8,CUST-01415,MERCH-002,54356,USD,SUCCESS,2026-09-16 09:38:16.020810
PAY-3C5CF027-1096,CUST-01061,MERCH-039,49952,USD,SUCCESS,2026-09-26 11:49:39.020810
PAY-9969CEB8-7D30,CUST-00803,MERCH-019,63241,GBP,SUCCESS,2026-09-04 09:46:06.020810
PAY-A38EC7C5-83DC,CUST-01014,MERCH-025,63698,USD,SUCCESS,2026-09-07 05:32:48.020810
PAY-8ADF9C3C-198C,CUST-01024,MERCH-041,19115,USD,SUCCESS,2026-09-30 14:10:09.020810
PAY-E02E07BA-4A4D,CUST-01082,MERCH-001,83461,NGN,FAILED,2026-09-19 06:54:02.020810
PAY-CD8638E6-F7A2,CUST-00271,MERCH-025,110826,NGN,SUCCESS,2026-09-29 08:24:07.020810
PAY-86AC0623-8DD7,CUST-00749,MERCH-035,123973,USD,SUCCESS,2026-09-10 03:28:58.020810
PAY-520707D3-4893,CUST-00150,MERCH-002,18203,USD,FAILED,2026-09-30 06:31:08.020810
PAY-315337AB-B278,CUST-00029,MERCH-017,10940,USD,SUCCESS,2026-09-12 05:32:58.020810
PAY-02DB147F-E5D1,CUST-00124,MERCH-026,75601,USD,SUCCESS,2026-09-26 08:26:05.020810
PAY-BBE81E81-F021,CUST-01288,MERCH-046,109403,EUR,SUCCESS,2026-09-26 01:57:18.020810
PAY-216A40AE-FF52,CUST-00868,MERCH-045,22107,USD,SUCCESS,2026-09-21 06:52:40.020810
PAY-5749FC59-199A,CUST-01312,MERCH-035,40524,USD,FAILED,2026-09-27 20:36:17.020810
PAY-F5BEB181-324D,CUST-00569,MERCH-006,21215,GBP,PENDING,2026-09-16 19:15:30.020810
PAY-9CFF69F3-232E,CUST-01048,MERCH-014,141111,GBP,SUCCESS,2026-09-09 07:13:05.020810
PAY-87B5EA55-2199,CUST-00670,MERCH-026,17831,EUR,SUCCESS,2026-09-30 05:26:22.020810
PAY-AF3330DC-CE7E,CUST-00636,MERCH-045,63057,USD,FAILED,2026-09-22 23:53:56.020810
PAY-8D9B0659-D6CC,CUST-00119,MERCH-016,114397,USD,PENDING,2026-09-05 22:38:09.020810
PAY-9FA25A06-01DF,CUST-00238,MERCH-030,14925,USD,SUCCESS,2026-10-01 11:34:05.020810
PAY-8907E218-A106,CUST-00634,MERCH-043,31811,EUR,PENDING,2026-09-10 06:49:59.020810
PAY-83A6B2CB-7450,CUST-00026,MERCH-046,3475,EUR,SUCCESS,2026-09-08 10:03:14.020810
PAY-5D9C46CE-FA99,CUST-00336,MERCH-032,137602,USD,SUCCESS,2026-09-18 14:07:53.020810
PAY-1DE494F8-8FD6,CUST-01060,MERCH-047,44268,USD,FAILED,2026-09-14 08:14:07.020810
PAY-A6C62CDE-0BEC,CUST-00762,MERCH-009,31447,USD,SUCCESS,2026-09-14 19:19:26.020810
PAY-9981E343-5430,CUST-00061,MERCH-022,71798,USD,SUCCESS,2026-09-22 14:23:24.020810
PAY-28B751DA-2313,CUST-01073,MERCH-005,20703,EUR,SUCCESS,2026-09-14 12:32:57.020810
PAY-4B663D4C-8B24,CUST-01017,MERCH-030,94904,USD,SUCCESS,2026-09-26 13:17:41.020810
PAY-1FE6E1D2-0C2A,CUST-00114,MERCH-032,44246,NGN,FAILED,2026-09-29 06:39:39.020810
PAY-FE472FD3-67EE,CUST-00754,MERCH-011,27475,USD,SUCCESS,2026-09-14 03:25:21.020810
PAY-C1FB0D85-EA66,CUST-01176,MERCH-044,60374,USD,FAILED,2026-09-07 08:33:51.020810
PAY-D8FB2980-3D0A,CUST-01043,MERCH-001,3721,EUR,SUCCESS,2026-09-03 21:29:55.020810
PAY-C11FD3E5-84E5,CUST-00501,MERCH-003,95914,USD,SUCCESS,2026-09-24 15:50:11.020810
PAY-13FC4614-FB62,CUST-00785,MERCH-010,9770,EUR,FAILED,2026-09-10 10:41:43.020810
PAY-4D49F341-228D,CUST-01133,MERCH-046,59355,USD,SUCCESS,2026-09-22 02:47:29.020810
PAY-8B89B978-A06B,CUST-00660,MERCH-016,84369,USD,PENDING,2026-09-21 23:09:53.020810
PAY-88ED2546-504F,CUST-00556,MERCH-005,98229,USD,FAILED,2026-09-29 12:04:42.020810
PAY-4FB78DEA-0EBA,CUST-00245,MERCH-033,47514,EUR,SUCCESS,2026-09-04 07:33:30.020810
PAY-7D6A1913-9898,CUST-00458,MERCH-034,105600,USD,SUCCESS,2026-09-03 23:42:05.020810
PAY-80EEB603-F292,CUST-00142,MERCH-030,81947,EUR,FAILED,2026-09-15 11:06:07.020810
PAY-1AF331E7-6209,CUST-00671,MERCH-006,120233,EUR,SUCCESS,2026-09-28 14:35:20.020810
PAY-BF64DBA1-B6A2,CUST-00017,MERCH-024,76939,USD,PENDING,2026-09-11 11:59:22.020810
PAY-445522E1-7EB8,CUST-01155,MERCH-020,122115,GBP,SUCCESS,2026-09-13 12:49:18.020810
PAY-51F3FDCD-89C2,CUST-00755,MERCH-038,51728,NGN,SUCCESS,2026-09-25 16:59:51.020810
PAY-7A7D608D-D8CD,CUST-01120,MERCH-049,39970,USD,FAILED,2026-09-13 15:47:03.020810
PAY-37A89D9A-4EBA,CUST-00014,MERCH-027,61578,GBP,SUCCESS,2026-09-02 22:02:53.020810
PAY-017DFFB8-1E30,CUST-01110,MERCH-023,88322,USD,SUCCESS,2026-09-02 05:22:10.020810
PAY-85121DD6-7DC3,CUST-00003,MERCH-049,81112,NGN,SUCCESS,2026-09-20 00:34:58.020810
PAY-D1FDC115-A656,CUST-00213,MERCH-014,62934,USD,SUCCESS,2026-09-27 11:28:10.020810
PAY-4F43E390-9372,CUST-00860,MERCH-032,37822,USD,SUCCESS,2026-09-04 15:58:25.020810
PAY-18941703-3CBA,CUST-01458,MERCH-018,12008,NGN,SUCCESS,2026-09-06 06:34:29.020810
PAY-E0A247DF-5F76,CUST-00475,MERCH-034,98146,USD,SUCCESS,2026-09-21 19:26:12.020810
PAY-AF102720-2D5F,CUST-00939,MERCH-048,25554,GBP,SUCCESS,2026-09-05 21:06:33.020810
PAY-523390C4-77B3,CUST-01036,MERCH-009,20116,USD,FAILED,2026-09-20 21:38:36.020810
PAY-90553E34-691B,CUST-01213,MERCH-037,114528,GBP,FAILED,2026-09-04 18:45:20.020810
PAY-B9D45772-9EB2,CUST-01357,MERCH-009,76961,NGN,SUCCESS,2026-09-13 06:02:59.020810
PAY-938F449A-EEE1,CUST-00535,MERCH-021,86024,GBP,SUCCESS,2026-09-20 20:00:49.020810
PAY-BEBB003E-4ECB,CUST-00652,MERCH-029,61739,GBP,FAILED,2026-09-14 23:02:32.020810
PAY-56482B75-54DE,CUST-00153,MERCH-013,29066,GBP,SUCCESS,2026-09-08 08:46:21.020810
PAY-BFF79FBD-89E0,CUST-00319,MERCH-007,118351,USD,SUCCESS,2026-09-09 17:42:05.020810
PAY-9028FBF2-E1AC,CUST-00955,MERCH-021,32150,NGN,PENDING,2026-09-21 11:48:44.020810
PAY-A654B6AE-90D5,CUST-01098,MERCH-023,118967,USD,SUCCESS,2026-09-11 20:06:16.020810
PAY-30751760-DCB4,CUST-00632,MERCH-030,31934,USD,FAILED,2026-09-14 14:56:50.020810
PAY-D7B8B4B5-9144,CUST-00186,MERCH-011,11072,GBP,SUCCESS,2026-09-16 12:37:37.020810
PAY-2EB143D0-C96F,CUST-00441,MERCH-021,24410,USD,FAILED,2026-09-08 23:00:02.020810
PAY-6D29B5FB-0857,CUST-01457,MERCH-016,104373,EUR,SUCCESS,2026-09-19 00:39:40.020810
PAY-B292D21B-8E40,CUST-01052,MERCH-004,68701,USD,SUCCESS,2026-09-16 06:21:55.020810
PAY-6067BEA9-5D2D,CUST-00357,MERCH-002,119041,USD,SUCCESS,2026-09-21 09:20:30.020810
PAY-3493ECA8-2906,CUST-01139,MERCH-048,65997,EUR,PENDING,2026-09-28 11:07:41.020810
PAY-6CD893D0-1E47,CUST-00194,MERCH-030,37145,EUR,FAILED,2026-09-06 16:55:17.020810
PAY-D224F7D9-FD07,CUST-00249,MERCH-001,58771,USD,SUCCESS,2026-09-04 18:02:26.020810
PAY-2051E5BE-92D8,CUST-00268,MERCH-013,98080,USD,SUCCESS,2026-09-21 04:54:08.020810
PAY-3A1AED30-C607,CUST-01406,MERCH-041,68348,EUR,PENDING,2026-09-05 20:06:13.020810
PAY-08838046-69CF,CUST-00154,MERCH-002,52339,USD,SUCCESS,2026-09-04 21:18:22.020810
PAY-63AAA2D5-DE04,CUST-01323,MERCH-029,24611,GBP,SUCCESS,2026-09-08 00:14:37.020810
PAY-B5898B0A-0226,CUST-00680,MERCH-008,121347,USD,FAILED,2026-09-03 19:56:08.020810
PAY-17E51DCD-0035,CUST-00104,MERCH-011,114049,EUR,SUCCESS,2026-09-29 14:48:51.020810
PAY-75E21631-B86A,CUST-01484,MERCH-026,8228,USD,FAILED,2026-09-25 20:13:11.020810
PAY-E71CD798-35DE,CUST-00784,MERCH-044,45800,USD,SUCCESS,2026-09-22 11:17:25.020810
PAY-24831C4C-0821,CUST-00725,MERCH-014,72584,GBP,SUCCESS,2026-09-10 20:14:15.020810
PAY-68B7BD3E-3455,CUST-00574,MERCH-029,9583,EUR,SUCCESS,2026-09-08 23:21:32.020810
PAY-963CD38B-9B95,CUST-01258,MERCH-040,64931,NGN,SUCCESS,2026-10-01 17:01:16.020810
PAY-CDE0DE39-8345,CUST-01326,MERCH-019,108501,USD,SUCCESS,2026-09-25 23:26:30.020810
PAY-93955CA3-86D1,CUST-01128,MERCH-031,23495,USD,PENDING,2026-09-04 17:14:11.020810
PAY-CE3B52C5-48A3,CUST-00573,MERCH-025,110399,NGN,SUCCESS,2026-09-08 10:04:56.020810
PAY-9FCAF8EC-EEFE,CUST-00409,MERCH-042,65812,USD,FAILED,2026-09-27 06:48:31.020810
PAY-A1025990-998C,CUST-01292,MERCH-035,100769,GBP,SUCCESS,2026-09-02 16:56:41.020810
PAY-3F17407E-E695,CUST-01461,MERCH-023,143242,USD,SUCCESS,2026-09-25 01:03:49.020810
PAY-B8326A3A-C0F7,CUST-00993,MERCH-023,132199,EUR,SUCCESS,2026-09-29 05:13:19.020810
PAY-A2041EDD-F576,CUST-00659,MERCH-025,47637,EUR,SUCCESS,2026-09-14 21:16:16.020810
PAY-41796663-72C6,CUST-00054,MERCH-021,57914,GBP,SUCCESS,2026-09-30 17:52:54.020810
PAY-28C4F8F7-776F,CUST-00061,MERCH-050,15859,USD,SUCCESS,2026-09-15 09:30:04.020810
PAY-7850EEAA-5552,CUST-00967,MERCH-034,61517,EUR,SUCCESS,2026-09-19 02:37:49.020810
PAY-9401A32E-3C14,CUST-00327,MERCH-007,63716,USD,SUCCESS,2026-09-13 18:57:54.020810
PAY-28F2B647-C6B4,CUST-00546,MERCH-035,58017,USD,SUCCESS,2026-09-04 11:19:44.020810
PAY-0E43DF91-AFA3,CUST-01180,MERCH-025,46037,EUR,FAILED,2026-09-18 23:34:05.020810
PAY-24E91524-87D4,CUST-00361,MERCH-016,83862,USD,FAILED,2026-09-30 12:31:33.020810
PAY-7CE85108-A38A,CUST-01429,MERCH-023,7894,USD,SUCCESS,2026-09-30 11:24:39.020810
PAY-0D9572C2-88A7,CUST-01441,MERCH-045,149306,USD,SUCCESS,2026-09-18 19:55:48.020810
PAY-20E34E25-0258,CUST-01155,MERCH-010,49844,GBP,FAILED,2026-09-29 02:15:36.020810
PAY-3F446FF5-1937,CUST-01009,MERCH-035,46521,GBP,SUCCESS,2026-09-16 18:15:49.020810
PAY-D47CCC52-419C,CUST-01005,MERCH-003,15224,USD,SUCCESS,2026-09-06 03:20:53.020810
PAY-018089C6-3AF4,CUST-00477,MERCH-039,5724,USD,SUCCESS,2026-09-12 09:07:18.020810
PAY-51A4342F-9869,CUST-01079,MERCH-031,87462,USD,SUCCESS,2026-09-01 18:59:13.020810
PAY-7A17F8CF-FE7E,CUST-01258,MERCH-013,89827,USD,FAILED,2026-09-08 02:13:19.020810
PAY-D57E6425-EB90,CUST-01469,MERCH-012,16112,NGN,PENDING,2026-09-17 11:11:56.020810
PAY-06C7F0CA-6743,CUST-00045,MERCH-010,37633,EUR,SUCCESS,2026-09-30 05:38:24.020810
PAY-FBDAC63A-7CCA,CUST-00228,MERCH-034,19513,EUR,FAILED,2026-09-19 11:19:05.020810
PAY-8E2D34E0-8B8A,CUST-00766,MERCH-046,26984,USD,SUCCESS,2026-09-20 23:05:35.020810
PAY-4B8D50B8-6871,CUST-00690,MERCH-020,36269,GBP,SUCCESS,2026-09-17 10:03:02.020810
PAY-EC4B9059-D775,CUST-00323,MERCH-047,128216,USD,SUCCESS,2026-09-22 23:10:45.020810
PAY-1440753F-EAB5,CUST-01330,MERCH-021,147818,USD,SUCCESS,2026-09-10 05:09:05.020810
PAY-86A3E814-9AE1,CUST-01421,MERCH-040,59020,USD,SUCCESS,2026-09-19 01:55:21.020810
PAY-86798955-BE63,CUST-01364,MERCH-038,99691,USD,FAILED,2026-09-10 06:29:25.020810
PAY-2865023C-90A8,CUST-00629,MERCH-047,33883,USD,SUCCESS,2026-09-16 01:19:41.020810
PAY-78A808BB-38C5,CUST-00364,MERCH-047,103155,USD,PENDING,2026-09-01 20:17:07.020810
PAY-3A323E0D-F03C,CUST-01163,MERCH-003,83918,USD,SUCCESS,2026-09-10 14:19:53.020810
PAY-2D6AB73E-4DE1,CUST-01253,MERCH-015,27791,GBP,FAILED,2026-09-29 05:06:16.020810
PAY-7317A4DA-B2CF,CUST-01017,MERCH-010,20896,USD,FAILED,2026-09-17 20:01:48.020810
PAY-48144D34-52BA,CUST-00488,MERCH-023,44510,USD,SUCCESS,2026-09-17 06:27:25.020810
PAY-E85705DB-EAA7,CUST-01303,MERCH-006,117581,USD,SUCCESS,2026-09-18 01:22:02.020810
PAY-347D3C79-9D15,CUST-00024,MERCH-017,65915,EUR,SUCCESS,2026-09-11 22:29:26.020810
PAY-AAF18707-1FAF,CUST-01420,MERCH-005,67781,USD,FAILED,2026-09-18 18:31:51.020810
PAY-EB204355-0393,CUST-00222,MERCH-047,13121,GBP,SUCCESS,2026-09-01 19:41:00.020810
PAY-47C8ACA5-DDED,CUST-00791,MERCH-029,44104,EUR,SUCCESS,2026-09-22 03:07:20.020810
PAY-252046C3-24C6,CUST-00848,MERCH-032,92573,GBP,SUCCESS,2026-09-20 03:25:22.020810
PAY-6B54FAB5-E30F,CUST-01119,MERCH-025,126195,NGN,SUCCESS,2026-09-06 16:21:49.020810
PAY-43DFECB0-8EFC,CUST-01184,MERCH-042,43139,USD,SUCCESS,2026-09-12 17:00:49.020810
PAY-347E7DC3-AA23,CUST-00925,MERCH-005,77808,USD,SUCCESS,2026-09-03 09:07:10.020810
PAY-E8152CD9-4DA9,CUST-00042,MERCH-021,27953,NGN,SUCCESS,2026-09-14 10:25:35.020810
PAY-FE6F532C-15EE,CUST-00152,MERCH-022,98924,USD,FAILED,2026-09-10 00:22:39.020810
PAY-73466D89-1223,CUST-00330,MERCH-047,143904,USD,FAILED,2026-09-05 09:34:29.020810
PAY-AC9A8F1A-AF1D,CUST-00191,MERCH-022,127046,USD,SUCCESS,2026-09-30 14:17:11.020810
PAY-C1347B5E-985A,CUST-01443,MERCH-002,43753,USD,SUCCESS,2026-09-22 16:43:08.020810
PAY-F6E4B548-2735,CUST-01244,MERCH-028,14539,NGN,SUCCESS,2026-09-09 09:13:48.020810
PAY-2C3AAD5D-3B41,CUST-00208,MERCH-022,50303,USD,SUCCESS,2026-09-11 17:40:28.020810
PAY-2559735D-F2D3,CUST-00839,MERCH-045,142090,USD,PENDING,2026-09-28 15:46:42.020810
PAY-DC1C3A6E-13DD,CUST-00544,MERCH-043,78461,USD,SUCCESS,2026-09-15 10:11:20.020810
PAY-244F4024-368C,CUST-00487,MERCH-007,103496,NGN,SUCCESS,2026-09-04 04:01:13.020810
PAY-71BC773A-4EA9,CUST-01171,MERCH-036,40762,NGN,SUCCESS,2026-09-25 14:11:13.020810
PAY-EE830FA3-7458,CUST-00112,MERCH-024,112594,USD,SUCCESS,2026-09-01 22:38:10.020810
PAY-2C9E6FBA-EF8E,CUST-00180,MERCH-019,126415,EUR,PENDING,2026-09-30 21:29:33.020810
PAY-7FD06F34-4D59,CUST-00409,MERCH-007,54751,USD,SUCCESS,2026-09-03 00:10:30.020810
PAY-F910C6D8-695D,CUST-00350,MERCH-041,21979,USD,SUCCESS,2026-09-15 22:10:32.020810
PAY-736FCF93-BAFD,CUST-00970,MERCH-008,104693,USD,PENDING,2026-09-16 17:26:54.020810
PAY-DF24A899-E755,CUST-00965,MERCH-032,24390,EUR,SUCCESS,2026-09-14 14:56:36.020810
PAY-420FFFE5-EFCA,CUST-01315,MERCH-035,48965,USD,SUCCESS,2026-09-20 13:41:33.020810
PAY-CD2FDA56-E5EC,CUST-00760,MERCH-025,49411,USD,SUCCESS,2026-09-19 16:34:29.020810
PAY-43385BC9-9775,CUST-00913,MERCH-003,115775,GBP,SUCCESS,2026-09-14 12:57:10.020810
PAY-A3810BDA-D341,CUST-00953,MERCH-017,70901,USD,SUCCESS,2026-09-12 17:46:55.020810
PAY-F7D57471-00BC,CUST-01156,MERCH-004,25850,GBP,FAILED,2026-09-09 02:16:14.020810
PAY-4F3D9F31-AD32,CUST-00176,MERCH-043,142437,USD,FAILED,2026-09-18 10:44:12.020810
PAY-6CDDCAB4-2FD7,CUST-00848,MERCH-049,60141,USD,SUCCESS,2026-09-30 09:16:18.020810
PAY-A1BA12A4-0B6C,CUST-01134,MERCH-004,137491,USD,SUCCESS,2026-09-20 13:12:07.020810
PAY-B27DE9CA-C79B,CUST-00858,MERCH-035,62272,USD,PENDING,2026-09-24 19:24:04.020810
PAY-746C24F5-0DF9,CUST-00976,MERCH-020,103995,GBP,SUCCESS,2026-09-05 14:10:48.020810
PAY-CA43D9F8-9662,CUST-01463,MERCH-003,135980,USD,SUCCESS,2026-09-26 03:10:53.020810
PAY-0D5B1710-AE44,CUST-01171,MERCH-044,32031,EUR,SUCCESS,2026-09-08 21:58:47.020810
PAY-8954EF23-6023,CUST-00920,MERCH-012,56045,USD,SUCCESS,2026-09-09 20:57:06.020810
PAY-CE65BC44-D528,CUST-00395,MERCH-009,111485,GBP,SUCCESS,2026-09-03 19:54:42.020810
PAY-FEA5B4C0-F0B1,CUST-00161,MERCH-044,53431,USD,FAILED,2026-09-22 21:27:38.020810
PAY-2BD1E094-B9B6,CUST-01285,MERCH-010,68103,USD,SUCCESS,2026-09-30 15:28:17.020810
PAY-757C9E20-C4A3,CUST-00655,MERCH-047,23313,USD,SUCCESS,2026-09-05 00:15:55.020810
PAY-FB4334B8-EC08,CUST-00795,MERCH-036,145217,GBP,SUCCESS,2026-09-21 01:08:34.020810
PAY-97875AB9-6AE9,CUST-00668,MERCH-018,120603,USD,PENDING,2026-09-26 23:40:17.020810
PAY-A9BB6D46-DB97,CUST-00026,MERCH-045,137486,GBP,PENDING,2026-09-30 06:45:59.020810
PAY-27A4E7B2-CB9D,CUST-00860,MERCH-008,39727,USD,SUCCESS,2026-09-21 21:03:04.020810
PAY-E4874D2D-B544,CUST-00304,MERCH-037,26767,NGN,FAILED,2026-09-30 07:11:01.020810
PAY-0EB6CC3B-9BFE,CUST-00217,MERCH-037,75497,USD,SUCCESS,2026-09-06 15:51:11.020810
PAY-36B64840-BDC3,CUST-01097,MERCH-023,69741,USD,PENDING,2026-09-21 16:54:44.020810
PAY-2DB0C695-6079,CUST-00785,MERCH-042,124506,USD,SUCCESS,2026-09-25 07:56:17.020810
PAY-0D8EB605-F36C,CUST-00077,MERCH-012,106137,USD,SUCCESS,2026-09-15 03:04:17.020810
PAY-92023007-FD59,CUST-00295,MERCH-040,105808,GBP,SUCCESS,2026-10-01 07:19:32.020810
PAY-20679B35-2A3F,CUST-00080,MERCH-026,62779,GBP,PENDING,2026-09-17 20:24:33.020810
PAY-FD577B2F-75A7,CUST-00101,MERCH-048,70907,USD,SUCCESS,2026-09-24 19:51:36.020810
PAY-0E6C51CE-16DE,CUST-00763,MERCH-002,79944,USD,FAILED,2026-09-18 03:50:00.020810
PAY-B4175479-0A7C,CUST-00637,MERCH-018,26247,USD,SUCCESS,2026-09-25 14:58:07.020810
PAY-E273F23C-3B2E,CUST-00467,MERCH-009,116658,GBP,SUCCESS,2026-09-16 08:16:33.020810
PAY-4803F5B0-1F2F,CUST-00658,MERCH-018,23906,NGN,SUCCESS,2026-09-21 23:45:58.020810
PAY-FFA82F58-3E10,CUST-00385,MERCH-029,107237,USD,SUCCESS,2026-09-12 00:28:43.020810
PAY-A6AF3B51-042B,CUST-00993,MERCH-049,98518,GBP,SUCCESS,2026-09-26 19:57:30.020810
PAY-2F376EA1-EF98,CUST-00116,MERCH-033,17701,GBP,PENDING,2026-09-09 11:24:25.020810
PAY-BD11FA42-6140,CUST-00638,MERCH-046,106244,USD,PENDING,2026-09-26 08:39:00.020810
PAY-4F1B490C-D55F,CUST-00278,MERCH-050,149574,USD,SUCCESS,2026-09-27 05:01:42.020810
PAY-B6B24A41-2BD3,CUST-00060,MERCH-012,53119,USD,PENDING,2026-09-11 02:46:35.020810
PAY-8143E347-2E16,CUST-00119,MERCH-016,120155,EUR,SUCCESS,2026-09-03 08:43:17.020810
PAY-6064EA19-00F7,CUST-00104,MERCH-024,72321,USD,SUCCESS,2026-09-11 10:10:13.020810
PAY-8F401358-730E,CUST-00755,MERCH-030,104556,USD,PENDING,2026-09-26 06:42:20.020810
PAY-428360A0-F9DB,CUST-01302,MERCH-008,63922,GBP,SUCCESS,2026-09-03 05:47:58.020810
PAY-D2A70B3B-A5E4,CUST-00763,MERCH-032,117443,NGN,SUCCESS,2026-09-30 14:18:06.020810
PAY-DB7AF405-6B43,CUST-00364,MERCH-031,145028,NGN,SUCCESS,2026-09-30 05:57:21.020810
PAY-D09DAD79-5248,CUST-00717,MERCH-023,68306,EUR,SUCCESS,2026-09-09 16:41:52.020810
PAY-7EB041B0-5B95,CUST-01411,MERCH-006,7695,GBP,SUCCESS,2026-09-15 14:19:14.020810
PAY-BD4EF2B5-569E,CUST-00792,MERCH-004,56682,USD,SUCCESS,2026-09-09 15:59:30.020810
PAY-A2EF44B8-E004,CUST-00454,MERCH-042,54693,USD,SUCCESS,2026-09-12 16:27:55.020810
PAY-150DF0BE-F7D0,CUST-00552,MERCH-042,135053,EUR,PENDING,2026-09-21 15:18:04.020810
PAY-49574BCB-E94F,CUST-00042,MERCH-050,124781,USD,FAILED,2026-09-02 04:33:27.020810
PAY-57917582-3BA1,CUST-00271,MERCH-042,2718,USD,PENDING,2026-09-10 03:59:03.020810
PAY-DA68F2DB-1FE2,CUST-00459,MERCH-017,80574,GBP,SUCCESS,2026-10-01 06:57:46.020810
PAY-5F47B757-54AC,CUST-01460,MERCH-046,111598,EUR,SUCCESS,2026-09-15 03:01:48.020810
PAY-3B21F81F-09DA,CUST-00772,MERCH-023,66559,USD,FAILED,2026-09-24 00:57:44.020810
PAY-E6775D2D-7597,CUST-00447,MERCH-030,136982,USD,SUCCESS,2026-09-16 10:12:55.020810
PAY-EC9443E3-5E37,CUST-01278,MERCH-026,27320,USD,FAILED,2026-09-30 03:10:03.020810
PAY-0D4DE0DD-68FB,CUST-00016,MERCH-033,147682,USD,SUCCESS,2026-09-19 22:12:00.020810
PAY-041E8B01-813F,CUST-01326,MERCH-039,74602,EUR,FAILED,2026-10-01 07:47:08.020810
PAY-2414DC2A-E909,CUST-00612,MERCH-044,126784,USD,SUCCESS,2026-09-07 00:08:30.020810
PAY-20B2DC67-A747,CUST-00131,MERCH-022,85732,USD,SUCCESS,2026-09-15 04:19:01.020810
PAY-53975BEF-65B9,CUST-00568,MERCH-017,49877,USD,FAILED,2026-09-16 06:18:27.020810
PAY-7719295A-B207,CUST-00308,MERCH-034,15383,EUR,SUCCESS,2026-09-13 10:09:46.020810
PAY-942D4BEE-D969,CUST-01229,MERCH-026,37181,USD,FAILED,2026-09-17 06:32:06.020810
PAY-BF2D99CB-CFCE,CUST-01478,MERCH-002,77990,USD,PENDING,2026-09-25 21:40:19.020810
PAY-990BD0A8-39E4,CUST-00532,MERCH-027,102283,EUR,SUCCESS,2026-09-21 09:34:57.020810
PAY-B1A37C69-5D0F,CUST-00073,MERCH-038,50285,EUR,SUCCESS,2026-09-29 12:40:06.020810
PAY-43BDEF2F-4506,CUST-00703,MERCH-047,140651,EUR,SUCCESS,2026-09-12 13:15:45.020810
PAY-7A5B0709-AF18,CUST-01308,MERCH-031,133489,USD,PENDING,2026-09-19 03:52:12.020810
PAY-1E3B8433-CC21,CUST-00615,MERCH-011,47983,USD,FAILED,2026-09-28 20:35:49.020810
PAY-EDB181A2-C0FC,CUST-00602,MERCH-007,34039,USD,SUCCESS,2026-09-24 14:41:25.020810
PAY-D3DA5243-101B,CUST-00530,MERCH-047,48490,EUR,SUCCESS,2026-09-28 21:30:35.020810
PAY-26B256AA-BA52,CUST-01393,MERCH-022,58762,USD,SUCCESS,2026-09-06 02:13:57.020810
PAY-CC108116-668C,CUST-00728,MERCH-015,110724,USD,SUCCESS,2026-09-16 15:58:15.020810
PAY-13FA878F-A3A6,CUST-00679,MERCH-024,77583,EUR,PENDING,2026-09-14 09:45:51.020810
PAY-C0D92CAF-5A58,CUST-00950,MERCH-008,14571,GBP,FAILED,2026-09-24 14:24:20.020810
PAY-AC7CBF03-C098,CUST-01300,MERCH-038,19168,GBP,SUCCESS,2026-09-29 22:18:16.020810
PAY-E1DC5AB7-B0B2,CUST-00968,MERCH-013,31909,USD,PENDING,2026-09-26 01:17:21.020810
PAY-94EDB1FD-0A0A,CUST-01395,MERCH-025,78712,EUR,SUCCESS,2026-09-27 11:29:50.020810
PAY-A6FDB07F-DD7C,CUST-00847,MERCH-004,36509,USD,SUCCESS,2026-09-09 01:51:37.020810
PAY-2AE9B6E0-E770,CUST-00411,MERCH-022,149765,USD,PENDING,2026-09-21 14:56:01.020810
PAY-3158DD6A-5845,CUST-00938,MERCH-010,47779,USD,SUCCESS,2026-09-17 02:48:15.020810
PAY-FE7DFCB9-52C5,CUST-00166,MERCH-032,46853,NGN,SUCCESS,2026-09-17 21:43:56.020810
PAY-7E4667F5-F067,CUST-00642,MERCH-041,1735,USD,SUCCESS,2026-09-04 13:46:53.020810
PAY-6E985E43-C92B,CUST-00926,MERCH-018,44698,EUR,PENDING,2026-09-11 22:08:20.020810
PAY-F5EDFEB6-35A5,CUST-01181,MERCH-049,128839,USD,PENDING,2026-09-09 10:46:52.020810
PAY-077EAB7A-63B7,CUST-00181,MERCH-009,114194,USD,PENDING,2026-10-01 14:06:41.020810
PAY-FBA25F91-C8A7,CUST-01298,MERCH-028,112966,GBP,FAILED,2026-09-21 08:10:41.020810
PAY-161A9780-FF92,CUST-00978,MERCH-025,10389,USD,PENDING,2026-09-01 23:37:50.020810
PAY-D3507C70-99A6,CUST-01094,MERCH-013,4190,EUR,SUCCESS,2026-09-19 20:53:07.020810
PAY-A4313CBE-F74F,CUST-00660,MERCH-049,50458,GBP,SUCCESS,2026-09-27 12:53:24.020810
PAY-59C7E0D7-23CB,CUST-00037,MERCH-044,65727,GBP,SUCCESS,2026-09-01 22:59:43.020810
PAY-B3C0A063-30B0,CUST-00464,MERCH-045,82313,EUR,SUCCESS,2026-09-18 11:23:14.020810
PAY-20B4841E-B3EA,CUST-00265,MERCH-007,132446,USD,SUCCESS,2026-09-20 09:03:34.020810
PAY-A79D1DE6-A723,CUST-01206,MERCH-020,17614,USD,SUCCESS,2026-09-09 20:47:00.020810
PAY-598AB0A2-3EE0,CUST-00094,MERCH-020,120018,USD,SUCCESS,2026-09-15 21:01:47.020810
PAY-E7C68BBA-5210,CUST-01491,MERCH-034,137894,USD,SUCCESS,2026-09-30 17:00:43.020810
PAY-C686EA17-6748,CUST-00692,MERCH-028,90345,EUR,SUCCESS,2026-09-08 06:04:00.020810
PAY-B00CC5C6-129B,CUST-01004,MERCH-023,43723,NGN,PENDING,2026-09-10 21:43:23.020810
PAY-72BA533E-9AFF,CUST-00827,MERCH-002,59304,EUR,SUCCESS,2026-09-12 20:19:02.020810
PAY-59F144FC-E34C,CUST-01490,MERCH-009,6244,GBP,SUCCESS,2026-09-12 00:14:43.020810
PAY-85069374-AECF,CUST-01208,MERCH-033,32786,USD,SUCCESS,2026-09-09 23:04:20.020810
PAY-EC7A9E3F-A855,CUST-00751,MERCH-046,98854,GBP,SUCCESS,2026-09-03 13:43:20.020810
PAY-9724DC80-25D3,CUST-01312,MERCH-017,13236,USD,PENDING,2026-09-27 17:12:01.020810
PAY-96044DD6-385E,CUST-01217,MERCH-004,5675,GBP,SUCCESS,2026-09-07 00:09:07.020810
PAY-D698A74F-ED48,CUST-00099,MERCH-045,109755,USD,FAILED,2026-09-07 09:05:44.020810
PAY-22CED7E8-8B10,CUST-00910,MERCH-025,143966,USD,SUCCESS,2026-09-07 18:11:22.020810
PAY-84C90366-07A9,CUST-00518,MERCH-031,54369,USD,PENDING,2026-09-09 04:35:48.020810
PAY-1C1C381A-A978,CUST-01424,MERCH-044,79435,EUR,FAILED,2026-09-02 05:01:53.020810
PAY-86B2410D-6BC1,CUST-00862,MERCH-043,136895,GBP,SUCCESS,2026-09-06 15:50:27.020810
PAY-35E38CE5-CF7D,CUST-00553,MERCH-040,36456,USD,SUCCESS,2026-10-01 03:48:21.020810
PAY-D113EC31-9567,CUST-00858,MERCH-007,31363,USD,SUCCESS,2026-09-26 14:13:49.020810
PAY-7DBA5881-35BB,CUST-00579,MERCH-008,130979,GBP,SUCCESS,2026-09-06 21:59:49.020810
PAY-30DD2A60-5523,CUST-00407,MERCH-039,69442,GBP,SUCCESS,2026-09-11 10:54:56.020810
PAY-6EC13506-7A99,CUST-01072,MERCH-013,107915,EUR,SUCCESS,2026-09-19 03:11:59.020810
PAY-F43E4767-E25C,CUST-00605,MERCH-011,144191,USD,FAILED,2026-09-03 16:06:06.020810
PAY-D7DF5AA5-1C85,CUST-01017,MERCH-014,87165,USD,SUCCESS,2026-09-25 02:12:17.020810
PAY-15005F63-6D6B,CUST-00481,MERCH-001,23831,USD,SUCCESS,2026-09-02 09:02:41.020810
PAY-F0639F18-EC33,CUST-00227,MERCH-037,39597,USD,SUCCESS,2026-09-25 17:51:49.020810
PAY-A3D3318E-A417,CUST-00185,MERCH-050,20173,NGN,SUCCESS,2026-09-26 14:22:14.020810
PAY-8E528A00-A5AF,CUST-01482,MERCH-047,67580,EUR,SUCCESS,2026-09-06 16:12:10.020810
PAY-14591B75-AA10,CUST-01320,MERCH-015,78100,EUR,SUCCESS,2026-09-23 22:20:40.020810
PAY-E8D01172-0841,CUST-00541,MERCH-030,26664,USD,SUCCESS,2026-09-04 04:32:18.020810
PAY-69368F87-9727,CUST-00358,MERCH-003,94928,USD,SUCCESS,2026-09-15 20:43:34.020810
PAY-65947E56-8593,CUST-01387,MERCH-021,30882,USD,SUCCESS,2026-09-22 10:30:40.020810
PAY-39ECF865-5DD0,CUST-00195,MERCH-049,3035,NGN,SUCCESS,2026-09-03 23:39:19.020810
PAY-0B2328EB-D3D9,CUST-00284,MERCH-043,86656,USD,SUCCESS,2026-09-10 00:51:07.020810
PAY-68D10893-5B86,CUST-00733,MERCH-029,24866,EUR,SUCCESS,2026-09-14 18:47:38.020810
PAY-8704EC48-BD95,CUST-00764,MERCH-022,30340,USD,SUCCESS,2026-09-10 15:14:56.020810
PAY-089B68A3-30C6,CUST-00821,MERCH-026,71759,USD,SUCCESS,2026-09-23 22:05:49.020810
PAY-28EFCD37-93CB,CUST-00790,MERCH-045,111056,USD,SUCCESS,2026-09-24 23:23:11.020810
PAY-77B3D23C-5F77,CUST-01329,MERCH-011,35237,USD,SUCCESS,2026-09-07 05:54:40.020810
PAY-3B2C188F-2C12,CUST-01426,MERCH-047,42284,GBP,SUCCESS,2026-09-04 14:31:07.020810
PAY-3AD6C493-D25B,CUST-00213,MERCH-027,127030,USD,SUCCESS,2026-09-30 10:27:53.020810
PAY-52627873-2209,CUST-01166,MERCH-044,48016,NGN,SUCCESS,2026-09-23 00:41:15.020810
PAY-CFC15EC0-4809,CUST-01252,MERCH-025,8054,USD,SUCCESS,2026-09-19 03:59:19.020810
PAY-5B4F3FC9-79E2,CUST-01402,MERCH-047,127136,USD,SUCCESS,2026-09-08 02:24:55.020810
PAY-B553BC5E-2FC8,CUST-01000,MERCH-008,116023,USD,PENDING,2026-09-21 17:22:18.020810
PAY-99777B77-CDC6,CUST-00095,MERCH-005,82875,USD,FAILED,2026-09-14 10:59:30.020810
PAY-E1D36541-9F9D,CUST-00026,MERCH-046,148614,NGN,SUCCESS,2026-09-27 05:38:52.020810
PAY-B2007BEE-3F1B,CUST-00459,MERCH-043,136578,USD,SUCCESS,2026-09-18 04:20:22.020810
PAY-D32E2B1F-FBA3,CUST-01072,MERCH-045,113968,USD,SUCCESS,2026-09-06 09:09:21.020810
PAY-48132DAB-6CC7,CUST-01356,MERCH-047,126834,NGN,FAILED,2026-09-13 19:48:14.020810
PAY-F49BC28A-BD32,CUST-00709,MERCH-043,39468,EUR,SUCCESS,2026-09-20 10:36:16.020810
PAY-FEE921AA-E3F8,CUST-01144,MERCH-040,3552,GBP,PENDING,2026-09-04 09:45:53.020810
PAY-47DEE524-7DB8,CUST-01318,MERCH-011,123521,GBP,SUCCESS,2026-09-26 07:13:11.020810
PAY-48BF625A-776A,CUST-01016,MERCH-011,129382,EUR,SUCCESS,2026-09-05 09:24:54.020810
PAY-A077AA2F-81E0,CUST-00657,MERCH-016,73417,USD,SUCCESS,2026-09-17 19:42:40.020810
PAY-EEB18BBD-4E96,CUST-00104,MERCH-033,144809,EUR,SUCCESS,2026-09-12 13:39:45.020810
PAY-4321426E-AA2F,CUST-01318,MERCH-025,62103,USD,SUCCESS,2026-09-21 08:02:33.020810
PAY-F88514BD-0389,CUST-00162,MERCH-030,117966,USD,SUCCESS,2026-09-23 07:42:30.020810
PAY-D7728B60-956D,CUST-00181,MERCH-032,83353,USD,SUCCESS,2026-09-23 11:03:46.020810
PAY-B971A1CE-AE5F,CUST-00244,MERCH-032,27407,GBP,SUCCESS,2026-09-02 14:53:36.020810
PAY-A47418C6-0C40,CUST-00827,MERCH-027,146548,USD,SUCCESS,2026-09-03 11:56:17.020810
PAY-9048C546-5E63,CUST-01125,MERCH-001,80348,NGN,SUCCESS,2026-09-06 04:05:30.020810
PAY-B0DA9FC9-5EDD,CUST-01042,MERCH-036,120092,EUR,SUCCESS,2026-09-11 19:11:24.020810
PAY-30722325-BD2D,CUST-00699,MERCH-024,58936,USD,SUCCESS,2026-09-04 09:25:33.020810
PAY-1D2FD248-8903,CUST-00931,MERCH-022,124529,EUR,PENDING,2026-09-28 22:48:49.020810
PAY-A06E0C12-0A71,CUST-01468,MERCH-043,119128,EUR,PENDING,2026-09-19 09:27:34.020810
PAY-42F7F049-9F92,CUST-00234,MERCH-007,1075,EUR,SUCCESS,2026-09-12 12:32:41.020810
PAY-70D882B2-CD88,CUST-00700,MERCH-023,144073,NGN,SUCCESS,2026-09-15 22:22:34.020810
PAY-D6DAC2A7-550C,CUST-01070,MERCH-024,12500,USD,SUCCESS,2026-09-06 22:03:54.020810
PAY-23AC5E49-9558,CUST-00337,MERCH-032,107772,USD,SUCCESS,2026-09-08 13:49:33.020810
PAY-C332BEA5-F97C,CUST-00220,MERCH-017,51859,USD,SUCCESS,2026-10-01 09:53:05.020810
PAY-015295C6-4C6D,CUST-00385,MERCH-008,57015,USD,SUCCESS,2026-09-20 19:56:54.020810
PAY-78F507FF-08CE,CUST-00937,MERCH-013,28750,USD,SUCCESS,2026-09-18 03:54:43.020810
PAY-1F409C57-AF79,CUST-00849,MERCH-003,32801,USD,FAILED,2026-09-30 08:12:19.020810
PAY-592C95EA-D67C,CUST-00923,MERCH-030,132672,EUR,FAILED,2026-09-30 08:47:38.020810
PAY-A3547443-975B,CUST-00276,MERCH-032,139531,EUR,SUCCESS,2026-09-01 23:14:40.020810
PAY-50A6941E-C4AF,CUST-00100,MERCH-036,127097,EUR,SUCCESS,2026-09-22 18:27:05.020810
PAY-2903FFBB-4AC2,CUST-01042,MERCH-050,46021,USD,FAILED,2026-09-10 08:38:47.020810
PAY-566EEEC4-DCA2,CUST-01497,MERCH-009,102056,USD,FAILED,2026-09-06 18:50:23.020810
PAY-4F7E0478-4B98,CUST-01347,MERCH-039,84869,GBP,PENDING,2026-10-01 04:25:09.020810
PAY-E8E71112-CD8D,CUST-01033,MERCH-025,65574,NGN,SUCCESS,2026-09-22 01:58:14.020810
PAY-F2B39C52-89F8,CUST-00561,MERCH-026,77615,USD,SUCCESS,2026-09-18 09:39:01.020810
PAY-EF9EC37D-91B3,CUST-00928,MERCH-009,108698,USD,SUCCESS,2026-09-08 11:10:55.020810
PAY-2579E798-144D,CUST-01234,MERCH-045,78858,EUR,SUCCESS,2026-09-26 15:03:26.020810
PAY-CCF18619-AFFC,CUST-01437,MERCH-036,145618,USD,SUCCESS,2026-09-16 23:55:24.020810
PAY-5B0F57CD-E188,CUST-01296,MERCH-014,55474,USD,SUCCESS,2026-09-11 12:14:36.020810
PAY-1378EB8A-B2C5,CUST-01279,MERCH-046,91016,GBP,SUCCESS,2026-09-15 20:44:25.020810
PAY-BAB6FD03-E1D3,CUST-01378,MERCH-009,132592,USD,SUCCESS,2026-09-10 09:21:27.020810
PAY-CF7A2B6A-2DBD,CUST-01112,MERCH-045,30752,EUR,SUCCESS,2026-09-17 09:47:32.020810
PAY-0C958F17-5512,CUST-00722,MERCH-036,109939,USD,SUCCESS,2026-09-25 01:51:44.020810
PAY-35A8CC0D-07D1,CUST-01381,MERCH-048,75454,USD,SUCCESS,2026-09-27 16:13:57.020810
PAY-1E3E4EC7-8767,CUST-00866,MERCH-001,28410,EUR,SUCCESS,2026-09-27 03:12:55.020810
PAY-7DAD04A7-6CB6,CUST-00052,MERCH-025,14410,USD,SUCCESS,2026-09-08 19:30:31.020810
PAY-425E0416-2ACC,CUST-01373,MERCH-004,70486,NGN,SUCCESS,2026-09-11 11:05:38.020810
PAY-CBC2646A-B6BC,CUST-00330,MERCH-019,38885,EUR,SUCCESS,2026-09-13 22:06:56.020810
PAY-4303D69D-2656,CUST-00128,MERCH-045,53977,USD,SUCCESS,2026-09-16 02:03:16.020810
PAY-E562503E-5792,CUST-01109,MERCH-003,119144,USD,PENDING,2026-09-19 04:05:10.020810
PAY-09A29080-6A4C,CUST-00210,MERCH-040,59300,USD,SUCCESS,2026-09-29 00:50:03.020810
PAY-EFBD3999-4E91,CUST-01326,MERCH-036,62784,USD,SUCCESS,2026-09-20 15:16:35.020810
PAY-BC153AB6-2B65,CUST-01047,MERCH-045,12815,USD,SUCCESS,2026-09-15 17:18:50.020810
PAY-20CA2FC8-A9E7,CUST-00782,MERCH-025,82460,GBP,SUCCESS,2026-09-21 23:31:32.020810
PAY-B398110B-935F,CUST-01131,MERCH-004,66387,USD,PENDING,2026-09-02 09:17:47.020810
PAY-387C82DD-9068,CUST-00416,MERCH-040,59626,USD,PENDING,2026-09-23 06:23:51.020810
PAY-464421C3-AA4A,CUST-01298,MERCH-046,143791,USD,PENDING,2026-09-19 14:38:25.020810
PAY-DB75A794-77F5,CUST-01236,MERCH-013,77616,EUR,FAILED,2026-09-11 03:37:55.020810
PAY-6689228B-E9FB,CUST-00920,MERCH-012,49514,NGN,SUCCESS,2026-09-05 08:57:12.020810
PAY-AEFE98C1-1C4D,CUST-00356,MERCH-048,31787,NGN,SUCCESS,2026-09-26 16:51:56.020810
PAY-9DAD28CC-705C,CUST-00773,MERCH-003,73667,USD,SUCCESS,2026-09-22 13:26:19.020810
PAY-7CC7EF30-8033,CUST-01140,MERCH-017,42686,USD,SUCCESS,2026-09-08 01:43:45.020810
PAY-D21D7BB9-057E,CUST-01197,MERCH-017,87155,USD,SUCCESS,2026-09-02 00:46:04.020810
PAY-11CF67ED-4B5D,CUST-00956,MERCH-046,10970,GBP,FAILED,2026-09-09 06:33:09.020810
PAY-063D4796-D87F,CUST-00315,MERCH-021,13831,USD,SUCCESS,2026-09-30 17:36:24.020810
PAY-D9D1B514-148B,CUST-01281,MERCH-040,129094,USD,SUCCESS,2026-09-16 09:03:41.020810
PAY-F3F53EA3-ED05,CUST-01173,MERCH-036,19605,USD,SUCCESS,2026-09-19 03:23:26.020810
PAY-7C778B39-8623,CUST-01450,MERCH-021,58161,USD,PENDING,2026-09-27 06:19:13.020810
PAY-18BCD9C1-39B3,CUST-00377,MERCH-034,132919,USD,SUCCESS,2026-09-05 01:37:19.020810
PAY-1B263D87-10D5,CUST-00327,MERCH-027,141280,USD,SUCCESS,2026-09-28 02:55:30.020810
PAY-54F70CAF-BAF7,CUST-00827,MERCH-006,58485,USD,SUCCESS,2026-09-18 17:16:29.020810
PAY-ED12795C-FE41,CUST-00437,MERCH-043,87287,USD,SUCCESS,2026-09-17 20:51:47.020810
PAY-932B8C7E-9E55,CUST-00739,MERCH-019,139567,NGN,PENDING,2026-09-12 08:41:52.020810
PAY-E9E73952-0FCF,CUST-00973,MERCH-036,30573,EUR,SUCCESS,2026-09-02 04:26:52.020810
PAY-1B43D741-4003,CUST-01370,MERCH-023,63505,EUR,SUCCESS,2026-09-23 09:25:50.020810
PAY-76FCAB84-D111,CUST-01316,MERCH-040,10953,USD,SUCCESS,2026-09-13 14:16:12.020810
PAY-3C0E22E6-4459,CUST-01398,MERCH-021,30220,USD,SUCCESS,2026-09-20 06:31:19.020810
PAY-911C146E-3890,CUST-00791,MERCH-017,74641,USD,PENDING,2026-09-27 23:36:46.020810
PAY-2BE64240-CC69,CUST-00051,MERCH-034,135323,NGN,FAILED,2026-09-19 23:02:55.020810
PAY-FAC5EDA4-B241,CUST-01042,MERCH-029,11995,USD,PENDING,2026-09-25 09:21:33.020810
PAY-34DA2CBE-6A2C,CUST-00608,MERCH-042,84468,USD,FAILED,2026-09-11 02:29:02.020810
PAY-3AFD3487-4A34,CUST-01053,MERCH-006,44381,USD,FAILED,2026-09-06 09:59:17.020810
PAY-EC94AA0A-E151,CUST-01102,MERCH-035,17663,USD,PENDING,2026-09-02 02:43:53.020810
PAY-912E7138-5201,CUST-00432,MERCH-043,111703,NGN,SUCCESS,2026-09-12 02:33:28.020810
PAY-696210D8-FD95,CUST-00213,MERCH-014,114594,USD,PENDING,2026-09-27 20:43:11.020810
PAY-D03506C8-7F00,CUST-01325,MERCH-005,6726,USD,PENDING,2026-09-09 05:19:40.020810
PAY-EA4D602F-E814,CUST-00941,MERCH-046,10431,USD,SUCCESS,2026-09-17 20:40:02.020810
PAY-5FA82EAA-1FBC,CUST-00180,MERCH-005,47159,USD,SUCCESS,2026-09-04 09:25:03.020810
PAY-A8E976B3-324D,CUST-00516,MERCH-036,60175,GBP,SUCCESS,2026-09-05 04:15:42.020810
PAY-582BDF37-0CCC,CUST-00530,MERCH-027,118759,USD,SUCCESS,2026-09-20 14:16:53.020810
PAY-AEAD54BA-72D5,CUST-01291,MERCH-026,83443,USD,PENDING,2026-09-22 18:42:05.020810
PAY-6B796FAD-FCFF,CUST-00035,MERCH-025,140703,NGN,SUCCESS,2026-09-07 12:01:37.020810
PAY-4CD6BC98-1156,CUST-00013,MERCH-042,12431,GBP,FAILED,2026-09-04 19:52:04.020810
PAY-2E99580D-CD08,CUST-01436,MERCH-005,132315,USD,PENDING,2026-09-19 02:56:30.020810
PAY-C8FF7638-8AD0,CUST-00218,MERCH-019,23176,USD,SUCCESS,2026-09-16 09:17:23.020810
PAY-DDFF0B34-712B,CUST-00577,MERCH-049,100485,GBP,SUCCESS,2026-09-23 00:07:13.020810
PAY-4431E058-4C4F,CUST-00810,MERCH-043,124753,GBP,PENDING,2026-09-03 06:05:51.020810
PAY-AA1FF567-6945,CUST-00321,MERCH-035,36251,USD,PENDING,2026-09-12 10:21:10.020810
PAY-A82A7044-9269,CUST-00801,MERCH-035,38268,USD,SUCCESS,2026-09-16 01:51:56.020810
PAY-81422E27-1447,CUST-00611,MERCH-044,3422,EUR,PENDING,2026-09-19 20:55:09.020810
PAY-0D34D76D-0DA5,CUST-01134,MERCH-036,32805,USD,SUCCESS,2026-09-08 14:54:11.020810
PAY-D3300711-4682,CUST-00086,MERCH-001,103806,EUR,FAILED,2026-09-29 13:27:22.020810
PAY-792E7DCC-E641,CUST-01101,MERCH-036,80372,EUR,SUCCESS,2026-09-05 21:22:14.020810
PAY-B5C8F8F1-6816,CUST-00431,MERCH-048,56005,USD,SUCCESS,2026-09-18 10:48:25.020810
PAY-3FB42604-8C08,CUST-00846,MERCH-042,37843,GBP,SUCCESS,2026-09-26 15:21:28.020810
PAY-0095BB3F-6706,CUST-00330,MERCH-012,66754,USD,PENDING,2026-09-12 11:25:38.020810
PAY-EB65B3EF-0D0D,CUST-00398,MERCH-008,149212,USD,PENDING,2026-09-10 13:29:17.020810
PAY-BE4F6C63-0A58,CUST-00112,MERCH-049,121417,EUR,FAILED,2026-09-28 09:38:55.020810
PAY-346B255C-46AE,CUST-01321,MERCH-036,76692,USD,SUCCESS,2026-09-05 07:24:37.020810
PAY-ECF3C601-048E,CUST-01376,MERCH-005,26243,EUR,FAILED,2026-09-13 22:15:47.020810
PAY-3A8715BE-27A8,CUST-00405,MERCH-047,128214,EUR,SUCCESS,2026-09-29 22:38:01.020810
PAY-21332E55-FC05,CUST-00678,MERCH-023,61981,GBP,FAILED,2026-09-07 23:34:20.020810
PAY-3B230B76-3816,CUST-00205,MERCH-019,51224,EUR,FAILED,2026-09-05 03:31:26.020810
PAY-0DD6850F-640E,CUST-00651,MERCH-032,86573,GBP,SUCCESS,2026-09-23 15:13:53.020810
PAY-13FF524D-121F,CUST-01263,MERCH-043,40449,USD,SUCCESS,2026-09-16 14:19:42.020810
PAY-AE64F5E1-E865,CUST-01159,MERCH-037,83424,USD,SUCCESS,2026-09-19 10:51:23.020810
PAY-C836E2C2-6E56,CUST-00878,MERCH-011,82607,USD,SUCCESS,2026-09-01 23:49:13.020810
PAY-CECB2C1B-A8CC,CUST-00505,MERCH-015,73029,USD,SUCCESS,2026-09-22 22:18:43.020810
PAY-72D5D9DA-2E13,CUST-00737,MERCH-009,126317,GBP,PENDING,2026-09-17 20:29:22.020810
PAY-FCDD6E8D-6FE6,CUST-00948,MERCH-029,80577,USD,PENDING,2026-09-19 04:09:18.020810
PAY-AC43BDF1-49C6,CUST-00998,MERCH-036,46577,USD,SUCCESS,2026-09-07 00:59:24.020810
PAY-AC073616-A82C,CUST-01323,MERCH-039,74061,USD,SUCCESS,2026-09-05 17:41:49.020810
PAY-2B848A1C-6E1F,CUST-00287,MERCH-035,69505,GBP,FAILED,2026-09-11 07:03:02.020810
PAY-A18C9B60-A4BA,CUST-01284,MERCH-005,5383,USD,SUCCESS,2026-09-05 10:02:17.020810
PAY-E7C1E833-FEE6,CUST-01039,MERCH-041,106703,USD,SUCCESS,2026-09-03 06:32:05.020810
PAY-D6CB5B1E-BCA3,CUST-01209,MERCH-014,145097,USD,SUCCESS,2026-09-03 12:53:54.020810
PAY-A2FD9D17-FD55,CUST-00534,MERCH-035,124259,GBP,PENDING,2026-09-27 22:57:36.020810
PAY-9B0D9112-023C,CUST-01340,MERCH-050,96397,USD,PENDING,2026-09-08 23:21:38.020810
PAY-5DD0383F-9D37,CUST-00804,MERCH-015,76783,USD,SUCCESS,2026-09-30 09:07:31.020810
PAY-A607BB31-33C1,CUST-00275,MERCH-030,134301,USD,SUCCESS,2026-09-26 02:02:29.020810
PAY-BFE0F83E-5286,CUST-00186,MERCH-026,132140,NGN,SUCCESS,2026-09-19 10:07:29.020810
PAY-02196F80-4466,CUST-00022,MERCH-043,43974,USD,SUCCESS,2026-09-13 08:30:25.020810
PAY-78B1E6A8-2D89,CUST-01053,MERCH-009,42239,USD,PENDING,2026-09-23 10:04:31.020810
PAY-B8A544A0-07CF,CUST-00367,MERCH-037,38825,USD,SUCCESS,2026-09-29 05:24:36.020810
PAY-699B2482-B625,CUST-01500,MERCH-031,11095,USD,SUCCESS,2026-09-19 04:13:04.020810
PAY-47A083E9-C9D8,CUST-00449,MERCH-049,61251,USD,SUCCESS,2026-09-25 10:20:06.020810
PAY-D17E5701-85B7,CUST-00129,MERCH-017,61846,USD,FAILED,2026-09-19 16:36:50.020810
PAY-BB826716-C03C,CUST-00088,MERCH-043,136260,GBP,FAILED,2026-09-11 19:06:00.020810
PAY-DAA028F3-FCB2,CUST-00740,MERCH-025,119682,USD,SUCCESS,2026-09-24 13:24:03.020810
PAY-97495654-6AB2,CUST-00096,MERCH-003,27559,USD,FAILED,2026-09-17 11:45:39.020810
PAY-A147E579-2861,CUST-01442,MERCH-034,69526,USD,SUCCESS,2026-09-15 00:50:09.020810
PAY-0337115B-72BA,CUST-01186,MERCH-035,46073,USD,SUCCESS,2026-09-29 10:28:32.020810
PAY-7869FDE1-4020,CUST-00772,MERCH-042,96260,EUR,SUCCESS,2026-09-20 03:11:48.020810
PAY-DB88068A-DA91,CUST-01204,MERCH-042,135940,EUR,SUCCESS,2026-09-05 12:52:41.020810
PAY-F8BD23ED-C4B2,CUST-00516,MERCH-025,135863,USD,SUCCESS,2026-09-12 13:53:14.020810
PAY-97103014-957A,CUST-00832,MERCH-023,128127,USD,SUCCESS,2026-09-18 12:10:57.020810
PAY-E340B34A-80F6,CUST-00988,MERCH-039,132053,EUR,SUCCESS,2026-09-02 01:52:39.020810
PAY-20B09D17-889D,CUST-00285,MERCH-029,60790,GBP,SUCCESS,2026-09-09 19:08:08.020810
PAY-85AE5070-3E0F,CUST-00158,MERCH-033,55947,USD,FAILED,2026-09-15 09:21:27.020810
PAY-3270A584-0C48,CUST-00308,MERCH-012,95454,USD,SUCCESS,2026-09-09 09:31:31.020810
PAY-124794DD-60CE,CUST-01233,MERCH-046,60883,USD,SUCCESS,2026-09-07 12:03:19.020810
PAY-A290CD48-7CFF,CUST-00850,MERCH-022,126726,GBP,SUCCESS,2026-09-07 06:14:23.020810
PAY-44BE314A-93A8,CUST-01383,MERCH-031,55734,GBP,PENDING,2026-09-25 00:17:27.020810
PAY-11920099-AC4B,CUST-01210,MERCH-011,6384,USD,PENDING,2026-09-21 16:55:23.020810
PAY-F681738A-C698,CUST-00500,MERCH-003,42739,USD,PENDING,2026-09-07 23:11:16.020810
PAY-9ED94C23-03F9,CUST-00276,MERCH-041,10773,USD,SUCCESS,2026-09-26 15:27:46.020810
PAY-A10869D7-C91C,CUST-01173,MERCH-010,44105,USD,SUCCESS,2026-09-04 11:19:58.020810
PAY-851E142E-0FE2,CUST-00529,MERCH-012,106787,EUR,FAILED,2026-09-26 20:07:15.020810
PAY-E9863C42-ED1B,CUST-01228,MERCH-037,74805,USD,SUCCESS,2026-09-02 15:53:05.020810
PAY-354733FF-3BEF,CUST-00176,MERCH-014,124078,EUR,SUCCESS,2026-09-23 13:33:02.020810
PAY-9440E271-88CE,CUST-00987,MERCH-011,108180,NGN,FAILED,2026-09-12 09:46:05.020810
PAY-4AC20D51-E736,CUST-01231,MERCH-010,48179,NGN,FAILED,2026-09-30 01:01:22.020810
PAY-C3F7F3FC-82E9,CUST-01277,MERCH-043,69842,USD,SUCCESS,2026-09-26 13:19:18.020810
PAY-4ED0D098-713C,CUST-00344,MERCH-047,119374,GBP,SUCCESS,2026-09-18 09:25:54.020810
PAY-2E4B9ECF-C1B9,CUST-01222,MERCH-038,60744,USD,SUCCESS,2026-09-05 02:23:55.020810
PAY-7D3182AA-3831,CUST-00775,MERCH-025,28961,NGN,SUCCESS,2026-09-08 04:13:49.020810
PAY-624C95B2-41D8,CUST-00034,MERCH-013,132714,USD,SUCCESS,2026-09-27 03:11:37.020810
PAY-10C91B2C-BFCF,CUST-01402,MERCH-027,25744,USD,SUCCESS,2026-09-09 00:26:32.020810
PAY-146AA2E2-1FD6,CUST-00364,MERCH-031,10733,USD,SUCCESS,2026-10-01 14:25:27.020810
PAY-F485ABDF-2C20,CUST-01089,MERCH-033,24929,GBP,SUCCESS,2026-09-07 11:06:26.020810
PAY-AA0443D4-F2BE,CUST-00988,MERCH-043,141870,GBP,PENDING,2026-09-08 02:02:05.020810
PAY-20BD44B4-19DF,CUST-00003,MERCH-050,137350,USD,SUCCESS,2026-09-22 16:55:15.020810
PAY-C8F3CE77-32A8,CUST-00862,MERCH-024,139388,USD,PENDING,2026-09-03 20:48:00.020810
PAY-C9874908-869A,CUST-00879,MERCH-015,100438,USD,SUCCESS,2026-09-25 03:54:19.020810
PAY-B7D19D80-575E,CUST-00718,MERCH-038,26115,EUR,SUCCESS,2026-09-29 17:25:12.020810
PAY-D6616336-33B6,CUST-00872,MERCH-009,125579,USD,SUCCESS,2026-09-14 02:43:32.020810
PAY-5DD33825-6B0D,CUST-00477,MERCH-006,143035,EUR,SUCCESS,2026-09-15 12:13:13.020810
PAY-A8B3A31B-FAEE,CUST-00837,MERCH-017,1933,EUR,SUCCESS,2026-09-10 22:24:58.020810
PAY-E5B0D986-0354,CUST-01453,MERCH-048,137480,EUR,SUCCESS,2026-09-02 02:28:45.020810
PAY-B4B2CBA5-BFFF,CUST-00242,MERCH-034,98811,GBP,SUCCESS,2026-09-02 02:34:21.020810
PAY-BFB5D203-B02A,CUST-01341,MERCH-014,107676,USD,SUCCESS,2026-09-17 02:14:34.020810
PAY-8A2AD02E-DEBD,CUST-00742,MERCH-007,112192,USD,SUCCESS,2026-09-09 06:31:15.020810
PAY-CC63FA08-B132,CUST-01335,MERCH-038,68998,USD,FAILED,2026-09-14 01:41:39.020810
PAY-5EA5DC4A-833D,CUST-01098,MERCH-028,96351,USD,SUCCESS,2026-09-29 04:04:45.020810
PAY-377DCB7F-54B4,CUST-01254,MERCH-018,53897,USD,SUCCESS,2026-09-21 01:15:30.020810
PAY-F77024A1-71F1,CUST-00847,MERCH-036,126976,USD,SUCCESS,2026-09-28 19:47:54.020810
PAY-9146A65B-29E6,CUST-00367,MERCH-024,145966,USD,SUCCESS,2026-09-28 21:34:56.020810
PAY-46162818-3AF5,CUST-00991,MERCH-017,90770,USD,SUCCESS,2026-09-16 15:28:03.020810
PAY-3D448ABE-1A71,CUST-01445,MERCH-026,31717,USD,SUCCESS,2026-09-08 11:03:08.020810
PAY-CAA44900-6F43,CUST-00471,MERCH-029,26787,NGN,SUCCESS,2026-09-09 14:41:44.020810
PAY-52FD5863-0DBD,CUST-00440,MERCH-033,89219,EUR,SUCCESS,2026-09-21 04:52:41.020810
PAY-E9A3054B-E566,CUST-01128,MERCH-040,42636,GBP,FAILED,2026-09-04 06:50:12.020810
PAY-99B171C9-509B,CUST-00797,MERCH-041,24378,USD,PENDING,2026-09-02 00:21:17.020810
PAY-E0DA3DBA-8195,CUST-00298,MERCH-031,114631,USD,SUCCESS,2026-09-30 21:31:38.020810
PAY-226E5371-097B,CUST-00181,MERCH-005,58635,GBP,FAILED,2026-09-14 12:42:54.020810
PAY-CE8D63FB-7B7A,CUST-00760,MERCH-006,10397,USD,SUCCESS,2026-10-01 07:45:39.020810
PAY-635018D6-67D9,CUST-01484,MERCH-025,137078,USD,SUCCESS,2026-09-21 04:58:33.020810
PAY-C04883B2-E044,CUST-00587,MERCH-046,15563,GBP,SUCCESS,2026-09-30 18:17:48.020810
PAY-2D97E3EE-92B8,CUST-00359,MERCH-041,115573,USD,SUCCESS,2026-09-25 18:10:18.020810
PAY-770D630F-0576,CUST-00022,MERCH-013,75474,USD,SUCCESS,2026-09-26 21:52:59.020810
PAY-85E1A290-37F2,CUST-00399,MERCH-003,134337,EUR,PENDING,2026-09-30 20:40:34.020810
PAY-53BCEFCA-E0CB,CUST-01057,MERCH-045,44928,GBP,SUCCESS,2026-09-13 00:06:25.020810
PAY-91DE5528-AC76,CUST-01381,MERCH-003,63219,GBP,FAILED,2026-09-19 05:19:05.020810
PAY-487B2643-2C8B,CUST-01342,MERCH-001,23265,GBP,SUCCESS,2026-09-09 09:37:38.020810
PAY-93AE8A4B-D4CC,CUST-00566,MERCH-050,93070,USD,SUCCESS,2026-09-21 03:33:53.020810
PAY-0FC57087-D639,CUST-01372,MERCH-026,53010,USD,SUCCESS,2026-09-21 10:34:31.020810
PAY-D9951457-AF60,CUST-01061,MERCH-001,24136,USD,SUCCESS,2026-09-05 02:08:08.020810
PAY-32DFFCAE-FCF0,CUST-01126,MERCH-019,91751,EUR,SUCCESS,2026-09-28 21:36:20.020810
PAY-1E5184A8-CFDA,CUST-00712,MERCH-018,51493,USD,PENDING,2026-09-12 17:50:39.020810
PAY-EEB82036-0101,CUST-00932,MERCH-026,1719,NGN,FAILED,2026-09-29 16:00:20.020810
PAY-26CB8989-9799,CUST-00535,MERCH-012,133207,NGN,SUCCESS,2026-09-21 12:32:13.020810
PAY-A6EDB69C-038A,CUST-00219,MERCH-036,132402,NGN,SUCCESS,2026-09-05 06:31:35.020810
PAY-644222E5-AD01,CUST-00603,MERCH-022,135055,USD,SUCCESS,2026-09-07 10:30:58.020810
PAY-1197515B-BC43,CUST-00528,MERCH-035,66073,USD,SUCCESS,2026-09-29 15:59:26.020810
PAY-50E416EB-BF96,CUST-01422,MERCH-029,148131,EUR,FAILED,2026-09-20 01:31:16.020810
PAY-49C93185-C297,CUST-00991,MERCH-050,89540,USD,SUCCESS,2026-09-13 13:37:28.020810
PAY-98992EEF-CD68,CUST-00940,MERCH-044,7669,GBP,SUCCESS,2026-09-24 02:58:08.020810
PAY-3A9FD275-A5AC,CUST-00988,MERCH-008,18208,USD,SUCCESS,2026-09-14 06:34:21.020810
PAY-D7A15E84-E59E,CUST-00784,MERCH-041,60774,USD,SUCCESS,2026-09-12 10:57:17.020810
PAY-8BE54156-DEE9,CUST-00647,MERCH-027,135898,NGN,SUCCESS,2026-09-18 21:34:40.020810
PAY-01100C13-5651,CUST-01098,MERCH-001,65579,USD,PENDING,2026-09-14 13:00:55.020810
PAY-34D24B1D-D69C,CUST-00589,MERCH-006,90151,EUR,SUCCESS,2026-09-21 02:58:43.020810
PAY-C22D1F9A-5055,CUST-00156,MERCH-036,125426,USD,SUCCESS,2026-09-10 10:08:30.020810
PAY-E03B9E59-41F1,CUST-00643,MERCH-023,71036,EUR,SUCCESS,2026-09-12 08:50:19.020810
PAY-F0E257CF-7A8E,CUST-00375,MERCH-048,131309,USD,PENDING,2026-09-10 23:45:07.020810
PAY-AB010B94-0F63,CUST-00409,MERCH-016,70074,USD,SUCCESS,2026-09-13 12:12:25.020810
PAY-0960F97B-90C5,CUST-00424,MERCH-015,65956,USD,SUCCESS,2026-09-11 14:25:51.020810
PAY-AB9BFA24-423B,CUST-01267,MERCH-023,28467,USD,SUCCESS,2026-09-09 07:56:19.020810
PAY-9A615E60-3939,CUST-00246,MERCH-006,2236,GBP,SUCCESS,2026-09-25 16:11:13.020810
PAY-39E8C7C4-5EF2,CUST-01109,MERCH-003,97806,USD,SUCCESS,2026-09-25 04:06:06.020810
PAY-5FD61980-3B9A,CUST-01272,MERCH-021,72519,USD,SUCCESS,2026-09-25 15:48:32.020810
PAY-2402586D-D3E2,CUST-01006,MERCH-012,73970,USD,SUCCESS,2026-09-26 13:42:16.020810
PAY-B2B5C74B-D078,CUST-00815,MERCH-015,34118,USD,FAILED,2026-09-29 18:03:16.020810
PAY-87F2B486-7F13,CUST-00111,MERCH-034,125888,NGN,FAILED,2026-09-22 07:13:35.020810
PAY-C232F10C-084C,CUST-01108,MERCH-003,91539,GBP,SUCCESS,2026-09-26 03:37:00.020810
PAY-BFE3A455-F604,CUST-00807,MERCH-044,120351,NGN,SUCCESS,2026-09-10 05:50:52.020810
PAY-68F35D50-9DA1,CUST-00247,MERCH-045,121104,NGN,PENDING,2026-09-26 21:56:36.020810
PAY-AC024E90-F2DB,CUST-00647,MERCH-045,3598,EUR,PENDING,2026-09-02 03:59:57.020810
PAY-17B2ED48-75DE,CUST-01381,MERCH-014,26910,USD,SUCCESS,2026-09-20 04:15:23.020810
PAY-FFCE5F4F-A358,CUST-00667,MERCH-024,68578,USD,SUCCESS,2026-10-01 12:07:44.020810
PAY-DC7F04E1-8296,CUST-00384,MERCH-036,62664,USD,SUCCESS,2026-09-14 12:25:55.020810
PAY-678D1BB5-B18F,CUST-00552,MERCH-031,90440,NGN,SUCCESS,2026-10-01 12:29:07.020810
PAY-91548548-CB0E,CUST-00750,MERCH-012,111634,GBP,PENDING,2026-09-25 23:18:00.020810
PAY-58F5DAA0-DABE,CUST-00432,MERCH-027,96203,NGN,PENDING,2026-09-19 19:57:46.020810
PAY-8F94C4E9-BCA9,CUST-00821,MERCH-018,47656,USD,PENDING,2026-09-23 15:19:41.020810
PAY-A6326099-B731,CUST-01171,MERCH-009,60417,GBP,SUCCESS,2026-09-29 17:09:16.020810
PAY-9FF6C0E6-3DC6,CUST-00205,MERCH-047,62314,USD,FAILED,2026-09-14 20:42:15.020810
PAY-E5C1B1D9-B431,CUST-01138,MERCH-028,51896,USD,SUCCESS,2026-09-20 05:57:07.020810
PAY-68487E5D-C7DB,CUST-00299,MERCH-048,124490,EUR,SUCCESS,2026-09-09 00:25:37.020810
PAY-2E47FD77-B758,CUST-00020,MERCH-012,131466,USD,FAILED,2026-09-22 05:17:52.020810
PAY-483111CA-4E8B,CUST-00276,MERCH-041,140480,USD,SUCCESS,2026-09-26 20:32:51.020810
PAY-4A034972-57D5,CUST-01476,MERCH-021,79152,USD,SUCCESS,2026-09-25 09:08:40.020810
PAY-E1C4C498-FE0F,CUST-00514,MERCH-036,13006,NGN,SUCCESS,2026-09-29 07:45:57.020810
PAY-93E1FF90-5AFB,CUST-00816,MERCH-007,16238,EUR,SUCCESS,2026-09-09 16:29:52.020810
PAY-5C638C5B-52A5,CUST-00442,MERCH-017,25744,USD,FAILED,2026-09-24 21:23:58.020810
PAY-58EFB2A9-E54B,CUST-00922,MERCH-048,68596,EUR,SUCCESS,2026-09-18 00:05:38.020810
PAY-5066E990-D07D,CUST-00740,MERCH-024,146643,USD,SUCCESS,2026-09-28 23:02:45.020810
PAY-B68FD3D4-B921,CUST-00528,MERCH-023,108440,USD,SUCCESS,2026-09-02 17:18:02.020810
PAY-0E4D6622-E73B,CUST-00249,MERCH-023,52655,USD,SUCCESS,2026-10-01 03:44:16.020810
PAY-979A170B-769F,CUST-01182,MERCH-037,46254,USD,PENDING,2026-09-27 21:31:00.020810
PAY-92395F6B-48E8,CUST-00583,MERCH-023,134309,NGN,SUCCESS,2026-09-17 12:56:54.020810
PAY-D0800793-F230,CUST-00999,MERCH-050,21054,GBP,SUCCESS,2026-09-23 10:54:07.020810
PAY-5D12C5CF-D4A9,CUST-00781,MERCH-040,122069,USD,FAILED,2026-09-15 16:00:53.020810
PAY-4F30F530-8438,CUST-01294,MERCH-010,88944,NGN,PENDING,2026-09-09 21:25:49.020810
PAY-3A160D97-4BEB,CUST-00864,MERCH-041,106608,USD,SUCCESS,2026-10-01 11:35:01.020810
PAY-310A1C8F-9D75,CUST-00147,MERCH-006,90579,GBP,SUCCESS,2026-09-09 14:56:02.020810
PAY-9ECAA695-DEAC,CUST-00468,MERCH-021,76877,USD,SUCCESS,2026-09-17 03:22:50.020810
PAY-91B23CA4-7407,CUST-01455,MERCH-018,104166,EUR,SUCCESS,2026-10-01 03:30:55.020810
PAY-3289F033-DAB4,CUST-00556,MERCH-029,137060,USD,PENDING,2026-09-19 09:18:30.020810
PAY-F9D42954-AD84,CUST-00923,MERCH-027,48704,USD,SUCCESS,2026-09-09 21:07:50.020810
PAY-6CABF7DC-F4E6,CUST-00048,MERCH-009,66467,USD,SUCCESS,2026-09-13 03:33:04.020810
PAY-281D0317-8426,CUST-01436,MERCH-048,55700,USD,SUCCESS,2026-09-05 15:28:22.020810
PAY-81815411-335C,CUST-00342,MERCH-026,25548,GBP,SUCCESS,2026-09-06 18:12:19.020810
PAY-04E0B48E-0A3C,CUST-00131,MERCH-031,14610,NGN,SUCCESS,2026-09-28 09:09:44.020810
PAY-02087F69-52F0,CUST-00054,MERCH-050,137858,USD,SUCCESS,2026-09-21 00:44:38.020810
PAY-AC6B17B2-A0AE,CUST-00171,MERCH-007,41204,USD,FAILED,2026-09-14 11:58:11.020810
PAY-63BEC8FF-7AF7,CUST-00173,MERCH-042,81599,USD,SUCCESS,2026-09-20 16:23:40.020810
PAY-59D870E2-4A55,CUST-00470,MERCH-016,116671,GBP,PENDING,2026-09-15 13:16:44.020810
PAY-87DCE5D9-A1AE,CUST-01284,MERCH-009,138582,GBP,SUCCESS,2026-09-08 03:08:23.020810
PAY-C205FA9A-7091,CUST-00350,MERCH-002,94043,GBP,SUCCESS,2026-09-03 11:08:57.020810
PAY-0F0ADC82-4113,CUST-00667,MERCH-031,142210,USD,SUCCESS,2026-09-24 10:30:38.020810
PAY-1D281189-4724,CUST-00558,MERCH-036,35919,USD,SUCCESS,2026-09-23 08:28:21.020810
PAY-0A720088-E8DD,CUST-01429,MERCH-035,120180,USD,PENDING,2026-09-10 08:27:12.020810
PAY-CBBAEFE9-49FC,CUST-01293,MERCH-048,114526,USD,SUCCESS,2026-09-29 03:16:49.020810
PAY-1A199EB5-4DCF,CUST-01073,MERCH-041,81675,USD,PENDING,2026-09-27 16:05:39.020810
PAY-DFDCCF1F-6703,CUST-00712,MERCH-031,60040,USD,SUCCESS,2026-09-27 22:56:59.020810
PAY-7801574D-2246,CUST-00184,MERCH-029,96387,GBP,FAILED,2026-09-16 16:52:59.020810
PAY-00E7F546-0DAE,CUST-00845,MERCH-017,80079,USD,SUCCESS,2026-09-09 07:36:53.020810
PAY-E26CF54F-CB8C,CUST-00022,MERCH-001,36230,GBP,SUCCESS,2026-09-27 03:53:54.020810
PAY-AF5C84C9-D6F1,CUST-00705,MERCH-019,140772,USD,PENDING,2026-09-24 12:50:45.020810
PAY-6801A5EC-4C33,CUST-00018,MERCH-045,125560,USD,SUCCESS,2026-09-25 15:19:57.020810
PAY-6A5669A6-D020,CUST-00614,MERCH-001,77287,USD,SUCCESS,2026-09-22 15:41:03.020810
PAY-696700B0-695B,CUST-01223,MERCH-015,144210,USD,FAILED,2026-09-02 02:36:01.020810
PAY-83289742-9722,CUST-00766,MERCH-013,147445,USD,SUCCESS,2026-09-21 17:53:52.020810
PAY-82BEB47B-5EB5,CUST-00896,MERCH-026,43300,USD,SUCCESS,2026-09-13 21:20:27.020810
PAY-AA4CB755-A28C,CUST-01465,MERCH-048,99684,NGN,SUCCESS,2026-09-20 16:15:04.020810
PAY-4BB14C9A-44EB,CUST-00452,MERCH-017,111187,USD,SUCCESS,2026-09-05 14:28:36.020810
PAY-19B9790B-C2FC,CUST-01281,MERCH-016,71767,USD,SUCCESS,2026-09-26 20:05:06.020810
PAY-AC73C8AF-C507,CUST-00584,MERCH-042,70970,EUR,PENDING,2026-09-27 13:57:02.020810
PAY-2B88217A-6623,CUST-00846,MERCH-013,48316,USD,SUCCESS,2026-09-05 01:57:25.020810
PAY-577DDF12-4F72,CUST-00280,MERCH-019,119865,EUR,FAILED,2026-09-07 02:45:55.020810
PAY-2699B94C-AF85,CUST-01266,MERCH-029,129473,USD,SUCCESS,2026-09-14 23:15:00.020810
PAY-B7886C7F-974C,CUST-00385,MERCH-021,40385,USD,FAILED,2026-09-02 16:47:17.020810
PAY-61E9D237-AEBA,CUST-00102,MERCH-035,49242,GBP,SUCCESS,2026-09-02 19:58:30.020810
PAY-1A34A9D1-7D19,CUST-00210,MERCH-019,33278,USD,PENDING,2026-09-14 19:49:33.020810
PAY-5B8A682B-716C,CUST-01465,MERCH-029,61529,GBP,PENDING,2026-09-02 03:44:57.020810
PAY-E88B9EB9-7788,CUST-00185,MERCH-010,129888,GBP,SUCCESS,2026-09-02 11:20:47.020810
PAY-2574C9E9-3ECF,CUST-00445,MERCH-022,82177,USD,SUCCESS,2026-09-22 03:48:34.020810
PAY-E99EB040-C1AE,CUST-01021,MERCH-024,8819,USD,SUCCESS,2026-09-24 06:25:20.020810
PAY-01E8A238-FDEF,CUST-00677,MERCH-006,15190,EUR,SUCCESS,2026-09-08 20:23:43.020810
PAY-482C6563-A372,CUST-00546,MERCH-050,19213,GBP,SUCCESS,2026-09-20 19:23:43.020810
PAY-B50CDAD3-B6D0,CUST-01113,MERCH-031,50882,NGN,SUCCESS,2026-09-10 13:46:28.020810
PAY-16F83C9F-A2AD,CUST-00513,MERCH-025,32471,USD,SUCCESS,2026-09-02 08:53:20.020810
PAY-9E4A2DB9-DC5D,CUST-01464,MERCH-016,116619,USD,FAILED,2026-09-20 10:30:46.020810
PAY-17025B4B-53DD,CUST-00507,MERCH-048,52713,GBP,SUCCESS,2026-09-03 09:13:59.020810
PAY-B24C904F-A705,CUST-00944,MERCH-048,137113,USD,SUCCESS,2026-09-06 07:39:45.020810
PAY-25D1B5F9-A12D,CUST-01364,MERCH-014,102506,USD,PENDING,2026-09-24 17:04:21.020810
PAY-388A9486-FA7D,CUST-01396,MERCH-020,42079,GBP,SUCCESS,2026-09-17 10:35:12.020810
PAY-232BADAD-5AD5,CUST-01289,MERCH-047,144569,EUR,SUCCESS,2026-09-03 19:20:27.020810
PAY-AD0E48FD-9F5D,CUST-01067,MERCH-008,126651,NGN,SUCCESS,2026-09-14 01:19:17.020810
PAY-3D9B4820-7268,CUST-01308,MERCH-020,94983,EUR,PENDING,2026-09-11 09:43:14.020810
PAY-28113201-9F9D,CUST-00107,MERCH-043,30103,USD,FAILED,2026-09-12 07:55:57.020810
PAY-72B7AB0E-4B2A,CUST-00484,MERCH-041,85569,USD,SUCCESS,2026-09-22 20:01:32.020810
PAY-AD77935E-9A5E,CUST-00031,MERCH-011,31865,USD,PENDING,2026-09-15 03:52:14.020810
PAY-5515DBB5-8C9B,CUST-00811,MERCH-016,11508,GBP,FAILED,2026-09-02 04:35:41.020810
PAY-425C49E5-B9C2,CUST-01191,MERCH-045,41130,EUR,SUCCESS,2026-09-24 19:55:16.020810
PAY-BB8AD0EE-B607,CUST-00761,MERCH-050,65701,NGN,SUCCESS,2026-09-06 02:26:32.020810
PAY-D67892F0-A3E4,CUST-00323,MERCH-032,89215,USD,SUCCESS,2026-09-06 04:40:52.020810
PAY-4F966F10-3A31,CUST-01281,MERCH-004,93696,GBP,FAILED,2026-09-04 15:50:02.020810
PAY-46FE243B-3565,CUST-01321,MERCH-010,28652,USD,SUCCESS,2026-09-27 19:05:15.020810
PAY-EDFC087E-60A8,CUST-00258,MERCH-032,83531,GBP,SUCCESS,2026-09-13 01:16:35.020810
PAY-2A05E5A2-A604,CUST-01144,MERCH-042,115507,EUR,PENDING,2026-09-18 14:50:43.020810
PAY-874C5842-1F32,CUST-00396,MERCH-002,94391,USD,SUCCESS,2026-09-20 02:19:24.020810
PAY-94774B0E-B0BA,CUST-01484,MERCH-009,10851,EUR,FAILED,2026-09-13 22:16:23.020810
PAY-B1D461EC-1A5C,CUST-00994,MERCH-046,147044,USD,PENDING,2026-09-22 23:54:55.020810
PAY-BC8CA14B-922F,CUST-00604,MERCH-035,50248,USD,SUCCESS,2026-09-25 13:11:21.020810
PAY-C47EBDA6-3829,CUST-01161,MERCH-012,91638,EUR,PENDING,2026-09-28 03:33:16.020810
PAY-75A15639-32DE,CUST-00663,MERCH-047,72674,USD,FAILED,2026-09-24 11:54:36.020810
PAY-D1369982-33A8,CUST-01227,MERCH-036,18555,USD,SUCCESS,2026-09-09 13:00:16.020810
PAY-F7857792-11F7,CUST-01088,MERCH-010,78008,USD,PENDING,2026-09-23 13:45:40.020810
PAY-A32E3390-9ACF,CUST-00540,MERCH-035,119534,USD,SUCCESS,2026-09-19 13:54:29.020810
PAY-EA0E8CE3-970F,CUST-00002,MERCH-050,99863,USD,PENDING,2026-09-26 07:40:27.020810
PAY-5E3F08D1-BF49,CUST-00380,MERCH-002,63096,EUR,FAILED,2026-09-19 10:22:09.020810
PAY-547115ED-11A1,CUST-00657,MERCH-047,141784,USD,SUCCESS,2026-09-04 19:59:21.020810
PAY-5A6860C3-0C2C,CUST-00794,MERCH-013,130929,USD,FAILED,2026-09-27 04:46:34.020810
PAY-99FFB16D-F2E1,CUST-01130,MERCH-010,74720,NGN,SUCCESS,2026-10-01 12:25:59.020810
PAY-178185CA-1435,CUST-00661,MERCH-027,29457,EUR,SUCCESS,2026-09-17 09:22:33.020810
PAY-5330E34A-5F8A,CUST-00198,MERCH-034,11975,USD,SUCCESS,2026-09-04 23:52:42.020810
PAY-8E6FDA77-B164,CUST-00266,MERCH-012,53473,USD,SUCCESS,2026-09-03 06:37:38.020810
PAY-1FFC2DF5-33EA,CUST-00220,MERCH-032,26387,EUR,SUCCESS,2026-09-11 01:26:25.020810
PAY-140119A8-E207,CUST-00066,MERCH-037,128926,EUR,SUCCESS,2026-09-20 14:56:28.020810
PAY-3D4E0DD2-9F13,CUST-01077,MERCH-040,67592,USD,FAILED,2026-09-30 09:56:28.020810
PAY-F824A778-4354,CUST-00101,MERCH-024,19079,USD,SUCCESS,2026-09-12 11:21:05.020810
PAY-6C26F41B-C4B5,CUST-00027,MERCH-014,21460,EUR,SUCCESS,2026-09-25 14:43:11.020810
PAY-8CAD19C7-827D,CUST-00959,MERCH-041,95114,USD,SUCCESS,2026-09-04 16:54:42.020810
PAY-9A0DF131-DFBE,CUST-01143,MERCH-048,97249,NGN,SUCCESS,2026-09-21 22:48:41.020810
PAY-A1324DD8-CE00,CUST-01451,MERCH-004,70181,EUR,SUCCESS,2026-10-01 16:58:12.020810
PAY-6A0E9EE4-9160,CUST-01084,MERCH-003,80166,USD,SUCCESS,2026-09-05 04:11:56.020810
PAY-B8538CA8-5A3F,CUST-00160,MERCH-014,25959,GBP,SUCCESS,2026-09-26 23:26:06.020810
PAY-7A4200C3-1685,CUST-00208,MERCH-047,139871,USD,SUCCESS,2026-09-12 23:20:46.020810
PAY-A8F06185-68C9,CUST-00790,MERCH-013,138438,USD,PENDING,2026-09-11 03:11:28.020810
PAY-D9B2D441-C8AB,CUST-01346,MERCH-016,47397,USD,SUCCESS,2026-09-29 10:19:16.020810
PAY-A3A0F6B1-6D40,CUST-01144,MERCH-048,109338,USD,PENDING,2026-09-28 20:28:22.020810
PAY-E4CCE81E-B6B4,CUST-00217,MERCH-050,94337,USD,SUCCESS,2026-09-29 17:56:10.020810
PAY-8B9B9717-164C,CUST-01382,MERCH-030,27789,EUR,FAILED,2026-09-22 11:46:09.020810
PAY-34EE3B28-EE60,CUST-00342,MERCH-012,105765,USD,SUCCESS,2026-09-28 10:56:49.020810
PAY-DEC72A80-0623,CUST-01034,MERCH-022,140458,USD,SUCCESS,2026-09-09 10:28:47.020810
PAY-82F6F248-22C5,CUST-01229,MERCH-029,83115,USD,SUCCESS,2026-09-18 20:40:41.020810
PAY-F7668F37-2465,CUST-01127,MERCH-021,108593,USD,SUCCESS,2026-09-19 19:16:31.020810
PAY-0AF6640C-0E02,CUST-01297,MERCH-028,63603,EUR,PENDING,2026-09-17 11:02:18.020810
PAY-3AEDE05A-4372,CUST-01154,MERCH-035,98820,EUR,SUCCESS,2026-09-12 03:26:06.020810
PAY-0CF04ADA-DA66,CUST-01127,MERCH-048,94874,USD,PENDING,2026-09-14 02:13:34.020810
PAY-C0965CB1-5992,CUST-00927,MERCH-029,551,USD,SUCCESS,2026-09-21 00:50:05.020810
PAY-E46C1E86-DA31,CUST-01488,MERCH-003,4773,USD,SUCCESS,2026-09-15 13:38:11.020810
PAY-AAC96279-4876,CUST-01061,MERCH-009,2221,EUR,SUCCESS,2026-09-16 09:51:42.020810
PAY-2DC6ACD1-6C86,CUST-00616,MERCH-015,83050,USD,PENDING,2026-09-12 04:28:39.020810
PAY-2E5378C7-C288,CUST-00045,MERCH-050,145639,USD,SUCCESS,2026-09-15 03:42:15.020810
PAY-C9A35188-28F2,CUST-01048,MERCH-036,41057,EUR,SUCCESS,2026-09-29 11:04:02.020810
PAY-554E313A-F53D,CUST-00194,MERCH-003,93733,USD,SUCCESS,2026-09-24 02:33:37.020810
PAY-2DD721C7-E28C,CUST-00320,MERCH-009,96728,USD,PENDING,2026-09-14 14:55:27.020810
PAY-E7ED2A38-7804,CUST-01193,MERCH-016,67672,NGN,SUCCESS,2026-09-13 01:38:55.020810
PAY-E3471407-D241,CUST-00616,MERCH-006,105304,USD,PENDING,2026-09-29 10:51:23.020810
PAY-AE6BBEED-4960,CUST-01166,MERCH-014,85616,EUR,PENDING,2026-09-05 12:08:13.020810
PAY-B984D5C4-22A7,CUST-00989,MERCH-012,25499,USD,SUCCESS,2026-09-25 11:04:26.020810
PAY-807B7E7D-3944,CUST-01220,MERCH-042,10296,EUR,SUCCESS,2026-09-16 08:10:27.020810
PAY-07843F68-D29D,CUST-01497,MERCH-037,21072,USD,SUCCESS,2026-09-20 06:43:27.020810
PAY-F8F6506F-C2B3,CUST-00115,MERCH-050,91707,USD,SUCCESS,2026-09-17 23:46:58.020810
PAY-C0499732-D67A,CUST-00890,MERCH-027,59932,USD,PENDING,2026-09-07 14:37:50.020810
PAY-1FDF0435-FB2A,CUST-01337,MERCH-039,100766,USD,FAILED,2026-09-02 07:30:46.020810
PAY-1BD54FF3-4390,CUST-00111,MERCH-020,11295,USD,SUCCESS,2026-09-27 05:08:30.020810
PAY-DD2E73E9-C870,CUST-00654,MERCH-035,39711,NGN,SUCCESS,2026-09-29 04:21:43.020810
PAY-75F647AF-CD7C,CUST-00670,MERCH-033,40659,USD,SUCCESS,2026-09-12 11:26:17.020810
PAY-B0653605-FBA2,CUST-00104,MERCH-044,117315,USD,FAILED,2026-09-20 19:55:56.020810
PAY-0EFE1330-F722,CUST-01219,MERCH-037,24114,NGN,SUCCESS,2026-09-26 06:14:35.020810
PAY-91B37CBC-5D1E,CUST-00455,MERCH-028,103869,USD,SUCCESS,2026-09-15 19:48:45.020810
PAY-A4546CD0-2FD2,CUST-00304,MERCH-009,22138,EUR,SUCCESS,2026-09-18 01:51:18.020810
PAY-A23F4964-F1BF,CUST-00975,MERCH-037,144194,USD,SUCCESS,2026-09-04 03:38:32.020810
PAY-A10FA236-35E9,CUST-00818,MERCH-017,104971,EUR,SUCCESS,2026-09-05 21:18:54.020810
PAY-D8653337-15B6,CUST-01028,MERCH-028,35855,EUR,SUCCESS,2026-09-08 02:05:20.020810
PAY-8536CC5F-0064,CUST-00985,MERCH-036,128389,USD,PENDING,2026-09-11 09:00:14.020810
PAY-71E7B650-6C86,CUST-00810,MERCH-042,51906,EUR,SUCCESS,2026-09-29 11:50:21.020810
PAY-0B8AAFD0-7D9E,CUST-01150,MERCH-040,65051,USD,SUCCESS,2026-09-27 04:59:01.020810
PAY-F6C8A5CD-07D0,CUST-00497,MERCH-005,113239,USD,SUCCESS,2026-09-14 16:24:10.020810
PAY-08BDB1E1-8538,CUST-00663,MERCH-044,23986,USD,SUCCESS,2026-09-29 17:18:02.020810
PAY-725A787E-D374,CUST-00231,MERCH-043,111528,EUR,SUCCESS,2026-09-21 20:02:55.020810
PAY-DD2C7E5A-4499,CUST-00749,MERCH-023,84579,EUR,SUCCESS,2026-09-11 00:07:38.020810
PAY-D1BB4A49-8E60,CUST-00706,MERCH-039,80406,NGN,FAILED,2026-09-02 22:23:37.020810
PAY-A26440B7-7684,CUST-00347,MERCH-023,116422,GBP,FAILED,2026-10-01 16:08:25.020810
PAY-41999A45-DE34,CUST-01277,MERCH-010,12264,NGN,SUCCESS,2026-09-23 03:22:04.020810
PAY-54435D79-34A3,CUST-00479,MERCH-013,41392,USD,SUCCESS,2026-09-19 21:43:25.020810
PAY-BB848033-7BA4,CUST-01492,MERCH-006,14796,EUR,FAILED,2026-09-07 05:06:48.020810
PAY-46B43478-555A,CUST-00498,MERCH-040,75914,USD,SUCCESS,2026-09-08 22:14:49.020810
PAY-3BBFDDC1-D265,CUST-00029,MERCH-022,80484,USD,PENDING,2026-09-07 03:50:20.020810
PAY-BED21FA4-6A7A,CUST-00922,MERCH-031,87499,USD,SUCCESS,2026-09-02 20:41:39.020810
PAY-0AC7BBEE-2D72,CUST-00429,MERCH-048,56041,USD,SUCCESS,2026-09-27 21:00:45.020810
PAY-1A206F6C-F0E1,CUST-00418,MERCH-035,68305,GBP,SUCCESS,2026-09-27 03:50:23.020810
PAY-F76D5085-356D,CUST-01124,MERCH-031,5320,GBP,SUCCESS,2026-09-08 14:52:21.020810
PAY-0F3C664E-79DA,CUST-00772,MERCH-038,11898,EUR,SUCCESS,2026-09-27 07:57:22.020810
PAY-21344F72-7D16,CUST-00524,MERCH-011,74952,EUR,SUCCESS,2026-09-04 16:13:26.020810
PAY-31FFF7A2-E69F,CUST-00412,MERCH-045,71614,USD,SUCCESS,2026-10-01 18:10:19.020810
PAY-26A8C1AD-7A87,CUST-00109,MERCH-030,17958,NGN,SUCCESS,2026-09-02 03:54:03.020810
PAY-46306538-4E5B,CUST-00796,MERCH-043,94929,GBP,SUCCESS,2026-09-14 22:17:25.020810
PAY-A7C014EA-0BDB,CUST-00221,MERCH-002,101824,USD,SUCCESS,2026-09-15 22:58:22.020810
PAY-4630E20C-7BAB,CUST-00474,MERCH-025,26610,USD,SUCCESS,2026-09-26 10:40:59.020810
PAY-E22EC64F-84A7,CUST-00647,MERCH-032,139845,USD,SUCCESS,2026-09-30 17:52:12.020810
PAY-8CC06CC5-145B,CUST-00181,MERCH-012,131742,NGN,SUCCESS,2026-09-11 09:53:50.020810
PAY-601E81A4-07C8,CUST-00938,MERCH-036,10920,GBP,SUCCESS,2026-09-02 19:13:36.020810
PAY-3ED26872-0492,CUST-00507,MERCH-034,87943,EUR,SUCCESS,2026-09-16 13:27:25.020810
PAY-94D7CBA1-843A,CUST-01004,MERCH-026,5316,USD,SUCCESS,2026-09-09 09:06:54.020810
PAY-90E63C50-1790,CUST-00711,MERCH-044,93660,USD,SUCCESS,2026-09-18 20:11:57.020810
PAY-F6BCCEFC-2818,CUST-01281,MERCH-020,131900,EUR,PENDING,2026-09-13 05:23:21.020810
PAY-2CE4D7E1-9B68,CUST-00565,MERCH-004,101994,GBP,SUCCESS,2026-09-14 06:24:32.020810
PAY-92DE8E94-1FAA,CUST-00061,MERCH-036,59635,USD,SUCCESS,2026-09-15 08:38:25.020810
PAY-23F1CF2B-ECA3,CUST-00311,MERCH-022,36482,USD,SUCCESS,2026-09-20 19:53:25.020810
PAY-0B7E52EE-C5AE,CUST-00180,MERCH-047,137003,USD,SUCCESS,2026-09-20 07:29:39.020810
PAY-96E7F05F-61BF,CUST-01389,MERCH-040,109901,USD,SUCCESS,2026-09-12 19:09:49.020810
PAY-D5ADE633-6451,CUST-00493,MERCH-037,112295,GBP,FAILED,2026-09-09 04:09:23.020810
PAY-66C011EE-DA56,CUST-00640,MERCH-039,118247,USD,PENDING,2026-09-17 17:50:07.020810
PAY-4C15F082-4C6B,CUST-01111,MERCH-009,36827,NGN,SUCCESS,2026-09-11 19:04:49.020810
PAY-A637FE3A-E411,CUST-01190,MERCH-035,36704,USD,SUCCESS,2026-09-11 13:53:57.020810
PAY-A2E62C9D-616C,CUST-00633,MERCH-045,35955,NGN,PENDING,2026-09-27 04:28:06.020810
PAY-CA49F2FE-C731,CUST-00881,MERCH-050,148570,USD,SUCCESS,2026-09-08 19:18:20.020810
PAY-F3FAEA1C-8D39,CUST-00324,MERCH-021,146603,USD,SUCCESS,2026-09-05 01:11:59.020810
PAY-18DB2FB9-5812,CUST-01092,MERCH-047,48769,USD,PENDING,2026-09-07 12:07:19.020810
PAY-1B215ECB-B3B5,CUST-00651,MERCH-010,84042,EUR,FAILED,2026-09-03 04:32:29.020810
PAY-8DB5A040-6D7A,CUST-00848,MERCH-027,116630,GBP,FAILED,2026-09-16 11:37:01.020810
PAY-E0CAB3A7-DCE4,CUST-01305,MERCH-048,40334,USD,SUCCESS,2026-09-15 01:11:11.020810
PAY-43DE4F0D-6E24,CUST-00385,MERCH-007,48930,USD,SUCCESS,2026-09-08 03:27:10.020810
PAY-A06C8594-9BF9,CUST-00054,MERCH-049,70456,USD,SUCCESS,2026-10-01 11:12:03.020810
PAY-4F5D8F22-AF70,CUST-01241,MERCH-037,61032,USD,SUCCESS,2026-10-01 11:38:39.020810
PAY-E24CF86F-9589,CUST-01222,MERCH-015,7337,USD,SUCCESS,2026-09-12 23:13:23.020810
PAY-CA9A92D9-465F,CUST-00736,MERCH-006,35650,EUR,FAILED,2026-09-24 21:28:21.020810
PAY-129A29DA-DC9C,CUST-01029,MERCH-039,98531,USD,SUCCESS,2026-09-24 12:20:23.020810
PAY-2B84EC0E-B028,CUST-00377,MERCH-025,124716,USD,SUCCESS,2026-09-25 14:45:59.020810
PAY-89DF33B2-1013,CUST-00282,MERCH-011,59816,USD,PENDING,2026-09-11 03:21:17.020810
PAY-5480E236-CACC,CUST-00067,MERCH-027,71241,USD,SUCCESS,2026-09-02 11:41:01.020810
PAY-75908C58-E1BD,CUST-00846,MERCH-015,54124,USD,SUCCESS,2026-09-11 14:30:32.020810
PAY-E92993B1-8DB3,CUST-00136,MERCH-012,128935,USD,SUCCESS,2026-09-23 01:59:42.020810
PAY-E03BBC2E-423F,CUST-01409,MERCH-021,65192,USD,SUCCESS,2026-09-23 23:16:09.020810
PAY-37C83AAC-AA6A,CUST-00876,MERCH-026,100212,USD,SUCCESS,2026-09-03 18:55:19.020810
PAY-DAD681C5-FDF6,CUST-01475,MERCH-021,141050,USD,PENDING,2026-09-20 21:24:34.020810
PAY-358B3ED4-F95E,CUST-01076,MERCH-042,136985,EUR,SUCCESS,2026-09-03 15:03:37.020810
PAY-9E048B57-44FD,CUST-00224,MERCH-029,11619,USD,SUCCESS,2026-09-23 22:31:06.020810
PAY-91FF3A0F-6666,CUST-00504,MERCH-034,104207,USD,SUCCESS,2026-09-27 20:51:13.020810
PAY-61E09047-D184,CUST-00081,MERCH-036,135799,EUR,SUCCESS,2026-09-20 13:32:31.020810
PAY-133757B8-F969,CUST-01292,MERCH-004,76830,USD,SUCCESS,2026-09-10 23:22:57.020810
PAY-8A23413F-E4A3,CUST-00901,MERCH-026,75450,GBP,SUCCESS,2026-09-16 13:01:19.020810
PAY-8BBB4F1F-F0E2,CUST-00945,MERCH-011,77680,USD,SUCCESS,2026-09-22 06:23:41.020810
PAY-1E2F0768-BF5A,CUST-01256,MERCH-004,37787,EUR,SUCCESS,2026-09-26 20:30:14.020810
PAY-845D1470-63EB,CUST-00950,MERCH-042,24208,USD,SUCCESS,2026-09-23 16:27:26.020810
PAY-007CBFF3-931E,CUST-01480,MERCH-033,47625,EUR,SUCCESS,2026-09-07 06:02:43.020810
PAY-5391F082-9534,CUST-01199,MERCH-045,35969,USD,PENDING,2026-09-28 06:48:04.020810
PAY-B86A89F5-517F,CUST-00806,MERCH-027,118697,USD,SUCCESS,2026-09-17 11:03:00.020810
PAY-EB07B350-8AE4,CUST-00052,MERCH-012,53435,USD,SUCCESS,2026-09-23 18:46:01.020810
PAY-0F908E53-E1F3,CUST-00932,MERCH-006,85454,GBP,SUCCESS,2026-09-13 21:33:28.020810
PAY-A9DBE9C1-BF53,CUST-01417,MERCH-042,32886,USD,SUCCESS,2026-09-09 17:15:27.020810
PAY-1EE1662B-DC65,CUST-00187,MERCH-008,95643,EUR,SUCCESS,2026-09-23 13:46:40.020810
PAY-AD44F5FF-BF2C,CUST-00175,MERCH-034,134630,USD,SUCCESS,2026-09-20 09:41:06.020810
PAY-A6FE1373-28B5,CUST-01254,MERCH-011,144769,EUR,SUCCESS,2026-09-20 03:23:00.020810
PAY-685E2BED-962E,CUST-00780,MERCH-003,88368,GBP,FAILED,2026-09-10 01:17:10.020810
PAY-36D92F81-0E90,CUST-01159,MERCH-043,42999,GBP,SUCCESS,2026-09-09 01:03:28.020810
PAY-2D29C1BE-6F3A,CUST-00297,MERCH-012,110490,USD,FAILED,2026-09-04 05:58:18.020810
PAY-833EBC66-026E,CUST-00631,MERCH-020,76202,USD,SUCCESS,2026-09-23 10:07:09.020810
PAY-2FEAFF88-1903,CUST-01283,MERCH-012,34990,GBP,PENDING,2026-09-07 11:09:04.020810
PAY-3B16C224-7C60,CUST-00416,MERCH-001,3700,USD,SUCCESS,2026-09-14 01:05:11.020810
PAY-10A6B192-2D5F,CUST-00940,MERCH-032,142975,USD,FAILED,2026-09-25 23:09:04.020810
PAY-D9F07AAA-CDC6,CUST-00012,MERCH-039,62858,NGN,SUCCESS,2026-09-25 17:07:16.020810
PAY-F44040AE-398E,CUST-00445,MERCH-038,119444,USD,PENDING,2026-09-24 20:26:07.020810
PAY-D351B246-F1CB,CUST-00840,MERCH-029,2223,USD,SUCCESS,2026-09-05 14:42:15.020810
PAY-4B5F3353-54AF,CUST-00502,MERCH-036,146658,NGN,SUCCESS,2026-09-15 06:12:57.020810
PAY-4953EDFD-ECBD,CUST-00426,MERCH-004,39364,EUR,SUCCESS,2026-09-10 17:32:42.020810
PAY-E10B1F1F-ED7F,CUST-00113,MERCH-042,10126,USD,FAILED,2026-09-18 16:49:42.020810
PAY-3FD65805-5773,CUST-00298,MERCH-003,78734,USD,PENDING,2026-09-29 19:43:03.020810
PAY-601623F7-3AA5,CUST-00679,MERCH-006,29044,USD,SUCCESS,2026-09-04 03:18:59.020810
PAY-39588E18-3AA2,CUST-00854,MERCH-012,75048,USD,SUCCESS,2026-09-09 14:09:35.020810
PAY-4FD14051-4E05,CUST-01252,MERCH-043,147871,USD,SUCCESS,2026-09-30 15:22:47.020810
PAY-A11A2426-24B2,CUST-00364,MERCH-030,94921,USD,SUCCESS,2026-09-29 20:44:07.020810
PAY-C719A3AA-FDA4,CUST-00074,MERCH-006,85125,EUR,SUCCESS,2026-09-16 06:53:39.020810
PAY-DCA7E5CD-0B7E,CUST-00755,MERCH-025,112520,EUR,SUCCESS,2026-09-05 01:01:41.020810
PAY-72CAF0BC-5C97,CUST-01128,MERCH-005,123921,USD,SUCCESS,2026-09-15 23:21:56.020810
PAY-9FC475D5-977A,CUST-00276,MERCH-008,86800,USD,SUCCESS,2026-09-15 01:54:41.020810
PAY-A45E20A3-1463,CUST-01080,MERCH-027,55509,GBP,FAILED,2026-09-27 05:26:52.020810
PAY-AFE84C88-4957,CUST-01426,MERCH-014,15752,USD,SUCCESS,2026-10-01 11:17:06.020810
PAY-8984F0E6-25A0,CUST-00224,MERCH-037,23482,GBP,SUCCESS,2026-09-27 10:27:29.020810
PAY-B3F5BE87-F16A,CUST-00991,MERCH-047,75784,GBP,FAILED,2026-10-01 02:48:29.020810
PAY-A2998926-2BD2,CUST-00875,MERCH-039,68568,GBP,SUCCESS,2026-09-17 02:55:36.020810
PAY-62941A3B-E980,CUST-01077,MERCH-037,34503,USD,SUCCESS,2026-09-18 22:27:35.020810
PAY-C179605B-43B7,CUST-01259,MERCH-037,136737,EUR,FAILED,2026-09-25 20:32:06.020810
PAY-7B6EB553-E7E8,CUST-01494,MERCH-041,129607,USD,SUCCESS,2026-09-25 22:06:04.020810
PAY-0744ECDC-46F1,CUST-00369,MERCH-040,76649,GBP,FAILED,2026-09-13 01:19:52.020810
PAY-7BD80AD9-7C39,CUST-00397,MERCH-001,6787,NGN,FAILED,2026-09-07 11:54:43.020810
PAY-1AE2F87C-835F,CUST-00953,MERCH-041,54850,USD,SUCCESS,2026-09-07 11:35:03.020810
PAY-360A9230-1DD3,CUST-01261,MERCH-027,12425,GBP,SUCCESS,2026-09-21 20:35:01.020810
PAY-F5BB506F-E785,CUST-00684,MERCH-023,56163,EUR,SUCCESS,2026-09-28 23:07:19.020810
PAY-7A53DF51-7AF3,CUST-00024,MERCH-041,74326,USD,FAILED,2026-09-11 12:35:27.020810
PAY-5DC19971-AC81,CUST-00522,MERCH-005,79217,USD,SUCCESS,2026-09-16 16:46:18.020810
PAY-BEE06952-02B0,CUST-01038,MERCH-036,2107,USD,SUCCESS,2026-09-17 11:35:22.020810
PAY-5F96ADB5-EA9B,CUST-00234,MERCH-044,89985,USD,SUCCESS,2026-09-17 22:29:36.020810
PAY-E2AAE280-AEC6,CUST-00812,MERCH-047,8132,NGN,SUCCESS,2026-09-29 09:01:56.020810
PAY-6F73097B-0B01,CUST-00360,MERCH-013,89088,USD,SUCCESS,2026-09-17 19:16:06.020810
PAY-CBA4B670-1E62,CUST-01378,MERCH-031,9821,EUR,SUCCESS,2026-09-24 19:01:26.020810
PAY-5F551BF0-0B7C,CUST-01323,MERCH-009,41233,GBP,SUCCESS,2026-09-25 03:10:25.020810
PAY-D7882BCD-82CF,CUST-01285,MERCH-030,88346,GBP,SUCCESS,2026-09-27 19:48:12.020810
PAY-BA64D09D-B352,CUST-00948,MERCH-027,137096,EUR,SUCCESS,2026-09-04 11:27:41.020810
PAY-6F750D61-42B9,CUST-00614,MERCH-037,146036,NGN,SUCCESS,2026-09-17 01:46:41.020810
PAY-A05B1A5D-3955,CUST-01098,MERCH-002,87458,USD,SUCCESS,2026-09-11 20:50:03.020810
PAY-CC1FF33A-B05F,CUST-00725,MERCH-005,74020,USD,SUCCESS,2026-09-09 00:08:37.020810
PAY-D27C766C-3FCC,CUST-00064,MERCH-022,140556,USD,SUCCESS,2026-09-19 23:22:40.020810
PAY-F4572DC0-91B9,CUST-00340,MERCH-037,102622,USD,SUCCESS,2026-10-01 03:52:11.020810
PAY-9F19E696-002F,CUST-00384,MERCH-039,81314,GBP,FAILED,2026-09-07 10:19:28.020810
PAY-95FA2DBA-921A,CUST-01445,MERCH-021,71671,GBP,SUCCESS,2026-09-03 07:02:25.020810
PAY-9CD835C9-411F,CUST-00848,MERCH-006,62796,USD,SUCCESS,2026-09-25 21:18:04.020810
PAY-8B92EEF5-49FE,CUST-00762,MERCH-029,57159,USD,SUCCESS,2026-09-16 10:46:43.020810
PAY-232AA884-8AAD,CUST-01076,MERCH-020,29920,USD,SUCCESS,2026-09-10 06:05:43.020810
PAY-90B83E5A-A272,CUST-00767,MERCH-003,24775,USD,PENDING,2026-09-11 13:39:09.020810
PAY-75300645-070E,CUST-00909,MERCH-033,127027,USD,SUCCESS,2026-09-02 23:14:31.020810
PAY-9932F544-B2B3,CUST-01025,MERCH-010,89659,USD,SUCCESS,2026-09-10 23:48:12.020810
PAY-BCDF5F98-25D6,CUST-00991,MERCH-047,81858,USD,PENDING,2026-09-27 04:15:41.020810
PAY-7089F66C-6578,CUST-00671,MERCH-010,135804,GBP,SUCCESS,2026-09-06 12:39:43.020810
PAY-C1061355-C244,CUST-01386,MERCH-009,10082,NGN,PENDING,2026-09-11 17:15:04.020810
PAY-F0CE1AF3-FFDF,CUST-00941,MERCH-025,30865,GBP,FAILED,2026-09-27 02:46:00.020810
PAY-EE8D44E4-9636,CUST-00009,MERCH-020,23326,USD,SUCCESS,2026-09-03 21:29:22.020810
PAY-F7C1F8AC-85C5,CUST-00683,MERCH-030,27527,USD,SUCCESS,2026-09-03 23:56:51.020810
PAY-DA72F940-7350,CUST-01067,MERCH-050,6393,NGN,SUCCESS,2026-09-16 22:15:26.020810
PAY-7D313C1E-2E90,CUST-01183,MERCH-049,55509,EUR,FAILED,2026-09-16 21:51:49.020810
PAY-7A780E8F-CFF0,CUST-00658,MERCH-013,75621,GBP,PENDING,2026-09-11 02:31:21.020810
PAY-3103D139-288B,CUST-00567,MERCH-035,116135,USD,SUCCESS,2026-09-17 06:01:38.020810
PAY-F62A0F97-5A61,CUST-01375,MERCH-008,39643,USD,SUCCESS,2026-09-14 23:51:21.020810
PAY-F6B8F6D9-7094,CUST-00323,MERCH-018,4499,USD,SUCCESS,2026-09-07 07:32:48.020810
PAY-940E7AC0-DC1A,CUST-01276,MERCH-036,27337,GBP,SUCCESS,2026-09-26 17:06:53.020810
PAY-A04137FF-E7AB,CUST-00424,MERCH-035,144512,USD,SUCCESS,2026-09-18 18:20:27.020810
PAY-D5202423-81BA,CUST-00653,MERCH-018,74756,USD,SUCCESS,2026-09-08 15:06:59.020810
PAY-A80029E0-B348,CUST-01176,MERCH-016,19175,GBP,SUCCESS,2026-09-10 01:44:26.020810
PAY-33032EF3-F89E,CUST-00638,MERCH-040,142209,GBP,SUCCESS,2026-09-18 04:51:00.020810
PAY-2E76929E-A93C,CUST-00909,MERCH-004,8100,GBP,SUCCESS,2026-09-08 01:44:16.020810
PAY-D788D537-F3DB,CUST-00965,MERCH-044,28268,USD,SUCCESS,2026-09-04 04:58:34.020810
PAY-15FBEEEB-A956,CUST-00786,MERCH-004,112295,GBP,SUCCESS,2026-09-05 22:31:38.020810
PAY-18C70C69-23CF,CUST-00803,MERCH-012,117373,USD,PENDING,2026-09-30 16:43:21.020810
PAY-04C644F6-E72E,CUST-01263,MERCH-023,87618,GBP,SUCCESS,2026-09-16 22:12:38.020810
PAY-F46254CB-468A,CUST-00406,MERCH-046,21090,EUR,SUCCESS,2026-09-27 15:44:44.020810
PAY-6D2F3781-5E05,CUST-00954,MERCH-037,24857,USD,SUCCESS,2026-09-08 03:44:36.020810
PAY-F1E3D29F-393A,CUST-01431,MERCH-030,119928,NGN,PENDING,2026-09-06 11:30:37.020810
PAY-B983B9BE-838F,CUST-00636,MERCH-044,123850,USD,SUCCESS,2026-09-24 08:25:01.020810
PAY-B7611656-F494,CUST-00475,MERCH-015,68146,USD,PENDING,2026-09-08 17:38:19.020810
PAY-8534E235-0AD9,CUST-00745,MERCH-026,87093,NGN,SUCCESS,2026-09-10 15:48:45.020810
PAY-150FECE8-2731,CUST-00666,MERCH-030,8433,GBP,FAILED,2026-09-25 10:10:38.020810
PAY-D2F220B2-EBF1,CUST-00134,MERCH-031,92628,USD,SUCCESS,2026-09-07 05:42:49.020810
PAY-208C4A2F-B831,CUST-00981,MERCH-030,74492,USD,SUCCESS,2026-09-10 01:11:20.020810
PAY-345F4050-FDFB,CUST-00714,MERCH-039,33895,EUR,SUCCESS,2026-09-29 15:44:22.020810
PAY-D295173B-78F5,CUST-01041,MERCH-007,28544,NGN,SUCCESS,2026-09-21 10:50:57.020810
PAY-3956E1D6-2521,CUST-00668,MERCH-036,79698,USD,SUCCESS,2026-09-05 04:49:23.020810
PAY-E910C85D-1187,CUST-01092,MERCH-030,108881,EUR,SUCCESS,2026-09-21 05:10:33.020810
PAY-0B560431-67D4,CUST-00489,MERCH-040,144141,USD,SUCCESS,2026-09-13 14:06:41.020810
PAY-02807934-23FE,CUST-00326,MERCH-031,17817,EUR,SUCCESS,2026-09-20 09:22:09.020810
PAY-0D6C7100-1638,CUST-00698,MERCH-014,113522,USD,FAILED,2026-09-30 10:43:15.020810
PAY-6E7A59E0-B890,CUST-00892,MERCH-037,143244,USD,SUCCESS,2026-09-18 08:53:01.020810
PAY-93926EF1-96DE,CUST-01422,MERCH-016,20919,GBP,SUCCESS,2026-09-10 03:51:00.020810
PAY-1056C17B-58B6,CUST-01458,MERCH-037,30469,USD,FAILED,2026-09-25 09:09:22.020810
PAY-C6E7C06C-EBF4,CUST-01213,MERCH-039,85795,EUR,SUCCESS,2026-09-24 05:31:05.020810
PAY-64DA4655-7226,CUST-01137,MERCH-007,46682,GBP,FAILED,2026-09-23 08:54:19.020810
PAY-3F8144F6-8726,CUST-00631,MERCH-026,29006,NGN,SUCCESS,2026-09-05 03:17:22.020810
PAY-7E0256CC-6D8C,CUST-01404,MERCH-039,86328,USD,SUCCESS,2026-09-20 03:39:14.020810
PAY-087F72A7-3C03,CUST-01013,MERCH-042,24232,USD,SUCCESS,2026-09-04 17:49:22.020810
PAY-3359650F-870C,CUST-00446,MERCH-009,548,USD,PENDING,2026-09-29 22:50:04.020810
PAY-89274161-63F2,CUST-00301,MERCH-043,119244,USD,SUCCESS,2026-09-09 00:02:26.020810
PAY-2BC15597-0A7D,CUST-01089,MERCH-019,117720,USD,SUCCESS,2026-09-20 16:33:12.020810
PAY-73BF3F86-1F13,CUST-00401,MERCH-014,79073,USD,SUCCESS,2026-09-17 03:03:14.020810
PAY-46A5B538-3AC0,CUST-01168,MERCH-044,114461,USD,SUCCESS,2026-09-16 13:01:02.020810
PAY-670024F3-6F13,CUST-01471,MERCH-023,2628,GBP,PENDING,2026-09-06 02:13:05.020810
PAY-0DFEA880-8B27,CUST-01253,MERCH-033,33937,EUR,SUCCESS,2026-09-21 09:06:53.020810
PAY-8EFBAD94-FA6D,CUST-00603,MERCH-004,144386,GBP,PENDING,2026-09-19 16:22:00.020810
PAY-201FF7F3-DE39,CUST-00109,MERCH-001,94673,USD,FAILED,2026-09-28 22:40:24.020810
PAY-3BF00DD1-09EC,CUST-00225,MERCH-019,62167,USD,FAILED,2026-09-03 06:31:25.020810
PAY-13380201-5BAB,CUST-00885,MERCH-045,103855,NGN,SUCCESS,2026-09-30 09:46:53.020810
PAY-DE08F7BA-722A,CUST-01281,MERCH-021,106939,GBP,SUCCESS,2026-09-20 08:10:23.020810
PAY-420CDED2-C560,CUST-00782,MERCH-028,55869,NGN,SUCCESS,2026-09-28 05:18:00.020810
PAY-0D6E8396-B723,CUST-01357,MERCH-012,36956,GBP,SUCCESS,2026-09-24 19:27:22.020810
PAY-6130B639-0CAF,CUST-00386,MERCH-036,94947,USD,SUCCESS,2026-09-20 10:16:35.020810
PAY-6D60D520-5CE3,CUST-00855,MERCH-010,33411,NGN,FAILED,2026-09-15 18:17:01.020810
PAY-493C4AA1-A6B8,CUST-00276,MERCH-001,4617,GBP,PENDING,2026-09-05 05:46:51.020810
PAY-C164975F-FC29,CUST-00295,MERCH-047,114987,USD,SUCCESS,2026-09-25 09:14:20.020810
PAY-BEA05DB0-CF5E,CUST-00279,MERCH-006,109514,USD,SUCCESS,2026-09-08 10:03:50.020810
PAY-F5D23295-A622,CUST-00934,MERCH-045,112095,USD,SUCCESS,2026-10-01 02:24:08.020810
PAY-576C5310-DBA6,CUST-01277,MERCH-012,134040,USD,SUCCESS,2026-09-23 19:35:55.020810
PAY-51A7EE19-8140,CUST-00869,MERCH-036,101350,USD,SUCCESS,2026-09-23 14:31:55.020810
PAY-B6E6926C-ADAE,CUST-00728,MERCH-015,111851,NGN,FAILED,2026-09-10 18:39:11.020810
PAY-65C18697-4BC1,CUST-01239,MERCH-001,131088,NGN,SUCCESS,2026-09-29 19:32:16.020810
PAY-95203998-86EE,CUST-01497,MERCH-016,71082,USD,FAILED,2026-09-26 02:44:50.020810
PAY-5F414EB7-0F5F,CUST-00842,MERCH-035,96698,USD,SUCCESS,2026-09-29 17:41:23.020810
PAY-2DC8A2DD-6DF6,CUST-00069,MERCH-003,127185,USD,SUCCESS,2026-09-29 08:07:59.020810
PAY-57DB584A-DD5B,CUST-01444,MERCH-024,126730,USD,SUCCESS,2026-09-07 06:02:12.020810
PAY-6E6D78B8-96E2,CUST-01415,MERCH-006,138494,EUR,SUCCESS,2026-09-08 15:44:05.020810
PAY-6595C258-B72D,CUST-00573,MERCH-030,21008,USD,FAILED,2026-09-26 20:28:50.020810
PAY-B56C1CE4-6F8B,CUST-01072,MERCH-040,64785,USD,SUCCESS,2026-09-06 01:14:17.020810
PAY-56BB2BAD-452E,CUST-00968,MERCH-041,141847,GBP,SUCCESS,2026-09-05 13:09:46.020810
PAY-AF10A9E2-E2E2,CUST-01188,MERCH-020,14334,USD,SUCCESS,2026-10-01 12:25:59.020810
PAY-595BCD87-9D4F,CUST-00704,MERCH-035,123411,USD,SUCCESS,2026-09-02 06:45:15.020810
PAY-F0BE1674-AD4B,CUST-00930,MERCH-033,87404,GBP,SUCCESS,2026-09-24 12:53:10.020810
PAY-2F51A3A7-761B,CUST-00863,MERCH-023,76314,USD,SUCCESS,2026-09-16 01:26:44.020810
PAY-92E9C9D2-8E44,CUST-00344,MERCH-003,80210,USD,SUCCESS,2026-09-30 18:29:16.020810
PAY-58C8EB46-53D0,CUST-01489,MERCH-037,16600,USD,SUCCESS,2026-09-14 09:37:44.020810
PAY-F54961C2-269C,CUST-01289,MERCH-031,44823,USD,SUCCESS,2026-09-29 19:46:26.020810
PAY-9B031E06-FFA6,CUST-01174,MERCH-004,7656,USD,FAILED,2026-09-15 22:06:28.020810
PAY-9AF05CFA-20A0,CUST-00588,MERCH-032,33745,USD,SUCCESS,2026-09-05 18:19:19.020810
PAY-A6C53279-13ED,CUST-01036,MERCH-005,66573,USD,FAILED,2026-09-15 05:54:29.020810
PAY-546EB8AB-436D,CUST-00272,MERCH-040,72646,USD,SUCCESS,2026-09-15 09:32:48.020810
PAY-A51F14BA-C25C,CUST-00527,MERCH-001,46273,GBP,PENDING,2026-09-07 04:09:19.020810
PAY-5CB9F229-929E,CUST-01212,MERCH-048,117587,USD,SUCCESS,2026-09-09 02:16:35.020810
PAY-68E990F0-3663,CUST-00758,MERCH-012,62417,GBP,PENDING,2026-09-14 10:34:19.020810
PAY-097F3F8A-7E42,CUST-00994,MERCH-012,9174,GBP,SUCCESS,2026-09-27 08:38:36.020810
PAY-65874239-D684,CUST-00703,MERCH-006,40909,USD,SUCCESS,2026-09-08 19:12:35.020810
PAY-28005940-34E8,CUST-01016,MERCH-049,100944,EUR,SUCCESS,2026-09-21 19:18:35.020810
PAY-5D4BD537-8C06,CUST-00488,MERCH-043,44352,USD,FAILED,2026-09-23 03:02:36.020810
PAY-7D03D4BE-4C53,CUST-00432,MERCH-037,14741,USD,PENDING,2026-09-18 12:13:59.020810
PAY-3A324FAB-F647,CUST-01316,MERCH-017,14268,USD,SUCCESS,2026-09-07 09:20:02.020810
PAY-FA04AA03-7B73,CUST-00344,MERCH-030,125341,USD,FAILED,2026-09-21 02:45:43.020810
PAY-637F095D-74F0,CUST-00618,MERCH-031,61752,USD,SUCCESS,2026-09-27 14:37:21.020810
PAY-9A7F0A48-5360,CUST-00778,MERCH-044,124910,NGN,SUCCESS,2026-09-20 16:39:21.020810
PAY-6A100FCD-4835,CUST-00538,MERCH-010,114462,USD,SUCCESS,2026-09-27 12:12:02.020810
PAY-71E4BFAF-597F,CUST-00025,MERCH-019,100640,USD,SUCCESS,2026-09-23 13:06:17.020810
PAY-C7109C0B-6AAA,CUST-01390,MERCH-021,11252,USD,SUCCESS,2026-09-27 11:58:51.020810
PAY-D43E8AF9-CDCB,CUST-00200,MERCH-035,113690,USD,SUCCESS,2026-09-18 22:25:49.020810
PAY-4167AF62-2D35,CUST-01251,MERCH-042,88309,USD,SUCCESS,2026-09-14 23:46:54.020810
PAY-178ACCBD-6470,CUST-00554,MERCH-018,67436,USD,SUCCESS,2026-09-06 12:41:29.020810
PAY-8DE38A16-8612,CUST-01341,MERCH-038,121376,USD,SUCCESS,2026-09-20 17:55:04.020810
PAY-F100BEAF-E2B7,CUST-01383,MERCH-048,51598,GBP,SUCCESS,2026-09-13 11:54:16.020810
PAY-A838C428-033E,CUST-01065,MERCH-022,82621,NGN,PENDING,2026-09-10 11:48:32.020810
PAY-F3C44C3B-4AEC,CUST-01122,MERCH-001,18313,USD,SUCCESS,2026-09-02 04:03:58.020810
PAY-03B467C2-6146,CUST-00025,MERCH-027,138194,USD,FAILED,2026-09-06 12:01:05.020810
PAY-ED971C0A-D6A3,CUST-00213,MERCH-044,92647,USD,SUCCESS,2026-09-23 09:45:04.020810
PAY-77E5BD97-44F9,CUST-00450,MERCH-047,66533,USD,FAILED,2026-09-15 12:15:20.020810
PAY-C161ED51-24EB,CUST-00396,MERCH-003,24601,GBP,SUCCESS,2026-09-02 21:48:13.020810
PAY-15D0E391-AE32,CUST-00117,MERCH-039,32426,EUR,SUCCESS,2026-09-12 06:48:35.020810
PAY-A60E66F8-DDE6,CUST-01451,MERCH-008,34554,USD,PENDING,2026-09-05 22:50:17.020810
PAY-69369435-7879,CUST-00770,MERCH-043,48935,USD,SUCCESS,2026-09-29 05:42:31.020810
PAY-AB470B1D-0320,CUST-00228,MERCH-045,66910,USD,PENDING,2026-09-10 16:52:22.020810
PAY-5DBABBD9-ACD6,CUST-00604,MERCH-030,119367,GBP,SUCCESS,2026-09-05 10:24:15.020810
PAY-6175680F-C9BB,CUST-00567,MERCH-050,85278,GBP,SUCCESS,2026-09-22 11:39:45.020810
PAY-25BC2016-3CB7,CUST-00528,MERCH-011,73189,USD,SUCCESS,2026-09-05 08:24:13.020810
PAY-8924FF3A-5885,CUST-00128,MERCH-025,87703,USD,SUCCESS,2026-09-20 14:55:53.020810
PAY-1216B9B7-C21C,CUST-00124,MERCH-017,47143,NGN,SUCCESS,2026-09-14 14:32:51.020810
PAY-88776D3A-2079,CUST-00903,MERCH-005,53104,USD,SUCCESS,2026-09-25 15:05:17.020810
PAY-F4BBE2B9-8A1A,CUST-01250,MERCH-026,129489,USD,PENDING,2026-09-10 10:05:27.020810
PAY-1204AA6C-B1D6,CUST-00223,MERCH-010,113550,USD,SUCCESS,2026-09-28 00:04:22.020810
PAY-BA1D1CEC-7D19,CUST-00448,MERCH-040,116257,GBP,SUCCESS,2026-09-06 21:58:50.020810
PAY-6A05D2AA-D608,CUST-01466,MERCH-017,9638,USD,SUCCESS,2026-09-06 18:31:44.020810
PAY-E92D0C4E-8D2A,CUST-00150,MERCH-005,66192,USD,PENDING,2026-09-29 11:51:19.020810
PAY-7C9CCFD9-99BF,CUST-00914,MERCH-002,39521,GBP,SUCCESS,2026-09-25 22:03:17.020810
PAY-FA7FB7FE-480C,CUST-01338,MERCH-041,10418,GBP,SUCCESS,2026-09-01 19:12:06.020810
PAY-9EBCD9DA-74D8,CUST-01362,MERCH-025,40242,USD,SUCCESS,2026-09-14 16:36:42.020810
PAY-A2EC8F70-C2B6,CUST-01434,MERCH-022,1470,USD,SUCCESS,2026-09-20 18:07:25.020810
PAY-2AAD865A-7CBC,CUST-01056,MERCH-046,125841,EUR,PENDING,2026-09-25 13:52:25.020810
PAY-74CD1755-B4F3,CUST-00894,MERCH-026,142091,USD,SUCCESS,2026-09-05 03:51:46.020810
PAY-3BB7C1AB-2309,CUST-00463,MERCH-001,126870,USD,SUCCESS,2026-09-20 10:04:37.020810
PAY-B014B239-75BA,CUST-00249,MERCH-037,94588,USD,SUCCESS,2026-09-27 17:51:55.020810
PAY-D6F4E4E1-EB4D,CUST-00683,MERCH-044,105518,GBP,SUCCESS,2026-09-16 11:00:40.020810
PAY-209045B4-647F,CUST-00114,MERCH-041,96275,USD,SUCCESS,2026-09-06 03:49:31.020810
PAY-B6F14608-B23E,CUST-01095,MERCH-022,120991,USD,SUCCESS,2026-09-05 15:55:47.020810
PAY-C69C0E32-DB06,CUST-00594,MERCH-042,46799,EUR,SUCCESS,2026-09-11 14:50:36.020810
PAY-9BF42FF4-9CDE,CUST-01136,MERCH-003,50570,EUR,SUCCESS,2026-09-20 09:46:26.020810
PAY-4D25FFD1-C0AC,CUST-00613,MERCH-045,28488,USD,SUCCESS,2026-09-20 16:41:44.020810
PAY-EED8A82C-423B,CUST-01292,MERCH-045,128033,GBP,SUCCESS,2026-09-19 04:45:37.020810
PAY-965306B2-A4AA,CUST-00174,MERCH-041,50166,GBP,SUCCESS,2026-09-23 00:28:43.020810
PAY-F5EE9E6E-75BD,CUST-00287,MERCH-003,7149,GBP,SUCCESS,2026-09-11 03:09:36.020810
PAY-95D15EE2-B6B6,CUST-01475,MERCH-038,128749,EUR,SUCCESS,2026-09-13 08:02:46.020810
PAY-82219BB4-847B,CUST-00797,MERCH-005,81169,NGN,SUCCESS,2026-09-27 23:58:46.020810
PAY-2F1D6043-193D,CUST-01024,MERCH-035,4803,USD,SUCCESS,2026-09-23 13:40:18.020810
PAY-E6FF7655-9EB5,CUST-00076,MERCH-022,89030,GBP,SUCCESS,2026-09-04 11:29:56.020810
PAY-21B289DC-4213,CUST-01477,MERCH-003,31482,GBP,SUCCESS,2026-09-21 10:38:30.020810
PAY-D7736823-DDCF,CUST-00434,MERCH-042,120659,USD,SUCCESS,2026-09-27 03:40:09.020810
PAY-C4F77A64-C3AC,CUST-01389,MERCH-035,61575,NGN,SUCCESS,2026-09-08 23:44:03.020810
PAY-D8EB0A7A-5EA6,CUST-00148,MERCH-003,128660,NGN,SUCCESS,2026-09-08 15:09:20.020810
PAY-A11BCD66-513E,CUST-01340,MERCH-002,12506,EUR,SUCCESS,2026-09-24 15:12:05.020810
PAY-F6E4E780-766F,CUST-00498,MERCH-045,4265,USD,FAILED,2026-09-08 02:16:41.020810
PAY-63F6C9DB-4D86,CUST-00353,MERCH-041,81066,NGN,PENDING,2026-09-04 04:23:46.020810
PAY-3CDC9F0D-30BE,CUST-00200,MERCH-030,45245,EUR,SUCCESS,2026-10-01 10:19:14.020810
PAY-EAB57BDA-8779,CUST-01211,MERCH-005,30431,USD,PENDING,2026-09-06 22:04:32.020810
PAY-F5870390-A5BF,CUST-01019,MERCH-039,58321,USD,FAILED,2026-10-01 15:27:00.020810
PAY-BCD5FE0B-28BC,CUST-00130,MERCH-013,88932,EUR,SUCCESS,2026-09-22 10:45:47.020810
PAY-E9A577BB-AB53,CUST-01390,MERCH-026,32167,NGN,SUCCESS,2026-09-17 11:57:06.020810
PAY-A3B33843-E5FB,CUST-01402,MERCH-037,36500,USD,SUCCESS,2026-09-28 06:11:33.020810
PAY-D3BD0066-F12D,CUST-00659,MERCH-014,45968,USD,SUCCESS,2026-09-03 23:18:10.020810
PAY-3395B980-A638,CUST-00688,MERCH-005,72299,USD,FAILED,2026-09-07 14:52:10.020810
PAY-CEE354FA-074D,CUST-00290,MERCH-049,44553,NGN,SUCCESS,2026-09-21 21:52:50.020810
PAY-A44961B9-89DF,CUST-01427,MERCH-024,43755,USD,PENDING,2026-09-28 14:57:27.020810
PAY-10BF6418-9B95,CUST-00899,MERCH-016,11168,USD,SUCCESS,2026-09-30 00:15:12.020810
PAY-D0022CAE-045B,CUST-00274,MERCH-007,99100,USD,SUCCESS,2026-10-01 11:44:12.020810
PAY-D6DFC03B-5AD6,CUST-00324,MERCH-002,21660,USD,PENDING,2026-09-25 09:32:56.020810
PAY-7DB2E653-84F8,CUST-00014,MERCH-001,23867,USD,SUCCESS,2026-09-10 11:13:19.020810
PAY-80601851-2422,CUST-01448,MERCH-042,74878,USD,SUCCESS,2026-09-30 13:56:13.020810
PAY-A0D8D2F0-C053,CUST-00853,MERCH-045,33764,EUR,FAILED,2026-09-24 20:47:08.020810
PAY-B3033389-8927,CUST-00423,MERCH-010,137624,GBP,SUCCESS,2026-09-14 21:52:12.020810
PAY-67CF67A0-3EA5,CUST-00923,MERCH-027,46256,NGN,FAILED,2026-09-13 08:56:29.020810
PAY-79EE534F-129E,CUST-01251,MERCH-045,47686,GBP,SUCCESS,2026-09-03 14:01:21.020810
PAY-91F8218E-4E54,CUST-01469,MERCH-032,23574,USD,SUCCESS,2026-10-01 11:16:49.020810
PAY-C516C8CD-7B56,CUST-01285,MERCH-020,110282,EUR,SUCCESS,2026-09-18 15:28:10.020810
PAY-D8467BE4-8AF2,CUST-00010,MERCH-036,50806,USD,PENDING,2026-09-13 04:43:48.020810
PAY-D9C2D8A4-EB38,CUST-00241,MERCH-034,95370,GBP,PENDING,2026-09-06 09:40:14.020810
PAY-394D514C-FBB3,CUST-01106,MERCH-033,122191,USD,SUCCESS,2026-09-12 09:39:57.020810
PAY-C13F90E3-633E,CUST-01283,MERCH-043,72963,USD,SUCCESS,2026-09-11 20:39:18.020810
PAY-31585CEC-2D47,CUST-00109,MERCH-013,39616,USD,SUCCESS,2026-09-07 05:28:17.020810
PAY-43ED2D95-0AAC,CUST-01404,MERCH-031,46722,USD,FAILED,2026-09-25 21:50:15.020810
PAY-A1163759-B743,CUST-00328,MERCH-043,14663,USD,FAILED,2026-09-03 20:25:26.020810
PAY-50B06F57-382E,CUST-01321,MERCH-024,55442,USD,SUCCESS,2026-09-15 14:18:54.020810
PAY-0094F5C5-8779,CUST-00891,MERCH-017,119289,USD,SUCCESS,2026-09-17 23:40:20.020810
PAY-CF5F977F-596C,CUST-00089,MERCH-007,141365,USD,SUCCESS,2026-09-04 07:18:25.020810
PAY-F28C03A8-879E,CUST-00361,MERCH-011,127655,USD,SUCCESS,2026-09-03 04:03:15.020810
PAY-668DFA09-E7EB,CUST-01055,MERCH-008,62182,USD,PENDING,2026-09-05 04:44:53.020810
PAY-1A6D13E4-7ABF,CUST-01478,MERCH-029,85951,USD,FAILED,2026-09-30 12:44:38.020810
PAY-7A596AB6-364A,CUST-00859,MERCH-013,60809,EUR,PENDING,2026-09-17 13:38:28.020810
PAY-C642D8D7-0C04,CUST-00226,MERCH-021,26206,GBP,SUCCESS,2026-09-12 19:34:34.020810
PAY-3047733E-5615,CUST-00486,MERCH-048,52917,EUR,PENDING,2026-09-21 18:53:57.020810
PAY-26532E9A-38B6,CUST-00770,MERCH-015,123967,USD,SUCCESS,2026-09-05 07:51:32.020810
PAY-5C999DD6-11A3,CUST-01199,MERCH-032,114759,USD,FAILED,2026-09-04 09:30:02.020810
PAY-BB4C1C4A-D934,CUST-00297,MERCH-014,119773,GBP,SUCCESS,2026-10-01 08:13:56.020810
PAY-C3D92B8A-26B5,CUST-00365,MERCH-025,36257,USD,SUCCESS,2026-09-19 21:19:56.020810
PAY-CE1BB3AB-9ED9,CUST-00938,MERCH-047,94502,USD,PENDING,2026-09-11 04:23:51.020810
PAY-82815AF9-0AAE,CUST-00553,MERCH-013,33847,USD,SUCCESS,2026-09-18 01:31:57.020810
PAY-F87D385C-86E0,CUST-00066,MERCH-045,16137,USD,FAILED,2026-09-29 08:44:04.020810
PAY-D208521B-58A4,CUST-00575,MERCH-009,122537,USD,SUCCESS,2026-09-07 03:38:33.020810
PAY-7EBE67E0-261B,CUST-00940,MERCH-027,90566,USD,SUCCESS,2026-09-10 01:39:17.020810
PAY-7E27709B-1926,CUST-00451,MERCH-019,41601,USD,SUCCESS,2026-10-01 01:28:39.020810
PAY-1C479090-721F,CUST-01307,MERCH-040,145401,USD,PENDING,2026-09-10 00:10:48.020810
PAY-64CAE959-7619,CUST-00471,MERCH-006,137278,GBP,PENDING,2026-09-21 17:51:05.020810
PAY-6AC50E26-2454,CUST-01002,MERCH-014,124622,USD,PENDING,2026-09-30 11:25:57.020810
PAY-B221D14E-067A,CUST-00948,MERCH-018,112726,USD,SUCCESS,2026-09-02 11:05:20.020810
PAY-BBCD1033-D42D,CUST-00506,MERCH-016,114335,USD,SUCCESS,2026-09-17 15:31:05.020810
PAY-9197F2AA-5A93,CUST-01187,MERCH-015,39551,EUR,SUCCESS,2026-09-30 11:39:17.020810
PAY-256A83C3-81EA,CUST-01175,MERCH-001,12093,USD,SUCCESS,2026-09-22 00:55:49.020810
PAY-C7E7C07A-ECF4,CUST-00083,MERCH-031,9313,USD,SUCCESS,2026-09-26 05:38:43.020810
PAY-E52E0A66-709D,CUST-00872,MERCH-034,126137,USD,FAILED,2026-09-20 21:36:25.020810
PAY-0DBA51AD-2863,CUST-01427,MERCH-007,130336,GBP,SUCCESS,2026-09-23 17:19:23.020810
PAY-A2BF21B7-18A8,CUST-00493,MERCH-006,3756,USD,SUCCESS,2026-09-28 20:52:31.020810
PAY-F62162AA-8AB2,CUST-01420,MERCH-047,57649,GBP,SUCCESS,2026-09-21 11:56:06.020810
PAY-116EB940-30E6,CUST-00272,MERCH-023,63168,USD,SUCCESS,2026-09-16 02:48:41.020810
PAY-3609C211-8FD6,CUST-01327,MERCH-006,126272,USD,SUCCESS,2026-09-02 12:45:02.020810
PAY-1744E7B1-7CE9,CUST-01371,MERCH-020,120898,GBP,SUCCESS,2026-09-09 14:42:17.020810
PAY-CBE4897F-A008,CUST-01169,MERCH-048,6899,USD,FAILED,2026-09-30 02:12:14.020810
PAY-7DF582AF-FAFA,CUST-00932,MERCH-030,106762,GBP,SUCCESS,2026-09-08 11:41:57.020810
PAY-B2A7DF55-0E05,CUST-00379,MERCH-024,857,USD,SUCCESS,2026-09-24 07:08:04.020810
PAY-57E101ED-D1E5,CUST-01285,MERCH-005,87769,NGN,SUCCESS,2026-09-20 10:36:27.020810
PAY-28317FD2-0693,CUST-01088,MERCH-003,112147,NGN,SUCCESS,2026-09-16 03:44:35.020810
PAY-E50AF931-E717,CUST-00553,MERCH-045,142696,USD,SUCCESS,2026-10-01 11:48:23.020810
PAY-26AED80E-A7C2,CUST-01179,MERCH-014,88500,USD,SUCCESS,2026-09-05 16:30:53.020810
PAY-4218C728-B6EB,CUST-00113,MERCH-033,14016,USD,SUCCESS,2026-09-19 10:16:13.020810
PAY-0BE6CF94-F708,CUST-00228,MERCH-025,122489,NGN,SUCCESS,2026-09-19 12:08:06.020810
PAY-72B19643-A091,CUST-01268,MERCH-003,96558,EUR,SUCCESS,2026-09-19 12:06:43.020810
PAY-ECBA725B-07C1,CUST-00359,MERCH-042,18065,USD,SUCCESS,2026-09-28 21:13:44.020810
PAY-5B6991BC-C803,CUST-01149,MERCH-046,36782,EUR,PENDING,2026-09-11 16:41:53.020810
PAY-27BBFECF-F84A,CUST-00686,MERCH-016,30268,EUR,SUCCESS,2026-09-27 22:54:35.020810
PAY-B8A2BBBA-4E26,CUST-01330,MERCH-031,55496,USD,SUCCESS,2026-09-29 22:04:44.020810
PAY-B4B35A62-B73E,CUST-00462,MERCH-021,70586,USD,FAILED,2026-09-18 21:07:46.020810
PAY-C8EAFE33-8E8A,CUST-01032,MERCH-044,73151,GBP,SUCCESS,2026-09-22 06:56:20.020810
PAY-AFB4AF4C-F13E,CUST-00112,MERCH-005,90999,USD,SUCCESS,2026-09-19 20:33:01.020810
PAY-C508C427-155E,CUST-00927,MERCH-032,138566,USD,SUCCESS,2026-09-26 02:25:21.020810
PAY-EC44CAD4-B4A6,CUST-00252,MERCH-031,140184,USD,SUCCESS,2026-09-27 13:54:16.020810
PAY-3EF81534-787C,CUST-00599,MERCH-029,17703,EUR,SUCCESS,2026-09-19 15:06:42.020810
PAY-9B0C536C-ED1C,CUST-00386,MERCH-030,21516,USD,SUCCESS,2026-09-05 23:54:46.020810
PAY-3EEF21E1-3EF1,CUST-00801,MERCH-012,20671,USD,FAILED,2026-09-15 18:10:09.020810
PAY-F2E0D986-D3FF,CUST-00224,MERCH-011,29866,USD,SUCCESS,2026-09-15 03:41:14.020810
PAY-90183941-BE4B,CUST-01428,MERCH-010,39952,USD,PENDING,2026-09-25 20:27:20.020810
PAY-D5D4777E-3488,CUST-00419,MERCH-034,77352,USD,SUCCESS,2026-09-02 20:37:36.020810
PAY-44329E1A-5057,CUST-00854,MERCH-044,35110,USD,FAILED,2026-09-28 01:00:29.020810
PAY-B9B87B61-8A09,CUST-00971,MERCH-023,116855,NGN,SUCCESS,2026-09-22 03:40:39.020810
PAY-510F9658-8A79,CUST-01321,MERCH-002,50061,GBP,PENDING,2026-09-15 21:49:57.020810
PAY-9534A3D1-502B,CUST-00129,MERCH-002,136715,NGN,SUCCESS,2026-09-13 00:52:21.020810
PAY-0E6ED9BE-51EE,CUST-01321,MERCH-022,90360,EUR,SUCCESS,2026-09-21 17:50:47.020810
PAY-4B1F2B95-C8D3,CUST-01343,MERCH-042,127940,GBP,SUCCESS,2026-09-17 14:21:55.020810
PAY-A6D08B9A-4795,CUST-01216,MERCH-043,144277,EUR,SUCCESS,2026-09-27 11:52:45.020810
PAY-2D2DF57F-9749,CUST-00912,MERCH-030,149201,EUR,FAILED,2026-09-16 12:28:20.020810
PAY-8E854D55-D852,CUST-00271,MERCH-020,68659,USD,FAILED,2026-09-10 02:16:44.020810
PAY-220B9446-E90D,CUST-00465,MERCH-031,76035,USD,FAILED,2026-09-19 19:29:18.020810
PAY-703E0082-EFD7,CUST-00097,MERCH-010,75049,USD,SUCCESS,2026-09-18 21:36:23.020810
PAY-820D9132-3988,CUST-00934,MERCH-011,140830,NGN,SUCCESS,2026-09-09 13:31:28.020810
PAY-D25122D5-95B8,CUST-00585,MERCH-012,40735,GBP,SUCCESS,2026-09-10 06:29:57.020810
PAY-1ACEC119-2DAC,CUST-00331,MERCH-016,11287,USD,SUCCESS,2026-09-07 10:24:33.020810
PAY-B05B89B2-3701,CUST-00649,MERCH-037,116076,USD,SUCCESS,2026-09-07 21:32:35.020810
PAY-0E7A0930-A57A,CUST-00534,MERCH-024,54280,USD,SUCCESS,2026-09-10 17:08:41.020810
PAY-988A5E56-D98B,CUST-01152,MERCH-046,83584,USD,PENDING,2026-09-03 10:36:23.020810
PAY-53CBE65B-859F,CUST-00705,MERCH-010,118052,NGN,SUCCESS,2026-09-19 20:40:05.020810
PAY-844803AB-A667,CUST-01106,MERCH-011,79552,EUR,SUCCESS,2026-09-27 15:55:47.020810
PAY-F59DFEEF-05E3,CUST-00249,MERCH-002,131419,EUR,FAILED,2026-09-21 09:32:24.020810
PAY-1ECAC20A-8F93,CUST-00298,MERCH-030,41408,NGN,SUCCESS,2026-09-17 07:16:18.020810
PAY-2758E257-F626,CUST-00009,MERCH-048,133514,GBP,SUCCESS,2026-09-28 06:29:47.020810
PAY-0F6FB1CB-C219,CUST-00679,MERCH-042,124732,NGN,SUCCESS,2026-09-16 02:32:22.020810
PAY-FE9FA90D-701C,CUST-00594,MERCH-049,39057,EUR,SUCCESS,2026-09-29 14:37:54.020810
PAY-9469AE9B-E5E0,CUST-01158,MERCH-047,89284,EUR,SUCCESS,2026-09-23 05:16:52.020810
PAY-14000E4C-7A46,CUST-01412,MERCH-008,11006,NGN,SUCCESS,2026-09-25 00:14:39.020810
PAY-B09B6A32-5B2A,CUST-00286,MERCH-044,31138,EUR,SUCCESS,2026-09-28 12:06:20.020810
PAY-53557675-3EE3,CUST-00631,MERCH-002,58267,USD,SUCCESS,2026-09-21 06:07:24.020810
PAY-B88FE6F0-1408,CUST-00914,MERCH-023,86055,USD,SUCCESS,2026-09-06 05:56:20.020810
PAY-36E5E2CA-C9B0,CUST-00113,MERCH-039,138501,USD,SUCCESS,2026-09-11 05:33:24.020810
PAY-C762B200-4AF8,CUST-00455,MERCH-050,51805,GBP,PENDING,2026-09-15 05:59:58.020810
PAY-AD99C94D-2B8B,CUST-00047,MERCH-006,117274,USD,SUCCESS,2026-09-27 21:29:11.020810
PAY-46D004D5-3A8F,CUST-01387,MERCH-043,134662,USD,SUCCESS,2026-09-05 23:59:32.020810
PAY-77B227D6-92C0,CUST-00808,MERCH-013,83798,EUR,SUCCESS,2026-09-25 13:37:27.020810
PAY-35C80DAE-2DF1,CUST-01236,MERCH-039,15192,USD,SUCCESS,2026-09-26 14:11:47.020810
PAY-76E54324-5C19,CUST-01366,MERCH-024,39283,USD,FAILED,2026-09-21 01:22:46.020810
PAY-76A46F66-DA92,CUST-01467,MERCH-028,101717,NGN,SUCCESS,2026-09-19 16:50:27.020810
PAY-84F304D5-FBA9,CUST-00764,MERCH-001,90918,USD,PENDING,2026-09-15 13:49:57.020810
PAY-96833B37-905F,CUST-00720,MERCH-020,147571,NGN,SUCCESS,2026-09-23 09:19:28.020810
PAY-6F94D441-99C8,CUST-00180,MERCH-014,109449,USD,SUCCESS,2026-09-23 07:44:42.020810
PAY-36E3B155-F1DC,CUST-00907,MERCH-019,111605,USD,SUCCESS,2026-09-09 17:01:13.020810
PAY-77B69E28-9A37,CUST-01493,MERCH-027,23064,USD,SUCCESS,2026-09-08 12:47:56.020810
PAY-31E7A773-0674,CUST-00295,MERCH-014,124916,USD,FAILED,2026-09-16 11:28:50.020810
PAY-A58BF7AB-6E5B,CUST-01076,MERCH-022,99006,USD,SUCCESS,2026-09-04 23:13:16.020810
PAY-E1B157E3-8F0F,CUST-00182,MERCH-001,72151,USD,SUCCESS,2026-09-21 15:14:49.020810
PAY-61E44655-B9FE,CUST-00849,MERCH-012,121641,NGN,SUCCESS,2026-09-28 17:45:39.020810
PAY-C35DEFE0-4399,CUST-01455,MERCH-037,52734,USD,FAILED,2026-09-08 09:43:20.020810
PAY-0AC814AB-79C9,CUST-00381,MERCH-025,145692,USD,PENDING,2026-09-15 19:26:23.020810
PAY-151DFAB9-1EE5,CUST-01005,MERCH-003,80169,USD,SUCCESS,2026-09-16 10:02:17.020810
PAY-5148C41E-0C5F,CUST-01012,MERCH-036,59356,USD,SUCCESS,2026-09-24 06:09:04.020810
PAY-0ABF7A77-C387,CUST-00055,MERCH-001,69359,GBP,FAILED,2026-09-09 05:38:30.020810
PAY-6D51844F-AB02,CUST-00615,MERCH-041,33052,USD,SUCCESS,2026-09-24 16:44:28.020810
PAY-9C50DAD1-CAD3,CUST-01340,MERCH-043,109855,GBP,PENDING,2026-09-15 17:22:22.020810
PAY-DFB58980-DD4B,CUST-00368,MERCH-032,7956,USD,SUCCESS,2026-09-13 15:20:44.020810
PAY-E447116E-83F5,CUST-00245,MERCH-049,129750,USD,PENDING,2026-09-15 05:10:19.020810
PAY-27877E0B-5269,CUST-00137,MERCH-039,126456,USD,SUCCESS,2026-09-19 07:40:16.020810
PAY-AC693D14-C1AF,CUST-01159,MERCH-028,125291,GBP,SUCCESS,2026-09-14 06:40:46.020810
PAY-CDFEFA91-7D0A,CUST-01422,MERCH-008,134855,USD,SUCCESS,2026-09-19 21:00:10.020810
PAY-AAC88F2A-2545,CUST-01179,MERCH-002,43189,USD,SUCCESS,2026-09-14 08:34:24.020810
PAY-28ACFE23-06E0,CUST-01192,MERCH-004,84302,USD,SUCCESS,2026-09-08 20:27:10.020810
PAY-12A2AF6E-640E,CUST-00945,MERCH-045,94186,USD,FAILED,2026-09-08 08:03:24.020810
PAY-DFCE6798-2258,CUST-00335,MERCH-004,95176,GBP,SUCCESS,2026-09-14 23:52:29.020810
PAY-84E01B2C-795A,CUST-00860,MERCH-041,13270,USD,SUCCESS,2026-09-19 00:56:33.020810
PAY-D504819D-BD35,CUST-00594,MERCH-019,20639,USD,SUCCESS,2026-09-27 11:14:02.020810
PAY-33C9BF0E-7766,CUST-01053,MERCH-013,25274,EUR,SUCCESS,2026-09-10 15:41:22.020810
PAY-DF245477-9186,CUST-01227,MERCH-049,143030,USD,SUCCESS,2026-09-09 20:55:05.020810
PAY-F918BC4F-FA9F,CUST-00661,MERCH-021,71661,EUR,SUCCESS,2026-09-16 08:57:55.020810
PAY-76C309DB-52D8,CUST-01404,MERCH-045,25622,EUR,SUCCESS,2026-09-19 08:33:37.020810
PAY-1BC65318-95EF,CUST-01095,MERCH-038,38174,GBP,PENDING,2026-09-18 19:52:07.020810
PAY-D69A1371-B0FF,CUST-00027,MERCH-009,74271,USD,SUCCESS,2026-09-26 21:54:12.020810
PAY-8C4E71AE-5F3B,CUST-00764,MERCH-050,108501,USD,SUCCESS,2026-09-25 07:08:20.020810
PAY-5AE589AC-855A,CUST-00697,MERCH-011,57614,EUR,FAILED,2026-09-06 17:30:58.020810
PAY-A955E395-84D8,CUST-00317,MERCH-033,49892,EUR,FAILED,2026-09-12 11:48:24.020810
PAY-C26CBFF4-8115,CUST-01145,MERCH-040,139985,USD,SUCCESS,2026-09-27 06:37:14.020810
PAY-344C8CFB-88DC,CUST-01460,MERCH-036,109904,EUR,SUCCESS,2026-09-07 06:58:18.020810
PAY-9C654520-D203,CUST-00944,MERCH-005,34901,EUR,SUCCESS,2026-09-07 09:59:58.020810
PAY-7C61E648-A53D,CUST-00036,MERCH-031,82177,USD,PENDING,2026-09-18 15:53:05.020810
PAY-969D85B6-63B9,CUST-01416,MERCH-024,116351,USD,PENDING,2026-09-08 12:09:13.020810
PAY-1184E265-43C3,CUST-01224,MERCH-034,45643,NGN,FAILED,2026-09-18 08:42:08.020810
PAY-27576AD5-0AC5,CUST-01454,MERCH-020,31589,EUR,SUCCESS,2026-09-03 03:41:53.020810
PAY-0444E234-9416,CUST-00456,MERCH-009,59895,GBP,SUCCESS,2026-09-08 16:03:05.020810
PAY-47A1770F-8DBA,CUST-00630,MERCH-009,34635,USD,SUCCESS,2026-09-11 22:40:23.020810
PAY-51735D6F-D087,CUST-00161,MERCH-028,20877,USD,SUCCESS,2026-09-07 04:21:23.020810
PAY-52E55489-CE77,CUST-00039,MERCH-050,113548,USD,SUCCESS,2026-09-25 06:23:19.020810
PAY-C5DE7CCB-2867,CUST-00088,MERCH-013,9096,GBP,SUCCESS,2026-09-06 23:48:25.020810
PAY-4AA213EC-0E4C,CUST-01352,MERCH-033,16036,NGN,SUCCESS,2026-09-30 13:17:28.020810
PAY-AFFB0252-46A4,CUST-00961,MERCH-008,11845,GBP,SUCCESS,2026-09-14 00:58:18.020810
PAY-0275895C-7BFB,CUST-00136,MERCH-020,25797,GBP,SUCCESS,2026-09-02 06:09:32.020810
PAY-6FE8518E-33FE,CUST-00254,MERCH-039,52935,GBP,SUCCESS,2026-09-11 17:30:02.020810
PAY-BAA0DD47-1036,CUST-00379,MERCH-043,8170,GBP,PENDING,2026-09-18 19:45:26.020810
PAY-6774C7B5-A748,CUST-00186,MERCH-010,91683,USD,SUCCESS,2026-09-15 05:21:24.020810
PAY-FD377EBE-4D60,CUST-00722,MERCH-011,63892,GBP,SUCCESS,2026-09-26 01:28:19.020810
PAY-E009CC11-8166,CUST-01035,MERCH-037,26479,GBP,SUCCESS,2026-09-05 01:48:33.020810
PAY-A3E2E9AC-23A3,CUST-01185,MERCH-049,139131,USD,PENDING,2026-09-02 10:29:01.020810
PAY-CFE5CC84-DD0F,CUST-00445,MERCH-046,74387,EUR,FAILED,2026-09-11 01:21:35.020810
PAY-62535BE4-464C,CUST-00352,MERCH-049,1634,USD,SUCCESS,2026-09-27 19:59:18.020810
PAY-5AD0D9BC-3CC7,CUST-01486,MERCH-007,132671,USD,SUCCESS,2026-09-12 03:32:12.020810
PAY-420C102E-1F83,CUST-01450,MERCH-031,49029,EUR,SUCCESS,2026-09-19 13:09:04.020810
PAY-A9421575-12AE,CUST-00901,MERCH-044,47908,USD,SUCCESS,2026-09-06 23:13:58.020810
PAY-1C266972-80A0,CUST-00727,MERCH-025,56670,GBP,SUCCESS,2026-09-22 08:17:37.020810
PAY-69453360-7853,CUST-01054,MERCH-015,30081,EUR,SUCCESS,2026-09-21 13:03:12.020810
PAY-DF293351-1B75,CUST-00644,MERCH-008,29418,EUR,FAILED,2026-09-24 09:00:20.020810
PAY-4C470085-B103,CUST-01065,MERCH-009,95199,USD,SUCCESS,2026-09-25 19:51:30.020810
PAY-A5114658-2353,CUST-01444,MERCH-019,11145,USD,SUCCESS,2026-09-28 19:17:48.020810
PAY-736D6C6A-4662,CUST-00169,MERCH-021,30835,GBP,SUCCESS,2026-09-25 17:24:28.020810
PAY-B73ED900-CA7A,CUST-00789,MERCH-019,82290,EUR,SUCCESS,2026-09-23 22:34:16.020810
PAY-4B4510A3-872B,CUST-01408,MERCH-029,145705,USD,PENDING,2026-09-12 17:21:08.020810
PAY-C4CF5D7B-FB25,CUST-00835,MERCH-019,49988,USD,SUCCESS,2026-09-22 12:48:08.020810
PAY-260EA39C-39E3,CUST-00143,MERCH-031,47501,USD,SUCCESS,2026-09-19 14:17:27.020810
PAY-D35D6AE0-E96E,CUST-00027,MERCH-044,28070,USD,SUCCESS,2026-09-25 15:00:09.020810
PAY-253C48D9-1AFD,CUST-00812,MERCH-029,22783,EUR,SUCCESS,2026-09-27 03:08:11.020810
PAY-964C7244-8EE8,CUST-00245,MERCH-010,105521,USD,SUCCESS,2026-09-20 22:10:46.020810
PAY-8BE6A131-D157,CUST-01424,MERCH-038,44729,USD,SUCCESS,2026-09-06 16:42:20.020810
PAY-D013FE6F-A4FC,CUST-00133,MERCH-024,89270,NGN,SUCCESS,2026-09-11 10:08:35.020810
PAY-D2882C84-FBCA,CUST-00411,MERCH-039,32681,GBP,SUCCESS,2026-09-21 09:13:18.020810
PAY-A894D900-C6F8,CUST-00477,MERCH-028,73511,USD,SUCCESS,2026-09-25 23:41:46.020810
PAY-2CDBEC30-C4F5,CUST-01462,MERCH-050,72058,USD,SUCCESS,2026-09-30 00:10:30.020810
PAY-24ADE1ED-5919,CUST-01319,MERCH-026,125235,EUR,SUCCESS,2026-09-19 01:04:27.020810
PAY-08863087-6254,CUST-01366,MERCH-039,127517,NGN,SUCCESS,2026-09-21 09:24:06.020810
PAY-D546339C-F054,CUST-01048,MERCH-018,119679,USD,FAILED,2026-09-08 21:53:38.020810
PAY-75008DB3-8B07,CUST-00222,MERCH-008,128777,USD,SUCCESS,2026-09-13 22:15:56.020810
PAY-D10BD9DE-4DBB,CUST-01019,MERCH-015,8291,EUR,PENDING,2026-09-08 07:01:15.020810
PAY-3602A502-CF58,CUST-00204,MERCH-048,18385,GBP,SUCCESS,2026-09-04 07:46:06.020810
PAY-3FFECE00-F854,CUST-01021,MERCH-044,47448,EUR,PENDING,2026-09-03 01:21:19.020810
PAY-AF1EEF8E-CCF1,CUST-00784,MERCH-039,40538,USD,SUCCESS,2026-09-17 15:07:19.020810
PAY-8B2ADAF8-C9F6,CUST-00621,MERCH-040,20558,USD,SUCCESS,2026-09-06 10:25:39.020810
PAY-2AAA2F45-E473,CUST-01354,MERCH-049,129524,EUR,SUCCESS,2026-09-26 23:58:30.020810
PAY-80B5507C-4180,CUST-00955,MERCH-013,131021,USD,SUCCESS,2026-09-16 00:12:59.020810
PAY-4D7012FB-9B2F,CUST-01005,MERCH-033,142696,EUR,SUCCESS,2026-09-14 11:03:10.020810
PAY-4BAB8DCB-EF69,CUST-00704,MERCH-035,5132,EUR,SUCCESS,2026-09-28 07:02:57.020810
PAY-188FB85F-76BF,CUST-00065,MERCH-028,101066,USD,SUCCESS,2026-09-07 12:59:31.020810
PAY-78FE29E0-972D,CUST-00922,MERCH-021,116513,USD,FAILED,2026-09-20 00:39:16.020810
PAY-FB355B49-889A,CUST-00942,MERCH-003,46865,NGN,SUCCESS,2026-09-03 08:28:30.020810
PAY-26371909-AF67,CUST-01141,MERCH-043,43529,USD,SUCCESS,2026-09-16 11:15:48.020810
PAY-FADFEA1D-CFF0,CUST-01007,MERCH-028,82409,EUR,FAILED,2026-09-08 06:52:51.020810
PAY-AA84BE93-61EB,CUST-01466,MERCH-025,29173,USD,SUCCESS,2026-09-25 10:07:01.020810
PAY-1E162FBE-E30D,CUST-01166,MERCH-044,145671,EUR,SUCCESS,2026-09-25 13:43:38.020810
PAY-7617A8EC-46F6,CUST-01404,MERCH-035,123660,USD,SUCCESS,2026-09-29 12:51:50.020810
PAY-A671719B-A2EB,CUST-00975,MERCH-036,133324,USD,PENDING,2026-09-09 08:18:22.020810
PAY-081C513B-9901,CUST-00115,MERCH-026,130180,NGN,SUCCESS,2026-09-14 13:03:48.020810
PAY-C22EB2F4-ADD6,CUST-01211,MERCH-025,92974,USD,SUCCESS,2026-10-01 16:58:39.020810
PAY-9B13F2FA-F474,CUST-00583,MERCH-021,7878,USD,SUCCESS,2026-09-04 17:45:17.020810
PAY-116FA29D-469F,CUST-01210,MERCH-003,96552,EUR,SUCCESS,2026-09-07 23:33:08.020810
PAY-0DB59924-91B7,CUST-00715,MERCH-048,7551,USD,SUCCESS,2026-09-30 02:33:42.020810
PAY-AF1AF6D6-B9E4,CUST-01281,MERCH-022,26019,USD,SUCCESS,2026-09-20 05:35:27.020810
PAY-B4344111-776D,CUST-00877,MERCH-023,108484,USD,PENDING,2026-09-19 02:33:08.020810
PAY-6CA8C057-DA8C,CUST-00720,MERCH-004,65410,USD,SUCCESS,2026-09-13 14:44:17.020810
PAY-9BE8BF92-573C,CUST-00481,MERCH-042,22766,GBP,PENDING,2026-09-16 21:48:47.020810
PAY-88134736-50AA,CUST-01410,MERCH-005,30507,USD,FAILED,2026-09-16 13:26:22.020810
PAY-27B519FE-DE2B,CUST-00692,MERCH-011,141642,USD,SUCCESS,2026-09-02 17:09:25.020810
PAY-A75D548C-FCDB,CUST-00668,MERCH-003,111248,USD,SUCCESS,2026-09-24 03:11:21.020810
PAY-8F774E4E-18AF,CUST-01164,MERCH-033,70392,EUR,SUCCESS,2026-09-22 04:53:33.020810
PAY-640D2B1F-24E4,CUST-00042,MERCH-045,6329,USD,SUCCESS,2026-09-24 13:25:51.020810
PAY-D03C960C-20C9,CUST-00649,MERCH-025,102815,USD,SUCCESS,2026-09-29 10:42:03.020810
PAY-4DDC9D71-BE4E,CUST-00661,MERCH-037,128520,EUR,FAILED,2026-09-06 12:02:58.020810
PAY-1D06196C-EDC2,CUST-00205,MERCH-045,88571,GBP,PENDING,2026-09-11 18:05:29.020810
PAY-F8418502-8B9E,CUST-01018,MERCH-033,44180,USD,FAILED,2026-09-18 05:46:58.020810
PAY-E363D1AC-1E63,CUST-01260,MERCH-020,114792,EUR,SUCCESS,2026-09-19 09:30:21.020810
PAY-F0345DD2-6EF0,CUST-00414,MERCH-032,140965,USD,SUCCESS,2026-09-05 09:56:46.020810
PAY-60ECBB1C-3F00,CUST-00439,MERCH-019,12960,USD,SUCCESS,2026-09-14 15:07:08.020810
PAY-D1B72E34-6ADD,CUST-00609,MERCH-037,59714,GBP,SUCCESS,2026-09-21 06:35:11.020810
PAY-EBBF1514-9BA6,CUST-01280,MERCH-048,25333,USD,PENDING,2026-09-06 05:19:46.020810
PAY-A628F0FD-4BE6,CUST-01213,MERCH-022,18134,USD,SUCCESS,2026-09-15 00:41:02.020810
PAY-7D9E3C9C-A9AC,CUST-01161,MERCH-034,112463,USD,SUCCESS,2026-09-24 19:55:07.020810
PAY-3E0CB9E1-A4DD,CUST-00430,MERCH-023,79627,USD,SUCCESS,2026-09-05 11:30:29.020810
PAY-3231AA2E-CC6A,CUST-01034,MERCH-020,142044,USD,SUCCESS,2026-09-22 18:34:05.020810
PAY-0480C048-FA66,CUST-00642,MERCH-013,105960,USD,SUCCESS,2026-09-21 20:54:06.020810
PAY-7995875D-F5A0,CUST-00515,MERCH-040,119311,EUR,FAILED,2026-09-26 18:38:22.020810
PAY-33229BB8-02B1,CUST-01376,MERCH-049,47843,USD,SUCCESS,2026-09-28 08:08:50.020810
PAY-E8E57DA9-2071,CUST-00039,MERCH-041,49400,EUR,SUCCESS,2026-09-26 19:38:07.020810
PAY-61F7B9A8-D9EC,CUST-01182,MERCH-032,122998,USD,SUCCESS,2026-09-12 02:17:55.020810
PAY-135FD011-DE8F,CUST-00549,MERCH-041,114198,GBP,FAILED,2026-09-27 14:51:13.020810
PAY-7180611B-5B18,CUST-01160,MERCH-047,137409,USD,FAILED,2026-09-04 15:57:28.020810
PAY-C7F8F5A3-A6D6,CUST-00411,MERCH-024,39230,USD,SUCCESS,2026-09-24 05:01:36.020810
PAY-5FEA8F00-DBE7,CUST-00493,MERCH-010,114634,USD,SUCCESS,2026-09-16 08:02:14.020810
PAY-66F9D40F-60C2,CUST-00841,MERCH-021,53861,EUR,SUCCESS,2026-09-04 21:15:15.020810
PAY-740264DB-EA4F,CUST-00845,MERCH-018,42596,USD,PENDING,2026-09-15 16:37:19.020810
PAY-A461B521-BF84,CUST-00526,MERCH-044,62400,USD,SUCCESS,2026-09-30 22:40:37.020810
PAY-C8AD5E2E-676A,CUST-00832,MERCH-016,39811,USD,FAILED,2026-09-07 06:29:46.020810
PAY-F2AC01BE-6810,CUST-00394,MERCH-002,81906,EUR,SUCCESS,2026-09-13 16:19:11.020810
PAY-404E0827-3656,CUST-00951,MERCH-032,114829,EUR,SUCCESS,2026-09-28 22:26:03.020810
PAY-07124258-BA6D,CUST-00865,MERCH-042,53450,GBP,SUCCESS,2026-09-03 13:18:11.020810
PAY-B4A7E2C0-1B8A,CUST-00327,MERCH-018,8139,USD,PENDING,2026-09-08 09:08:38.020810
PAY-4C0E8AFF-B88F,CUST-00530,MERCH-018,46633,USD,SUCCESS,2026-09-28 11:48:35.020810
PAY-A500C240-0DE5,CUST-01320,MERCH-003,5718,USD,PENDING,2026-09-25 08:14:15.020810
PAY-ABC4E7B6-63B5,CUST-00114,MERCH-006,78613,USD,SUCCESS,2026-09-16 23:54:59.020810
PAY-A798D2BF-54FA,CUST-00131,MERCH-027,24173,USD,SUCCESS,2026-09-19 09:37:20.020810
PAY-653972A9-CA42,CUST-00813,MERCH-047,62376,USD,SUCCESS,2026-09-08 13:57:19.020810
PAY-339CCAC6-DF69,CUST-00230,MERCH-037,32125,NGN,SUCCESS,2026-09-26 01:01:21.020810
PAY-BB23143B-5AB4,CUST-01069,MERCH-043,138193,USD,SUCCESS,2026-09-29 22:25:43.020810
PAY-EE2A24A9-E686,CUST-00516,MERCH-032,62910,USD,PENDING,2026-09-06 03:20:17.020810
PAY-5488E973-5001,CUST-01229,MERCH-008,86820,USD,SUCCESS,2026-09-16 23:20:25.020810
PAY-77BDC662-37E9,CUST-01197,MERCH-048,62349,EUR,SUCCESS,2026-09-20 16:30:58.020810
PAY-7CAB9128-1974,CUST-00867,MERCH-014,28500,EUR,SUCCESS,2026-09-08 18:17:12.020810
PAY-0A284F64-BF15,CUST-00359,MERCH-014,115705,GBP,PENDING,2026-09-15 02:03:41.020810
PAY-4D2CC89D-5E6D,CUST-00837,MERCH-017,15160,EUR,PENDING,2026-09-30 08:59:09.020810
PAY-4E17BBB6-5630,CUST-01005,MERCH-035,30112,USD,SUCCESS,2026-09-19 22:45:13.020810
PAY-FA9D032C-421B,CUST-00649,MERCH-035,124980,EUR,SUCCESS,2026-09-22 07:55:54.020810
PAY-D314C0F3-6B16,CUST-01399,MERCH-016,38487,USD,SUCCESS,2026-09-15 05:46:26.020810
PAY-431B72E2-EE6E,CUST-00744,MERCH-031,81285,USD,SUCCESS,2026-09-19 14:38:17.020810
PAY-71281FA9-FE16,CUST-00044,MERCH-042,9625,USD,FAILED,2026-10-01 04:00:58.020810
PAY-511FA146-BBD2,CUST-01357,MERCH-004,66817,USD,SUCCESS,2026-09-13 09:26:00.020810
PAY-B8A5F947-7773,CUST-01132,MERCH-025,95620,USD,SUCCESS,2026-09-16 18:30:53.020810
PAY-48C06E4A-755A,CUST-01404,MERCH-008,62466,GBP,SUCCESS,2026-09-27 17:24:25.020810
PAY-8DD700C4-9C6F,CUST-00907,MERCH-025,103516,USD,FAILED,2026-09-02 03:21:19.020810
PAY-6CB5C9CD-023C,CUST-00524,MERCH-020,62224,USD,SUCCESS,2026-09-06 03:20:24.020810
PAY-EE5B5156-432E,CUST-00610,MERCH-014,115540,USD,PENDING,2026-09-09 12:52:08.020810
PAY-7D3827C5-5BD8,CUST-01294,MERCH-021,9381,USD,SUCCESS,2026-09-21 11:33:05.020810
PAY-78B06563-158D,CUST-00562,MERCH-006,123993,USD,SUCCESS,2026-09-25 15:03:12.020810
PAY-907BE6F1-F20D,CUST-00846,MERCH-022,26818,USD,SUCCESS,2026-09-22 06:16:58.020810
PAY-C44F0B68-325C,CUST-00329,MERCH-045,133232,USD,PENDING,2026-09-14 10:14:34.020810
PAY-7F0751BB-B7D2,CUST-00136,MERCH-023,144083,GBP,SUCCESS,2026-09-22 04:32:25.020810
PAY-053F9D0D-6272,CUST-00670,MERCH-030,14157,GBP,SUCCESS,2026-09-03 02:03:24.020810
PAY-F877CB99-AD03,CUST-01314,MERCH-042,116735,USD,SUCCESS,2026-09-10 16:15:46.020810
PAY-2099B4B5-419B,CUST-01313,MERCH-009,105531,GBP,FAILED,2026-09-01 21:46:27.020810
PAY-534E29D2-2B21,CUST-00410,MERCH-041,82740,USD,PENDING,2026-09-16 14:10:46.020810
PAY-BC13B057-A234,CUST-01180,MERCH-006,41872,USD,PENDING,2026-09-07 03:18:54.020810
PAY-4B53D88A-05B7,CUST-00512,MERCH-034,108061,NGN,SUCCESS,2026-09-08 01:45:36.020810
PAY-62EF0DA5-62EA,CUST-00655,MERCH-029,35498,EUR,SUCCESS,2026-09-24 23:31:37.020810
PAY-9F347256-82D2,CUST-00534,MERCH-012,86373,USD,SUCCESS,2026-09-30 13:06:34.020810
PAY-7DBDDA03-9C0D,CUST-00578,MERCH-013,109157,USD,PENDING,2026-09-05 20:31:21.020810
PAY-BD14DB4E-CB1B,CUST-00753,MERCH-012,99412,EUR,SUCCESS,2026-09-20 20:38:41.020810
PAY-18B221F5-CE56,CUST-01169,MERCH-015,6521,GBP,PENDING,2026-09-02 18:20:54.020810
PAY-2BD9DF4D-1AEA,CUST-01144,MERCH-042,60454,USD,PENDING,2026-10-01 11:13:34.020810
PAY-17180F39-37EE,CUST-00183,MERCH-030,69124,USD,FAILED,2026-09-11 09:11:15.020810
PAY-9EFB39B4-0291,CUST-01437,MERCH-011,105628,USD,SUCCESS,2026-09-04 04:11:31.020810
PAY-B42D25EC-32D1,CUST-01266,MERCH-028,68698,USD,SUCCESS,2026-09-30 21:41:56.020810
PAY-AF5EF092-5D69,CUST-00306,MERCH-006,45096,USD,SUCCESS,2026-09-19 14:50:55.020810
PAY-23F17F31-FFC4,CUST-01162,MERCH-008,138345,USD,PENDING,2026-09-02 10:38:09.020810
PAY-65AFD468-130B,CUST-00892,MERCH-050,130038,USD,SUCCESS,2026-09-23 18:47:55.020810
PAY-39EA38F8-4E12,CUST-00243,MERCH-015,50450,USD,SUCCESS,2026-09-11 14:52:20.020810
PAY-8F18B407-73DE,CUST-00546,MERCH-019,100658,GBP,FAILED,2026-09-25 17:56:18.020810
PAY-38AB4BF8-020C,CUST-00267,MERCH-028,57009,USD,SUCCESS,2026-09-11 18:54:15.020810
PAY-818B57FD-98C2,CUST-00580,MERCH-047,110162,GBP,SUCCESS,2026-09-10 22:48:53.020810
PAY-0766E4B0-D2AA,CUST-00370,MERCH-027,8042,GBP,SUCCESS,2026-09-08 20:13:35.020810
PAY-D26A3CE0-6A5E,CUST-00595,MERCH-017,118720,GBP,SUCCESS,2026-09-13 04:33:05.020810
PAY-66F2DAFB-ADF9,CUST-00509,MERCH-024,120604,USD,PENDING,2026-09-30 01:19:19.020810
PAY-AD3108FA-7EFA,CUST-00176,MERCH-001,35418,USD,SUCCESS,2026-09-24 12:28:39.020810
PAY-668338AB-D286,CUST-00663,MERCH-045,56131,USD,SUCCESS,2026-09-21 01:22:32.020810
PAY-47AE81F5-A259,CUST-01461,MERCH-025,67668,USD,SUCCESS,2026-09-22 07:21:37.020810
PAY-84ABC34C-344C,CUST-00150,MERCH-007,15901,USD,SUCCESS,2026-09-28 19:08:34.020810
PAY-451112A2-CD0B,CUST-00107,MERCH-022,123952,GBP,SUCCESS,2026-09-13 03:48:03.020810
PAY-4CD737C0-10FB,CUST-00726,MERCH-039,12430,USD,SUCCESS,2026-09-30 19:10:54.020810
PAY-C92D3255-43BE,CUST-00011,MERCH-017,100360,USD,SUCCESS,2026-09-26 06:01:29.020810
PAY-99AB5198-3C1D,CUST-00620,MERCH-026,35165,USD,SUCCESS,2026-09-19 18:19:19.020810
PAY-7DE12EF2-4A52,CUST-01146,MERCH-003,47521,USD,SUCCESS,2026-09-29 22:30:25.020810
PAY-4659858F-9902,CUST-00534,MERCH-011,129695,USD,SUCCESS,2026-09-26 05:05:53.020810
PAY-B1B9BCB6-F0BC,CUST-00695,MERCH-030,24000,USD,SUCCESS,2026-09-08 03:53:17.020810
PAY-E4AFFBBC-320F,CUST-00650,MERCH-046,113989,USD,FAILED,2026-09-27 12:10:45.020810
PAY-158B5A1B-6DF5,CUST-00291,MERCH-017,82621,USD,SUCCESS,2026-09-07 10:19:18.020810
PAY-B106964A-AF3D,CUST-00091,MERCH-009,74162,USD,SUCCESS,2026-09-25 23:48:48.020810
PAY-61353294-C3AE,CUST-00739,MERCH-028,69500,USD,SUCCESS,2026-09-15 11:49:22.020810
PAY-4BCB240C-D11A,CUST-01256,MERCH-049,136021,GBP,SUCCESS,2026-09-14 13:29:27.020810
PAY-1D5FC32C-5AD1,CUST-00642,MERCH-028,83217,NGN,SUCCESS,2026-09-09 18:24:39.020810
PAY-293ECDB3-B6AA,CUST-01007,MERCH-049,146166,USD,SUCCESS,2026-09-09 02:25:37.020810
PAY-0179EC3B-4451,CUST-01347,MERCH-041,14451,USD,SUCCESS,2026-09-23 02:48:57.020810
PAY-B329C4E1-2462,CUST-00387,MERCH-010,60756,EUR,SUCCESS,2026-09-04 09:45:58.020810
PAY-438C5656-E70A,CUST-00376,MERCH-003,68716,NGN,FAILED,2026-09-24 14:04:08.020810
PAY-98728FA7-B992,CUST-00335,MERCH-046,114907,USD,SUCCESS,2026-09-24 10:26:24.020810
PAY-2213752A-0333,CUST-00238,MERCH-032,116241,USD,SUCCESS,2026-09-03 17:42:59.020810
PAY-BA9FD412-8777,CUST-00731,MERCH-046,127692,USD,SUCCESS,2026-09-28 23:38:01.020810
PAY-9B057919-3E6A,CUST-00938,MERCH-032,39311,USD,SUCCESS,2026-09-07 05:15:07.020810
PAY-5F45D1C7-0A84,CUST-00254,MERCH-023,53907,NGN,SUCCESS,2026-09-06 07:13:01.020810
PAY-E5BE8BEF-7EFC,CUST-00582,MERCH-012,133862,NGN,SUCCESS,2026-09-09 22:16:07.020810
PAY-9713470F-8C4D,CUST-00559,MERCH-037,56178,USD,SUCCESS,2026-09-30 04:33:16.020810
PAY-88B4EC75-9B29,CUST-01196,MERCH-001,47835,USD,SUCCESS,2026-09-27 07:02:35.020810
PAY-8D6EE6D4-AF68,CUST-00853,MERCH-005,131076,EUR,SUCCESS,2026-09-13 16:59:06.020810
PAY-BCB72AA8-7894,CUST-01387,MERCH-007,7305,USD,SUCCESS,2026-09-17 17:06:17.020810
PAY-F401735F-D6D9,CUST-00583,MERCH-044,103829,USD,SUCCESS,2026-09-07 16:19:14.020810
PAY-F275BE5C-2FBE,CUST-00766,MERCH-038,85313,USD,SUCCESS,2026-09-06 21:46:16.020810
PAY-D114A242-0A62,CUST-00315,MERCH-002,121147,USD,PENDING,2026-09-05 16:38:10.020810
PAY-6ECDACA3-9E59,CUST-01450,MERCH-043,119527,USD,FAILED,2026-09-25 01:15:45.020810
PAY-87F87F43-CB29,CUST-01287,MERCH-018,2021,USD,SUCCESS,2026-09-30 14:29:20.020810
PAY-22057644-33AA,CUST-00675,MERCH-003,85674,USD,SUCCESS,2026-09-23 18:05:34.020810
PAY-35A71159-D14C,CUST-01499,MERCH-047,34400,USD,FAILED,2026-09-29 09:18:30.020810
PAY-61B7968B-B9B2,CUST-00433,MERCH-004,85217,EUR,SUCCESS,2026-09-15 11:51:22.020810
PAY-9BBECE5D-26E6,CUST-00114,MERCH-048,143933,USD,PENDING,2026-09-05 04:35:25.020810
PAY-6329806F-E27E,CUST-01234,MERCH-025,105058,USD,SUCCESS,2026-09-06 06:01:14.020810
PAY-8194C970-806A,CUST-00523,MERCH-012,105073,USD,FAILED,2026-09-13 09:54:16.020810
PAY-B06CABBF-76FC,CUST-00183,MERCH-002,43213,NGN,SUCCESS,2026-09-11 20:47:16.020810
PAY-44FA52A9-4544,CUST-00796,MERCH-050,75194,GBP,FAILED,2026-09-21 07:00:59.020810
PAY-BE567D48-7B54,CUST-01326,MERCH-049,32115,USD,SUCCESS,2026-09-09 05:46:14.020810
PAY-A30B3323-7B37,CUST-00612,MERCH-032,81791,USD,PENDING,2026-09-22 17:55:29.020810
PAY-AC1F1D14-3A1B,CUST-01403,MERCH-039,94621,USD,FAILED,2026-09-08 03:09:03.020810
PAY-3068CF12-7797,CUST-01363,MERCH-007,134888,USD,FAILED,2026-09-19 14:18:32.020810
PAY-0E155A8F-4C03,CUST-00410,MERCH-032,102235,USD,SUCCESS,2026-09-23 09:10:07.020810
PAY-3CDFAA8C-6FC0,CUST-00976,MERCH-018,111405,GBP,FAILED,2026-09-29 02:11:59.020810
PAY-D639849D-7681,CUST-00185,MERCH-049,97030,GBP,SUCCESS,2026-09-22 06:28:52.020810
PAY-1AB84328-C0FB,CUST-01258,MERCH-012,112177,EUR,SUCCESS,2026-09-22 19:57:39.020810
PAY-67BBD26B-A8D1,CUST-00191,MERCH-003,90086,USD,SUCCESS,2026-09-26 16:16:37.020810
PAY-520BEA4D-6529,CUST-00950,MERCH-044,41150,USD,SUCCESS,2026-09-12 15:26:16.020810
PAY-634B7A84-8928,CUST-01015,MERCH-034,22512,NGN,SUCCESS,2026-09-27 05:29:05.020810
PAY-7403ED6E-DC49,CUST-00596,MERCH-030,21257,EUR,SUCCESS,2026-09-22 23:44:49.020810
PAY-EADA3650-6230,CUST-00979,MERCH-020,33999,USD,SUCCESS,2026-09-08 23:19:47.020810
PAY-41CD74F6-6863,CUST-01402,MERCH-020,137625,NGN,PENDING,2026-09-13 19:53:35.020810
PAY-9644871C-9DDA,CUST-00876,MERCH-019,13011,NGN,PENDING,2026-09-29 08:34:58.020810
PAY-8268EE0E-7873,CUST-01129,MERCH-005,135088,USD,SUCCESS,2026-09-03 22:43:48.020810
PAY-D288192F-CB28,CUST-00221,MERCH-033,108770,EUR,SUCCESS,2026-09-22 09:15:03.020810
PAY-AB287FD9-20D0,CUST-00194,MERCH-030,66922,USD,SUCCESS,2026-09-29 08:30:57.020810
PAY-25876B9C-D337,CUST-00728,MERCH-017,21935,USD,SUCCESS,2026-09-30 04:25:36.020810
PAY-623A0C21-69D8,CUST-01032,MERCH-002,121840,USD,SUCCESS,2026-09-07 06:56:07.020810
PAY-8C4F3A1E-9E75,CUST-00368,MERCH-012,12364,USD,SUCCESS,2026-09-20 20:01:09.020810
PAY-650E42E5-A37E,CUST-00171,MERCH-027,82799,USD,FAILED,2026-09-16 04:58:31.020810
PAY-8D511852-7333,CUST-01203,MERCH-047,118451,USD,SUCCESS,2026-09-23 20:18:07.020810
PAY-9E1077E6-B010,CUST-01278,MERCH-017,49571,GBP,SUCCESS,2026-09-18 07:52:27.020810
PAY-16B08132-E6DE,CUST-00433,MERCH-012,68478,USD,SUCCESS,2026-09-05 13:19:27.020810
PAY-7CABCE31-B9D4,CUST-01380,MERCH-007,140583,USD,FAILED,2026-09-22 19:36:11.020810
PAY-60D921D4-3AF6,CUST-00037,MERCH-001,31086,EUR,SUCCESS,2026-09-20 22:19:19.020810
PAY-A53ACFFF-2FE9,CUST-00028,MERCH-011,121128,USD,SUCCESS,2026-09-24 22:04:32.020810
PAY-1E11835E-033E,CUST-01417,MERCH-026,128091,USD,SUCCESS,2026-09-30 23:26:25.020810
PAY-0DDE028D-0782,CUST-00621,MERCH-040,95062,USD,SUCCESS,2026-10-01 16:45:02.020810
PAY-6CD96118-4599,CUST-01415,MERCH-044,79839,USD,SUCCESS,2026-09-20 22:23:45.020810
PAY-193AFB19-E10F,CUST-00180,MERCH-009,4137,USD,SUCCESS,2026-09-08 07:36:35.020810
PAY-BBA86A2B-B350,CUST-00391,MERCH-008,49841,EUR,SUCCESS,2026-09-02 12:41:54.020810
PAY-D4E0D874-828C,CUST-00055,MERCH-014,38551,USD,PENDING,2026-09-25 02:43:58.020810
PAY-9435C3BB-EF8A,CUST-01331,MERCH-016,141686,USD,SUCCESS,2026-09-22 21:55:16.020810
PAY-F9C521A3-760A,CUST-00391,MERCH-006,121984,USD,SUCCESS,2026-09-16 08:47:08.020810
PAY-4E5F47D8-73A5,CUST-00304,MERCH-031,6219,USD,SUCCESS,2026-09-22 05:42:56.020810
PAY-B1F4A3B0-01E3,CUST-00239,MERCH-011,117223,USD,PENDING,2026-09-09 03:46:32.020810
PAY-64235762-FB22,CUST-00994,MERCH-031,118337,USD,SUCCESS,2026-09-02 17:03:31.020810
PAY-489CBDD1-0432,CUST-01199,MERCH-016,77788,GBP,SUCCESS,2026-09-11 12:46:01.020810
PAY-EBDECDC0-BE88,CUST-01167,MERCH-026,88016,GBP,SUCCESS,2026-09-04 05:31:10.020810
PAY-1B3B05F2-546D,CUST-00017,MERCH-007,109469,GBP,SUCCESS,2026-09-22 17:15:36.020810
PAY-59C354EC-768E,CUST-01016,MERCH-048,145807,EUR,PENDING,2026-09-29 20:22:48.020810
PAY-B3767804-4350,CUST-00596,MERCH-003,105273,USD,SUCCESS,2026-09-25 10:09:55.020810
PAY-20006392-19D0,CUST-00996,MERCH-033,128400,USD,SUCCESS,2026-09-30 10:48:05.020810
PAY-830BD3C1-815A,CUST-00475,MERCH-046,138992,USD,SUCCESS,2026-09-04 16:55:00.020810
PAY-DE90B7FF-C506,CUST-00039,MERCH-028,83298,USD,SUCCESS,2026-09-29 17:44:57.020810
PAY-55CC6F60-68F4,CUST-01134,MERCH-005,109850,USD,SUCCESS,2026-09-14 18:15:26.020810
PAY-EBEA305A-A27C,CUST-00970,MERCH-008,91402,USD,SUCCESS,2026-09-25 18:39:41.020810
PAY-E4211CFC-A136,CUST-00919,MERCH-045,5954,USD,SUCCESS,2026-09-22 22:26:08.020810
PAY-1E87665B-13FC,CUST-00331,MERCH-019,123508,USD,SUCCESS,2026-09-11 02:07:17.020810
PAY-FF3D8ED5-DC6C,CUST-00705,MERCH-029,133573,USD,FAILED,2026-09-13 00:36:38.020810
PAY-14E54012-13AA,CUST-00450,MERCH-038,123305,USD,SUCCESS,2026-09-18 05:19:57.020810
PAY-88AA8C91-BEF5,CUST-00269,MERCH-019,109777,EUR,FAILED,2026-09-20 17:00:22.020810
PAY-2D7620D7-6BDF,CUST-01379,MERCH-042,124317,NGN,SUCCESS,2026-09-19 05:55:08.020810
PAY-ADAD082A-76E8,CUST-00332,MERCH-040,74544,USD,PENDING,2026-09-11 19:36:22.020810
PAY-8EDF3B61-228C,CUST-01415,MERCH-048,127086,USD,SUCCESS,2026-09-05 22:36:42.020810
PAY-5B61A139-3177,CUST-00265,MERCH-012,41476,EUR,SUCCESS,2026-09-11 10:36:24.020810
PAY-1482493D-1051,CUST-01241,MERCH-032,109547,NGN,PENDING,2026-09-06 15:45:07.020810
PAY-0BDAFB86-970D,CUST-01012,MERCH-020,55401,EUR,SUCCESS,2026-09-13 03:39:29.020810
PAY-3AD727B1-358C,CUST-01141,MERCH-004,94553,GBP,SUCCESS,2026-09-02 15:18:52.020810
PAY-98EBDDEB-9214,CUST-00535,MERCH-023,46300,USD,PENDING,2026-09-09 10:58:46.020810
PAY-44D2DF7E-C4B2,CUST-01032,MERCH-003,89035,USD,SUCCESS,2026-09-04 20:21:59.020810
PAY-C50FE28B-6E50,CUST-00882,MERCH-008,59925,USD,PENDING,2026-10-01 17:42:13.020810
PAY-E367871B-F4CB,CUST-00248,MERCH-036,127997,USD,SUCCESS,2026-09-12 15:16:52.020810
PAY-F0000100-166B,CUST-00529,MERCH-022,12735,USD,FAILED,2026-09-19 00:04:35.020810
PAY-8FAC40E1-F32E,CUST-01141,MERCH-018,135605,GBP,SUCCESS,2026-09-09 02:19:35.020810
PAY-8226D12C-2448,CUST-01238,MERCH-043,13717,USD,SUCCESS,2026-09-06 19:31:30.020810
PAY-AD577391-BD67,CUST-00897,MERCH-030,28258,NGN,SUCCESS,2026-09-07 03:26:04.020810
PAY-248BC9B4-C0C3,CUST-01251,MERCH-040,147948,NGN,SUCCESS,2026-09-06 16:52:32.020810
PAY-1C0A3F97-8CAF,CUST-00086,MERCH-033,44290,GBP,FAILED,2026-09-06 21:00:13.020810
PAY-9A2B3296-696D,CUST-01291,MERCH-008,95301,EUR,PENDING,2026-09-11 17:28:59.020810
PAY-B310DA5A-E359,CUST-00322,MERCH-047,116241,USD,SUCCESS,2026-09-15 22:32:19.020810
PAY-05088BF1-6EBC,CUST-01037,MERCH-032,40947,EUR,FAILED,2026-09-06 13:52:37.020810
PAY-BFED9D17-3A4D,CUST-01326,MERCH-024,36616,USD,SUCCESS,2026-09-18 00:02:12.020810
PAY-69CC36A8-D275,CUST-00252,MERCH-013,109486,USD,SUCCESS,2026-09-23 01:47:21.020810
PAY-CA1ED1A2-0490,CUST-00014,MERCH-016,89975,USD,SUCCESS,2026-09-24 18:02:55.020810
PAY-C78FE46A-0C89,CUST-00588,MERCH-033,22843,EUR,SUCCESS,2026-09-10 01:43:31.020810
PAY-299C4BCB-D994,CUST-00545,MERCH-024,95040,USD,SUCCESS,2026-09-21 21:42:39.020810
PAY-AB4A528A-A677,CUST-01290,MERCH-043,40243,USD,FAILED,2026-09-13 16:09:44.020810
PAY-B96357D4-4F2B,CUST-01085,MERCH-027,36674,NGN,SUCCESS,2026-09-12 20:02:31.020810
PAY-BAACFB2E-1E92,CUST-00879,MERCH-027,120759,GBP,PENDING,2026-09-21 15:04:14.020810
PAY-6D8D1C31-5862,CUST-01058,MERCH-044,8302,GBP,SUCCESS,2026-09-19 07:41:18.020810
PAY-628617B3-CE52,CUST-00907,MERCH-010,136119,NGN,SUCCESS,2026-09-02 05:46:54.020810
PAY-014F04E8-9E2E,CUST-00143,MERCH-006,83024,USD,SUCCESS,2026-09-18 04:20:35.020810
PAY-7106839A-0D3F,CUST-00823,MERCH-050,114289,USD,SUCCESS,2026-09-09 17:38:34.020810
PAY-3187687B-2FF7,CUST-00126,MERCH-026,40071,USD,SUCCESS,2026-09-03 13:24:29.020810
PAY-DFD362A5-8E31,CUST-01177,MERCH-004,78022,GBP,PENDING,2026-09-26 23:46:35.020810
PAY-F89CF325-1A66,CUST-00859,MERCH-026,80276,USD,PENDING,2026-09-28 15:11:37.020810
PAY-29B010E5-335E,CUST-01478,MERCH-048,90718,GBP,FAILED,2026-09-16 23:40:20.020810
PAY-203DCD49-24CE,CUST-00017,MERCH-018,38998,USD,SUCCESS,2026-09-27 09:06:45.020810
PAY-E92E8B3F-CF09,CUST-01435,MERCH-026,54274,NGN,SUCCESS,2026-09-23 10:02:19.020810
PAY-8E844A0B-E95D,CUST-01115,MERCH-040,91005,USD,SUCCESS,2026-09-23 05:19:32.020810
PAY-B4355DE3-9117,CUST-01329,MERCH-026,79544,EUR,SUCCESS,2026-09-11 08:03:25.020810
PAY-187F43E9-2500,CUST-00173,MERCH-003,88185,USD,SUCCESS,2026-09-27 20:20:46.020810
PAY-5A78F3C9-088E,CUST-00799,MERCH-047,136938,GBP,PENDING,2026-09-07 20:59:52.020810
PAY-F568940E-4EF4,CUST-01108,MERCH-019,24832,USD,PENDING,2026-09-12 03:12:34.020810
PAY-0A82D4BF-D4F7,CUST-01048,MERCH-036,137165,USD,SUCCESS,2026-09-16 21:59:28.020810
PAY-2E9F8FEE-68FA,CUST-00698,MERCH-049,6639,GBP,FAILED,2026-09-09 12:38:10.020810
PAY-25D08739-1D43,CUST-00058,MERCH-035,68314,NGN,SUCCESS,2026-09-30 12:30:27.020810
PAY-8F1CF66C-1C64,CUST-00495,MERCH-050,111320,GBP,SUCCESS,2026-09-16 12:18:32.020810
PAY-548FCE43-F08E,CUST-01035,MERCH-008,98274,EUR,FAILED,2026-09-04 16:01:57.020810
PAY-6EBEB822-D793,CUST-00532,MERCH-041,93423,EUR,SUCCESS,2026-09-26 09:28:13.020810
PAY-D0A73E38-156D,CUST-00254,MERCH-004,118133,GBP,SUCCESS,2026-09-07 19:32:05.020810
PAY-A15B0515-D4DE,CUST-00611,MERCH-037,119289,USD,FAILED,2026-09-02 00:15:53.020810
PAY-932729DF-A112,CUST-00695,MERCH-016,148767,USD,FAILED,2026-09-29 23:47:48.020810
PAY-EE333D7A-0B73,CUST-01464,MERCH-041,61799,USD,SUCCESS,2026-09-27 15:31:01.020810
PAY-F90D40EE-E20E,CUST-00718,MERCH-020,37192,GBP,SUCCESS,2026-09-15 13:41:55.020810
PAY-834DB7AD-1042,CUST-01463,MERCH-025,65415,USD,FAILED,2026-09-26 23:38:46.020810
PAY-98AD8CDC-3D8B,CUST-00216,MERCH-021,50977,USD,SUCCESS,2026-09-26 19:54:02.020810
PAY-C637A93D-AF25,CUST-00740,MERCH-030,38918,USD,FAILED,2026-09-06 12:21:17.020810
PAY-6318E8A1-8F2F,CUST-01458,MERCH-028,21981,GBP,FAILED,2026-09-21 18:16:02.020810
PAY-74AC8117-D199,CUST-00189,MERCH-004,34595,USD,FAILED,2026-09-22 09:13:11.020810
PAY-A65F1B8C-3032,CUST-00976,MERCH-014,20966,EUR,SUCCESS,2026-09-23 10:00:34.020810
PAY-C9A7169F-FD62,CUST-00757,MERCH-044,106079,USD,PENDING,2026-09-27 07:19:22.020810
PAY-76309CDB-ED9B,CUST-01205,MERCH-036,103989,EUR,SUCCESS,2026-09-26 22:48:20.020810
PAY-082A5891-C817,CUST-00541,MERCH-038,111497,USD,PENDING,2026-09-25 23:22:00.020810
PAY-3E7A3030-C8F9,CUST-00902,MERCH-045,109793,USD,PENDING,2026-09-25 12:32:51.020810
PAY-DF5BF05F-4A1F,CUST-00334,MERCH-010,33824,EUR,SUCCESS,2026-09-26 07:28:26.020810
PAY-0FD680B2-17AE,CUST-00993,MERCH-046,34417,USD,SUCCESS,2026-09-23 23:27:53.020810
PAY-0D029417-6B48,CUST-01443,MERCH-033,31448,NGN,SUCCESS,2026-09-27 10:41:05.020810
PAY-5A97F259-A273,CUST-01423,MERCH-014,124587,GBP,SUCCESS,2026-09-23 20:48:28.020810
PAY-A1C65816-6640,CUST-00067,MERCH-048,147045,USD,SUCCESS,2026-09-09 08:55:20.020810
PAY-E73498F1-4640,CUST-00757,MERCH-008,107617,USD,PENDING,2026-09-30 23:06:21.020810
PAY-89BAFCF4-D4B2,CUST-00226,MERCH-008,76414,USD,SUCCESS,2026-09-19 16:47:22.020810
PAY-08B8FAB1-FAAC,CUST-00083,MERCH-034,31365,USD,SUCCESS,2026-09-09 04:48:12.020810
PAY-F0F16D83-6144,CUST-00761,MERCH-020,79997,USD,PENDING,2026-09-19 22:28:05.020810
PAY-A221AC42-5F77,CUST-00603,MERCH-032,37952,USD,SUCCESS,2026-09-03 02:47:14.020810
PAY-D1119CBD-5110,CUST-00292,MERCH-038,13253,USD,PENDING,2026-09-22 05:34:23.020810
PAY-72AD8AD1-9EDB,CUST-00625,MERCH-019,48492,USD,SUCCESS,2026-09-12 05:21:41.020810
PAY-EA7A39AC-D4B2,CUST-01002,MERCH-001,144033,EUR,SUCCESS,2026-09-07 16:42:47.020810
PAY-958536A7-FB26,CUST-00715,MERCH-005,109964,USD,SUCCESS,2026-09-03 22:14:58.020810
PAY-471306DA-5D87,CUST-00986,MERCH-037,148811,GBP,SUCCESS,2026-09-16 19:01:10.020810
PAY-E9C02B13-79E0,CUST-00927,MERCH-022,125078,GBP,SUCCESS,2026-09-20 01:47:01.020810
PAY-D46E0157-0E22,CUST-01475,MERCH-039,36812,USD,SUCCESS,2026-09-08 04:55:30.020810
PAY-95E6F449-FDD8,CUST-01034,MERCH-041,118446,USD,FAILED,2026-09-24 03:13:13.020810
PAY-04BA765C-05B7,CUST-01367,MERCH-029,85753,USD,SUCCESS,2026-09-08 23:46:05.020810
PAY-AF911589-78B5,CUST-00183,MERCH-040,102011,USD,PENDING,2026-09-21 15:26:32.020810
PAY-A81E8A9E-E56B,CUST-00477,MERCH-026,142318,USD,PENDING,2026-09-18 05:09:07.020810
PAY-C3CD4EC0-09CC,CUST-00094,MERCH-043,73212,USD,SUCCESS,2026-09-23 06:26:07.020810
PAY-F5D4F999-A44B,CUST-01323,MERCH-006,7002,USD,SUCCESS,2026-09-09 19:08:45.020810
PAY-726497D1-E8E1,CUST-01172,MERCH-041,147574,USD,SUCCESS,2026-09-16 18:01:29.020810
PAY-B8D833A2-F07F,CUST-01322,MERCH-008,22822,NGN,FAILED,2026-09-28 21:53:02.020810
PAY-F6A0E265-67E1,CUST-00395,MERCH-040,14360,EUR,SUCCESS,2026-09-28 01:28:24.020810
PAY-AA9F0DC5-BD11,CUST-01168,MERCH-034,125237,USD,SUCCESS,2026-09-10 22:51:10.020810
PAY-AE59E30D-F3E6,CUST-01030,MERCH-002,139923,EUR,PENDING,2026-09-07 14:19:51.020810
PAY-81D5AA8F-04C1,CUST-00369,MERCH-002,54450,USD,SUCCESS,2026-09-15 02:32:43.020810
PAY-CE73AF80-F2A1,CUST-00503,MERCH-046,116952,USD,SUCCESS,2026-09-29 21:25:07.020810
PAY-8F9A34FE-7DF0,CUST-00174,MERCH-035,84499,USD,SUCCESS,2026-10-01 05:13:40.020810
PAY-2DC196A1-052C,CUST-00823,MERCH-038,129336,EUR,SUCCESS,2026-09-03 22:36:02.020810
PAY-FFECBE4D-1FFE,CUST-00048,MERCH-022,47819,USD,PENDING,2026-09-22 23:21:10.020810
PAY-7199AADB-D860,CUST-00850,MERCH-002,83699,USD,SUCCESS,2026-09-27 09:14:27.020810
PAY-75E2426B-34E4,CUST-00783,MERCH-017,30553,USD,SUCCESS,2026-09-06 04:14:33.020810
PAY-6F1145A0-D116,CUST-00204,MERCH-035,75303,USD,FAILED,2026-09-09 22:06:24.020810
PAY-222DE0A1-73AE,CUST-00295,MERCH-012,23995,USD,SUCCESS,2026-09-14 03:56:00.020810
PAY-DEAB7E41-01B1,CUST-00316,MERCH-020,44852,EUR,SUCCESS,2026-09-21 12:42:08.020810
PAY-3204EFD3-B6F2,CUST-00121,MERCH-040,48068,GBP,PENDING,2026-09-17 13:10:55.020810
PAY-771C4CC1-379F,CUST-00056,MERCH-046,78625,USD,FAILED,2026-09-04 14:21:01.020810
PAY-7C6C3298-D0A0,CUST-00799,MERCH-007,37845,USD,PENDING,2026-09-17 07:03:58.020810
PAY-2640C42E-019B,CUST-00846,MERCH-021,98938,USD,PENDING,2026-09-14 06:42:21.020810
PAY-DA80F734-2D59,CUST-00248,MERCH-004,63315,GBP,SUCCESS,2026-09-11 14:11:22.020810
PAY-7650593A-2499,CUST-01223,MERCH-038,129731,USD,PENDING,2026-09-13 05:43:22.020810
PAY-CC69604A-6483,CUST-01042,MERCH-049,101438,GBP,SUCCESS,2026-09-26 05:53:03.020810
PAY-A3908F97-D98D,CUST-00236,MERCH-018,83949,EUR,SUCCESS,2026-09-04 16:49:55.020810
PAY-7582650F-B9DF,CUST-00952,MERCH-036,17659,USD,SUCCESS,2026-09-21 12:28:09.020810
PAY-6E05797D-B86E,CUST-00992,MERCH-002,61773,USD,FAILED,2026-09-21 12:57:19.020810
PAY-C7A2CF30-88F3,CUST-00039,MERCH-018,27110,USD,FAILED,2026-09-28 15:44:07.020810
PAY-7ED895D7-25BF,CUST-00505,MERCH-049,33417,USD,SUCCESS,2026-09-28 16:28:18.020810
PAY-CE6B8034-CECC,CUST-00624,MERCH-037,117411,USD,SUCCESS,2026-09-21 12:05:03.020810
PAY-86271626-85AD,CUST-00172,MERCH-041,53835,USD,SUCCESS,2026-09-26 01:14:12.020810
PAY-A9159D9C-BF97,CUST-00292,MERCH-024,44589,USD,SUCCESS,2026-09-27 23:50:55.020810
PAY-D2A2A1FA-F078,CUST-00503,MERCH-035,146029,USD,SUCCESS,2026-09-22 07:53:53.020810
PAY-8A3EBAC8-DBD5,CUST-00926,MERCH-003,122305,GBP,PENDING,2026-09-01 19:21:25.020810
PAY-97D9C24C-5C3C,CUST-01272,MERCH-019,642,USD,SUCCESS,2026-09-09 21:12:16.020810
PAY-DB157E5D-4101,CUST-00124,MERCH-031,66269,USD,PENDING,2026-09-15 00:36:42.020810
PAY-7095ADE6-1605,CUST-01393,MERCH-025,56272,USD,SUCCESS,2026-09-18 19:37:20.020810
PAY-51E6370A-EBF4,CUST-01199,MERCH-033,12423,USD,SUCCESS,2026-09-15 09:56:32.020810
PAY-3AC116E1-FCA1,CUST-00331,MERCH-048,148108,USD,FAILED,2026-09-27 16:26:59.020810
PAY-5C77F2F8-9303,CUST-00144,MERCH-020,104126,USD,SUCCESS,2026-09-06 02:42:59.020810
PAY-6193255E-91CA,CUST-01431,MERCH-008,146377,USD,SUCCESS,2026-09-08 12:53:42.020810
PAY-FAF9DDC6-5DAA,CUST-00573,MERCH-028,132835,NGN,SUCCESS,2026-09-11 23:50:56.020810
PAY-473E128A-FCEF,CUST-00652,MERCH-044,69014,GBP,SUCCESS,2026-09-18 09:23:23.020810
PAY-AAAB8875-2BF8,CUST-01450,MERCH-029,64968,USD,PENDING,2026-09-15 00:16:27.020810
PAY-81AA774E-A653,CUST-01357,MERCH-021,55713,USD,PENDING,2026-09-18 08:13:06.020810
PAY-66A83942-E93F,CUST-00942,MERCH-039,4661,USD,PENDING,2026-09-17 16:52:16.020810
PAY-0763A391-3298,CUST-01417,MERCH-009,125419,USD,SUCCESS,2026-09-01 20:34:34.020810
PAY-D41FA44C-7E23,CUST-00009,MERCH-001,108808,GBP,PENDING,2026-09-10 04:22:29.020810
PAY-0104E5F3-FE06,CUST-01139,MERCH-045,103467,NGN,FAILED,2026-09-25 11:53:23.020810
PAY-3A41BEB9-BE87,CUST-01103,MERCH-006,141703,GBP,SUCCESS,2026-09-05 12:30:42.020810
PAY-67083355-65A3,CUST-00064,MERCH-043,32852,USD,SUCCESS,2026-09-23 08:51:33.020810
PAY-FC9C2E0A-FC22,CUST-00723,MERCH-025,94338,USD,SUCCESS,2026-09-30 22:46:07.020810
PAY-90D322E3-73A5,CUST-00793,MERCH-012,33206,USD,SUCCESS,2026-09-02 04:00:50.020810
PAY-B3046CEA-E3C8,CUST-00948,MERCH-024,117043,EUR,SUCCESS,2026-09-11 03:02:29.020810
PAY-09CAB289-73EB,CUST-00020,MERCH-015,74197,USD,SUCCESS,2026-09-02 17:14:17.020810
PAY-FA3997F5-2966,CUST-01394,MERCH-046,50703,GBP,FAILED,2026-09-19 03:04:57.020810
PAY-380FFD7C-E9F4,CUST-00185,MERCH-040,58472,EUR,SUCCESS,2026-09-16 11:25:09.020810
PAY-1F95D126-D70D,CUST-00480,MERCH-032,10145,USD,SUCCESS,2026-09-19 09:06:55.020810
PAY-19E6BAE4-2C87,CUST-00575,MERCH-032,55310,USD,SUCCESS,2026-10-01 04:15:48.020810
PAY-1B0ED3FE-9EAE,CUST-00015,MERCH-013,29583,USD,SUCCESS,2026-09-20 23:39:52.020810
PAY-588030BB-6391,CUST-00569,MERCH-037,130002,NGN,PENDING,2026-09-26 01:06:44.020810
PAY-CE282A5A-07E0,CUST-00350,MERCH-036,148796,USD,SUCCESS,2026-09-11 03:56:58.020810
PAY-3F51D18B-6E83,CUST-01377,MERCH-044,148648,USD,SUCCESS,2026-10-01 00:42:17.020810
PAY-5D46E06F-3B12,CUST-00360,MERCH-005,34119,NGN,SUCCESS,2026-09-30 07:27:08.020810
PAY-13AC4274-ADF1,CUST-00134,MERCH-009,149896,GBP,SUCCESS,2026-09-14 08:40:30.020810
PAY-D23DEB46-8DAD,CUST-00467,MERCH-034,50792,NGN,SUCCESS,2026-09-15 01:48:21.020810
PAY-A5CD4115-FF5E,CUST-01389,MERCH-002,66801,GBP,SUCCESS,2026-09-27 15:06:45.020810
PAY-DFCD7247-BB22,CUST-01395,MERCH-036,1012,EUR,SUCCESS,2026-09-23 19:03:11.020810
PAY-5AD01BEC-A456,CUST-00875,MERCH-042,85172,USD,PENDING,2026-09-04 06:36:55.020810
PAY-550EEEC4-3DD9,CUST-00886,MERCH-027,32407,NGN,PENDING,2026-09-15 01:27:55.020810
PAY-2F8E1A4A-41B1,CUST-01393,MERCH-034,130411,EUR,FAILED,2026-09-24 09:48:13.020810
PAY-64AE2A7F-D948,CUST-00741,MERCH-034,59363,USD,SUCCESS,2026-09-03 20:49:51.020810
PAY-D39EC3A1-0447,CUST-00097,MERCH-018,140068,USD,SUCCESS,2026-09-22 03:35:55.020810
PAY-F5DB476B-3B53,CUST-00920,MERCH-021,103223,USD,SUCCESS,2026-09-02 00:12:06.020810
PAY-2BDF47D3-9B63,CUST-00399,MERCH-022,7151,USD,FAILED,2026-09-05 17:30:18.020810
PAY-0D188B9C-5622,CUST-00463,MERCH-045,20014,USD,SUCCESS,2026-09-22 07:58:37.020810
PAY-3C2399AE-EF2F,CUST-00512,MERCH-013,86804,USD,SUCCESS,2026-09-09 17:49:32.020810
PAY-5670646E-6C7C,CUST-00637,MERCH-005,7806,USD,SUCCESS,2026-09-06 10:53:05.020810
PAY-7D080F5E-8AFB,CUST-00983,MERCH-028,88135,EUR,SUCCESS,2026-09-02 22:10:48.020810
PAY-16B9A463-1F58,CUST-00513,MERCH-016,124645,USD,FAILED,2026-09-06 23:50:03.020810
PAY-0C9636F5-6CAF,CUST-00489,MERCH-022,87948,USD,SUCCESS,2026-09-04 09:36:34.020810
PAY-2489F4C6-5F68,CUST-01065,MERCH-016,115457,GBP,SUCCESS,2026-09-05 07:08:17.020810
PAY-0F2425CB-8E67,CUST-00196,MERCH-041,33222,USD,PENDING,2026-09-23 10:20:59.020810
PAY-39EBF21D-BC06,CUST-00176,MERCH-004,99431,USD,SUCCESS,2026-09-03 09:02:20.020810
PAY-9FBF2BA3-50DA,CUST-00642,MERCH-045,33932,USD,SUCCESS,2026-09-04 21:57:15.020810
PAY-19055D19-EBA7,CUST-00127,MERCH-029,79528,USD,SUCCESS,2026-09-04 10:01:28.020810
PAY-A47D2FF3-402A,CUST-01251,MERCH-041,17746,EUR,SUCCESS,2026-09-22 17:19:11.020810
PAY-D9AD9012-FC5F,CUST-00209,MERCH-044,147106,USD,SUCCESS,2026-09-04 11:11:27.020810
PAY-F05154F9-666A,CUST-00107,MERCH-019,105798,USD,SUCCESS,2026-09-20 06:37:07.020810
PAY-88F66A8A-2DDE,CUST-00197,MERCH-040,61608,USD,PENDING,2026-09-21 17:09:58.020810
PAY-4D4CC6E4-0584,CUST-01228,MERCH-043,119359,USD,SUCCESS,2026-09-02 06:32:54.020810
PAY-85B6EED4-EFAD,CUST-00787,MERCH-030,27049,USD,SUCCESS,2026-09-22 12:58:12.020810
PAY-B007E81E-A389,CUST-00696,MERCH-042,119533,NGN,SUCCESS,2026-09-03 00:27:01.020810
PAY-BA187CFA-0B94,CUST-01060,MERCH-022,50957,NGN,SUCCESS,2026-09-30 07:02:34.020810
PAY-B5EA11FE-83F7,CUST-00222,MERCH-007,18206,EUR,SUCCESS,2026-09-02 08:30:29.020810
PAY-789DBC1B-51A9,CUST-01215,MERCH-013,33525,GBP,SUCCESS,2026-09-29 14:01:52.020810
PAY-D83710A5-A1B5,CUST-01306,MERCH-033,93663,USD,SUCCESS,2026-09-14 04:47:08.020810
PAY-A3225404-4E2D,CUST-00863,MERCH-031,49238,USD,PENDING,2026-09-23 08:12:56.020810
PAY-0FE4D897-0947,CUST-00498,MERCH-009,16357,USD,SUCCESS,2026-09-03 21:32:13.020810
PAY-B720D939-2DBA,CUST-00262,MERCH-020,114754,GBP,SUCCESS,2026-09-30 03:12:31.020810
PAY-82537447-7900,CUST-01051,MERCH-042,82076,NGN,FAILED,2026-09-19 02:59:32.020810
PAY-40B83A79-7D22,CUST-01196,MERCH-035,39142,USD,PENDING,2026-09-08 19:51:21.020810
PAY-7894BF25-D98D,CUST-00962,MERCH-020,90389,USD,SUCCESS,2026-10-01 01:07:14.020810
PAY-11493B68-4A63,CUST-00597,MERCH-024,136206,USD,SUCCESS,2026-09-02 03:36:24.020810
PAY-FD911DDE-0C1F,CUST-01202,MERCH-043,15525,EUR,PENDING,2026-09-08 18:39:44.020810
PAY-FEE3CE28-F620,CUST-00487,MERCH-033,14814,USD,SUCCESS,2026-09-28 21:59:50.020810
PAY-1C218A7D-3ADE,CUST-00865,MERCH-023,53026,NGN,SUCCESS,2026-09-11 05:51:23.020810
PAY-4F183F26-0638,CUST-01312,MERCH-013,90035,USD,SUCCESS,2026-09-05 01:53:13.020810
PAY-9310D713-D6C7,CUST-00388,MERCH-043,123026,NGN,SUCCESS,2026-09-24 20:27:02.020810
PAY-DFA1D4BD-18DB,CUST-01229,MERCH-045,148898,GBP,FAILED,2026-09-17 20:00:11.020810
PAY-AC983376-E115,CUST-00688,MERCH-040,110258,USD,SUCCESS,2026-09-16 07:17:12.020810
PAY-AFD319FF-0F28,CUST-00674,MERCH-011,119592,GBP,SUCCESS,2026-09-06 20:20:50.020810
PAY-77D808A5-7D79,CUST-00087,MERCH-032,1469,GBP,PENDING,2026-09-12 09:49:01.020810
PAY-C7D468CE-8A98,CUST-01309,MERCH-015,122799,EUR,FAILED,2026-09-12 22:28:46.020810
PAY-25A561B4-6AA2,CUST-01278,MERCH-014,126524,GBP,FAILED,2026-09-13 08:40:05.020810
PAY-F6241239-C7EF,CUST-00679,MERCH-048,54322,USD,SUCCESS,2026-09-20 00:09:35.020810
PAY-C66881A5-90C4,CUST-00820,MERCH-012,95610,USD,SUCCESS,2026-09-02 02:01:35.020810
PAY-40AE559E-CAC3,CUST-00021,MERCH-005,8368,USD,FAILED,2026-09-19 03:09:32.020810
PAY-56B7B9C8-FFAF,CUST-01137,MERCH-008,76672,USD,SUCCESS,2026-09-08 16:06:04.020810
PAY-CEC86ACD-892C,CUST-00902,MERCH-013,94848,USD,FAILED,2026-09-30 04:33:53.020810
PAY-5B4F546F-082F,CUST-00090,MERCH-002,52358,USD,SUCCESS,2026-09-11 10:11:08.020810
PAY-F26DEB94-CC27,CUST-00582,MERCH-012,69181,USD,FAILED,2026-09-12 09:16:49.020810
PAY-E469815F-B6DA,CUST-01473,MERCH-012,145860,USD,SUCCESS,2026-09-18 06:06:24.020810
PAY-8AAB7D17-3E03,CUST-00504,MERCH-012,6134,NGN,FAILED,2026-09-11 06:31:58.020810
PAY-2215ACE2-F0D8,CUST-00361,MERCH-017,6003,NGN,SUCCESS,2026-09-06 16:05:09.020810
PAY-B8F80BAD-EFD1,CUST-01388,MERCH-009,29589,USD,PENDING,2026-09-20 03:40:04.020810
PAY-68390846-369E,CUST-00694,MERCH-014,120091,USD,FAILED,2026-09-16 13:37:33.020810
PAY-938533EF-8AB3,CUST-00492,MERCH-024,45420,USD,SUCCESS,2026-09-19 20:00:37.020810
PAY-71098241-95AE,CUST-01080,MERCH-040,17638,USD,SUCCESS,2026-09-22 19:30:32.020810
PAY-4CE5EB69-001D,CUST-00243,MERCH-010,50213,USD,SUCCESS,2026-09-08 02:34:39.020810
PAY-544B55D7-1DDE,CUST-00393,MERCH-035,98608,NGN,SUCCESS,2026-09-20 02:49:14.020810
PAY-8941D704-3575,CUST-00652,MERCH-039,64607,EUR,FAILED,2026-09-22 14:38:29.020810
PAY-9F25E4FD-47EC,CUST-00095,MERCH-049,50071,USD,SUCCESS,2026-10-01 15:54:55.020810
PAY-9F2458E5-7968,CUST-01097,MERCH-019,86399,EUR,SUCCESS,2026-09-08 23:17:01.020810
PAY-E6831976-25DD,CUST-00507,MERCH-004,33650,EUR,FAILED,2026-09-15 08:29:59.020810
PAY-EA6E4B37-79C3,CUST-01041,MERCH-038,55350,NGN,SUCCESS,2026-09-25 11:54:22.020810
PAY-78E29353-FB3E,CUST-01490,MERCH-006,17506,USD,SUCCESS,2026-09-24 14:33:28.020810
PAY-9956A988-5A27,CUST-00343,MERCH-033,133972,USD,PENDING,2026-09-20 14:22:42.020810
PAY-24C267EB-A3EE,CUST-00767,MERCH-032,122204,USD,SUCCESS,2026-09-26 22:44:39.020810
PAY-99DCBA0F-2488,CUST-00367,MERCH-021,138250,GBP,SUCCESS,2026-09-19 21:47:28.020810
PAY-4E0CA8F2-B454,CUST-01423,MERCH-031,124692,USD,SUCCESS,2026-09-25 18:39:55.020810
PAY-3866EB59-1CF7,CUST-00550,MERCH-038,10095,GBP,SUCCESS,2026-09-21 05:19:36.020810
PAY-6B0B8016-A698,CUST-00425,MERCH-015,119010,GBP,SUCCESS,2026-09-11 14:42:12.020810
PAY-7295255F-3575,CUST-00481,MERCH-026,80715,GBP,FAILED,2026-09-12 08:52:15.020810
PAY-2FE1A6B2-6C8F,CUST-00871,MERCH-025,41711,USD,SUCCESS,2026-09-29 11:53:08.020810
PAY-6A5C701D-6A00,CUST-00767,MERCH-017,22719,USD,FAILED,2026-09-28 11:37:49.020810
PAY-3D4B82CE-1EE1,CUST-00276,MERCH-049,77845,USD,SUCCESS,2026-09-05 20:05:26.020810
PAY-F7D45D15-C9D9,CUST-00911,MERCH-034,60839,USD,SUCCESS,2026-09-18 19:48:19.020810
PAY-B97F9398-60D0,CUST-01196,MERCH-003,134786,USD,SUCCESS,2026-09-24 08:14:59.020810
PAY-7118232A-3CFA,CUST-01273,MERCH-022,118766,USD,PENDING,2026-09-22 10:38:09.020810
PAY-B219F60C-4172,CUST-00958,MERCH-028,96841,EUR,SUCCESS,2026-09-21 14:39:19.020810
PAY-6F4A352A-256E,CUST-01019,MERCH-021,100736,NGN,FAILED,2026-09-15 00:16:53.020810
PAY-DF61182D-3DB4,CUST-00051,MERCH-012,61786,NGN,SUCCESS,2026-09-23 04:47:42.020810
PAY-E0111CDA-E2DA,CUST-00544,MERCH-042,94634,USD,SUCCESS,2026-09-05 10:36:26.020810
PAY-290513B8-E8F9,CUST-00169,MERCH-019,134925,EUR,SUCCESS,2026-09-26 02:47:21.020810
PAY-3D546975-8F28,CUST-01120,MERCH-042,72963,USD,SUCCESS,2026-09-05 13:15:09.020810
PAY-ADFAB8F2-56FA,CUST-00467,MERCH-007,19203,USD,SUCCESS,2026-09-07 12:21:20.020810
PAY-999086A1-A40D,CUST-00738,MERCH-003,53009,USD,SUCCESS,2026-09-28 06:21:26.020810
PAY-AD2756F1-540C,CUST-00684,MERCH-013,66042,EUR,PENDING,2026-09-17 17:47:05.020810
PAY-716EBC13-2DE0,CUST-00620,MERCH-048,50475,EUR,PENDING,2026-09-15 01:57:54.020810
PAY-83542B1F-7D46,CUST-01446,MERCH-039,142877,GBP,SUCCESS,2026-09-08 10:48:55.020810
PAY-BF452200-E79C,CUST-00535,MERCH-001,74384,USD,SUCCESS,2026-09-16 07:06:12.020810
PAY-C3EF8C27-6E92,CUST-00710,MERCH-026,3617,EUR,SUCCESS,2026-09-21 10:56:01.020810
PAY-C6D3C5E8-C7D7,CUST-00967,MERCH-042,39633,USD,SUCCESS,2026-09-26 15:28:04.020810
PAY-BE2F00C3-9FA2,CUST-00815,MERCH-015,55517,USD,SUCCESS,2026-09-12 18:34:44.020810
PAY-23939DB6-2602,CUST-00972,MERCH-015,145364,USD,FAILED,2026-09-26 19:10:15.020810
PAY-AB49E3AE-E422,CUST-00960,MERCH-047,89801,USD,SUCCESS,2026-09-24 03:45:43.020810
PAY-5E33C2A7-CA5E,CUST-00176,MERCH-021,112905,USD,SUCCESS,2026-09-10 21:02:52.020810
PAY-83EEB786-68CD,CUST-01430,MERCH-027,115497,USD,SUCCESS,2026-09-11 22:22:29.020810
PAY-2D933E8C-E289,CUST-00922,MERCH-036,98725,USD,SUCCESS,2026-09-03 05:15:52.020810
PAY-05C2E8FB-B3BE,CUST-00285,MERCH-037,80603,NGN,PENDING,2026-09-07 23:43:27.020810
PAY-0A8BC767-CF77,CUST-00020,MERCH-032,89582,USD,SUCCESS,2026-09-18 23:24:09.020810
PAY-C8E85EDF-C3B6,CUST-00462,MERCH-027,106240,EUR,SUCCESS,2026-09-22 10:11:23.020810
PAY-61A8A853-1B46,CUST-01415,MERCH-035,85979,USD,SUCCESS,2026-09-16 07:17:36.020810
PAY-85FF85BA-1487,CUST-01203,MERCH-002,8943,NGN,SUCCESS,2026-09-29 07:27:59.020810
PAY-D8E6CFE3-26B4,CUST-00285,MERCH-010,149447,USD,FAILED,2026-09-17 18:57:38.020810
PAY-58371EA3-05B5,CUST-01290,MERCH-039,102968,USD,SUCCESS,2026-10-01 06:22:21.020810
PAY-874E3A0A-EB06,CUST-00781,MERCH-014,17200,NGN,SUCCESS,2026-09-20 17:18:53.020810
PAY-B2D6133B-326C,CUST-01095,MERCH-025,124960,EUR,SUCCESS,2026-09-10 21:37:16.020810
PAY-7BAAC74F-BB27,CUST-00223,MERCH-022,118867,USD,SUCCESS,2026-09-29 09:43:26.020810
PAY-09AC11D4-C2F9,CUST-01309,MERCH-020,45437,USD,SUCCESS,2026-09-06 06:49:30.020810
PAY-97967CC5-260C,CUST-00214,MERCH-044,47066,GBP,SUCCESS,2026-09-28 14:22:26.020810
PAY-8DA5202C-E10A,CUST-00066,MERCH-045,128587,USD,SUCCESS,2026-10-01 01:09:38.020810
PAY-C84917A8-8E7F,CUST-00055,MERCH-012,18716,GBP,SUCCESS,2026-09-11 10:02:28.020810
PAY-41843403-010A,CUST-00791,MERCH-019,61589,USD,SUCCESS,2026-09-11 18:04:21.020810
PAY-5F41EE95-4697,CUST-00597,MERCH-043,18844,USD,SUCCESS,2026-09-27 05:09:21.020810
PAY-ADDC69D6-F5D1,CUST-00932,MERCH-004,136429,GBP,SUCCESS,2026-09-19 15:42:06.020810
PAY-7C581513-EB59,CUST-00023,MERCH-011,108204,USD,SUCCESS,2026-09-17 14:54:28.020810
PAY-76C6DCDD-4F33,CUST-00801,MERCH-011,34352,GBP,SUCCESS,2026-09-07 03:13:00.020810
PAY-4B634F3F-1167,CUST-01099,MERCH-027,18525,USD,SUCCESS,2026-09-24 23:23:37.020810
PAY-C3446AAA-22FA,CUST-00797,MERCH-014,54416,USD,SUCCESS,2026-09-08 01:34:22.020810
PAY-A8FAC623-0D43,CUST-00635,MERCH-028,42123,USD,SUCCESS,2026-09-24 19:20:58.020810
PAY-17650823-E94C,CUST-01237,MERCH-037,53708,USD,SUCCESS,2026-09-16 19:43:57.020810
PAY-2C946436-A244,CUST-01030,MERCH-046,72705,USD,SUCCESS,2026-09-24 00:54:49.020810
PAY-9A991D6E-4152,CUST-00414,MERCH-001,117345,GBP,PENDING,2026-09-08 16:26:20.020810
PAY-15E27ADA-8873,CUST-00132,MERCH-026,65207,NGN,PENDING,2026-10-01 02:53:25.020810
PAY-8DBA7B69-829E,CUST-01077,MERCH-022,129201,EUR,FAILED,2026-09-29 09:23:26.020810
PAY-7878CDC7-3347,CUST-00943,MERCH-030,10745,USD,SUCCESS,2026-09-29 17:26:02.020810
PAY-2968B1F7-0E79,CUST-00187,MERCH-019,91406,USD,SUCCESS,2026-09-23 21:49:35.020810
PAY-065A4D77-60ED,CUST-01435,MERCH-046,103021,GBP,SUCCESS,2026-09-16 04:44:37.020810
PAY-D72A9274-8AED,CUST-01256,MERCH-012,65809,USD,PENDING,2026-09-21 21:45:44.020810
PAY-AEA73688-70F3,CUST-00368,MERCH-040,120516,USD,SUCCESS,2026-09-22 17:35:47.020810
PAY-B71894F2-1B92,CUST-00788,MERCH-043,149559,NGN,SUCCESS,2026-09-10 15:55:08.020810
PAY-F186D672-C55D,CUST-00196,MERCH-026,63334,USD,SUCCESS,2026-09-03 21:03:49.020810
PAY-8F2FBDF8-4783,CUST-00324,MERCH-018,77017,USD,PENDING,2026-09-27 20:42:01.020810
PAY-FD8605C6-5167,CUST-01366,MERCH-005,129864,USD,SUCCESS,2026-09-12 07:18:39.020810
PAY-4CAD0500-142C,CUST-00843,MERCH-049,32279,USD,SUCCESS,2026-09-28 14:16:38.020810
PAY-DE57D520-1979,CUST-00756,MERCH-005,132724,NGN,SUCCESS,2026-09-06 20:47:10.020810
PAY-EC03C959-13E9,CUST-00668,MERCH-027,43711,EUR,SUCCESS,2026-09-23 15:34:09.020810
PAY-1BBB9D84-7C97,CUST-00518,MERCH-014,12200,EUR,PENDING,2026-09-26 07:47:55.020810
PAY-93046942-AFAF,CUST-00947,MERCH-002,121585,USD,SUCCESS,2026-09-05 07:28:11.020810
PAY-6BD64172-BB71,CUST-00781,MERCH-022,51461,USD,FAILED,2026-09-21 03:27:28.020810
PAY-A32EF097-841A,CUST-00813,MERCH-003,66194,USD,PENDING,2026-09-02 06:42:02.020810
PAY-D78D03AF-20D8,CUST-00235,MERCH-046,86250,EUR,PENDING,2026-09-08 09:12:08.020810
PAY-761C44F2-AEAA,CUST-01373,MERCH-048,127576,EUR,SUCCESS,2026-09-24 07:04:33.020810
PAY-9B527CF4-4F39,CUST-00945,MERCH-005,144267,USD,SUCCESS,2026-09-05 18:22:01.020810
PAY-3367ADD9-905E,CUST-01346,MERCH-016,37267,NGN,FAILED,2026-09-23 00:10:33.020810
PAY-732C5584-ED10,CUST-00965,MERCH-018,45218,EUR,SUCCESS,2026-09-09 14:11:47.020810
PAY-CAB72A97-D803,CUST-00037,MERCH-039,46961,USD,FAILED,2026-09-06 15:17:57.020810
PAY-FF6AB02B-05CA,CUST-00603,MERCH-008,102958,USD,SUCCESS,2026-09-27 17:06:27.020810
PAY-7A99F5E1-4C64,CUST-00345,MERCH-005,72131,EUR,SUCCESS,2026-09-02 07:15:07.020810
PAY-EF6F1550-1529,CUST-00315,MERCH-029,47145,USD,SUCCESS,2026-09-19 03:23:32.020810
PAY-ED3DBA00-CC5B,CUST-00444,MERCH-046,140038,USD,PENDING,2026-09-03 10:19:19.020810
PAY-620E4D82-02BC,CUST-00443,MERCH-029,137568,USD,SUCCESS,2026-09-04 01:49:50.020810
PAY-A79E115B-146B,CUST-01313,MERCH-043,102898,USD,FAILED,2026-09-06 17:57:13.020810
PAY-F0CBFBDD-61D5,CUST-01414,MERCH-020,14240,USD,SUCCESS,2026-09-23 07:28:22.020810
PAY-E40EBE45-555A,CUST-01226,MERCH-001,99431,USD,SUCCESS,2026-09-04 02:53:21.020810
PAY-F6CB1F2B-2642,CUST-00414,MERCH-016,63031,USD,FAILED,2026-09-19 22:41:00.020810
PAY-21A86531-D6B7,CUST-00410,MERCH-006,111041,GBP,SUCCESS,2026-09-02 12:52:37.020810
PAY-DF0C5658-C295,CUST-00058,MERCH-001,50871,USD,PENDING,2026-09-18 02:57:36.020810
PAY-93E324F7-FEA2,CUST-01393,MERCH-043,58320,USD,FAILED,2026-09-04 19:47:27.020810
PAY-63025016-3775,CUST-00198,MERCH-043,44290,USD,PENDING,2026-09-09 21:47:18.020810
PAY-59D7CF8A-A9F3,CUST-00091,MERCH-027,28728,GBP,PENDING,2026-09-26 15:17:48.020810
PAY-37DDE7A0-9692,CUST-00670,MERCH-021,50188,EUR,SUCCESS,2026-09-29 01:01:52.020810
PAY-39B168C1-F701,CUST-01280,MERCH-014,104063,NGN,SUCCESS,2026-09-28 01:19:12.020810
PAY-C3C1CC62-D6CE,CUST-00877,MERCH-008,56541,USD,FAILED,2026-09-13 00:57:57.020810
PAY-682F8468-615E,CUST-00217,MERCH-023,46013,GBP,PENDING,2026-09-17 10:56:29.020810
PAY-DA4D9637-B63B,CUST-00031,MERCH-026,3640,USD,FAILED,2026-09-17 02:38:14.020810
PAY-D6D1D208-C8CD,CUST-00798,MERCH-014,58196,EUR,SUCCESS,2026-09-24 00:42:12.020810
PAY-4FD79239-11E5,CUST-00136,MERCH-043,97225,USD,SUCCESS,2026-09-15 06:37:02.020810
PAY-ADE23EA9-29EF,CUST-00090,MERCH-005,108266,USD,PENDING,2026-09-12 08:49:57.020810
PAY-C3E9725E-1222,CUST-00618,MERCH-050,131460,EUR,FAILED,2026-09-30 19:55:26.020810
PAY-9F605F18-172F,CUST-00209,MERCH-046,149713,NGN,SUCCESS,2026-09-27 18:53:15.020810
PAY-1DE01836-15F1,CUST-00352,MERCH-017,85527,GBP,SUCCESS,2026-09-06 08:34:34.020810
PAY-C57E7EE2-7D3D,CUST-01293,MERCH-045,35347,GBP,SUCCESS,2026-09-20 14:54:08.020810
PAY-DE1C5ADD-2435,CUST-00681,MERCH-012,126887,NGN,SUCCESS,2026-09-17 04:38:57.020810
PAY-88A35224-ADC7,CUST-00139,MERCH-022,118179,USD,FAILED,2026-09-02 14:45:11.020810
PAY-CBECCCAC-CC36,CUST-00784,MERCH-033,132468,USD,SUCCESS,2026-09-13 00:59:10.020810
PAY-E289CDA2-40BA,CUST-01204,MERCH-046,61476,USD,FAILED,2026-09-02 09:40:36.020810
PAY-1E5A4257-06EF,CUST-00044,MERCH-040,81462,USD,SUCCESS,2026-09-07 18:43:36.020810
PAY-6BB4440B-2495,CUST-00485,MERCH-048,64344,USD,SUCCESS,2026-09-22 13:25:37.020810
PAY-2092CAEE-B83E,CUST-01270,MERCH-006,36559,USD,SUCCESS,2026-09-04 16:00:22.020810
PAY-8327B139-5E29,CUST-00768,MERCH-032,53456,USD,SUCCESS,2026-09-16 03:46:19.020810
PAY-CD8064CD-FFDE,CUST-00311,MERCH-025,10437,USD,PENDING,2026-09-11 16:19:01.020810
PAY-4C315B5A-6742,CUST-00488,MERCH-047,116820,USD,SUCCESS,2026-09-30 18:59:56.020810
PAY-F0FC1409-538B,CUST-00674,MERCH-009,83740,EUR,SUCCESS,2026-09-15 06:13:53.020810
PAY-E02C749E-EBC3,CUST-01319,MERCH-049,137043,EUR,SUCCESS,2026-09-03 16:20:12.020810
PAY-9DEFCB13-B0CF,CUST-00850,MERCH-042,6711,USD,SUCCESS,2026-09-15 18:15:55.020810
PAY-4B0BF67F-3441,CUST-00470,MERCH-047,90344,EUR,SUCCESS,2026-09-17 20:08:55.020810
PAY-C90C9890-8266,CUST-00497,MERCH-014,14675,USD,SUCCESS,2026-09-27 22:32:04.020810
PAY-697C21DE-8560,CUST-01362,MERCH-016,100504,NGN,SUCCESS,2026-09-12 13:21:24.020810
PAY-97FCEBCF-3D2F,CUST-01068,MERCH-021,116462,USD,PENDING,2026-09-10 16:02:12.020810
PAY-971D3C0A-5C41,CUST-01290,MERCH-001,129381,EUR,SUCCESS,2026-09-04 21:28:29.020810
PAY-AA49A025-676B,CUST-00144,MERCH-013,37601,GBP,PENDING,2026-09-04 06:53:59.020810
PAY-48159379-1E89,CUST-00419,MERCH-009,46028,USD,SUCCESS,2026-09-06 05:05:53.020810
PAY-6511FAD4-F494,CUST-01214,MERCH-036,62447,USD,PENDING,2026-09-11 16:18:10.020810
PAY-D2659380-0033,CUST-01040,MERCH-006,122940,EUR,SUCCESS,2026-09-22 10:47:46.020810
PAY-0EF9E03D-93EF,CUST-00638,MERCH-011,64705,GBP,SUCCESS,2026-09-11 08:20:14.020810
PAY-70BF73DF-B0A1,CUST-00869,MERCH-012,65765,USD,SUCCESS,2026-10-01 04:03:31.020810
PAY-34D718E8-AA99,CUST-00621,MERCH-019,118011,USD,PENDING,2026-09-29 17:46:15.020810
PAY-E89A04DF-9BCA,CUST-01302,MERCH-013,126636,USD,FAILED,2026-09-14 22:55:53.020810
PAY-01DB98B9-EDDF,CUST-00164,MERCH-024,99516,USD,SUCCESS,2026-09-21 02:10:45.020810
PAY-FAC25F84-22F7,CUST-00344,MERCH-031,111307,NGN,SUCCESS,2026-09-23 04:25:52.020810
PAY-F09A76AF-FA6E,CUST-01035,MERCH-040,41362,USD,SUCCESS,2026-09-22 19:10:26.020810
PAY-68600196-6F6C,CUST-00988,MERCH-002,112539,GBP,SUCCESS,2026-09-20 06:34:35.020810
PAY-B8D13260-BC35,CUST-00171,MERCH-049,141323,USD,SUCCESS,2026-09-16 07:59:09.020810
PAY-EBB7F2DF-2E81,CUST-00313,MERCH-036,67947,USD,FAILED,2026-09-10 06:53:43.020810
PAY-46A6F6F7-8E6B,CUST-00780,MERCH-030,119409,USD,SUCCESS,2026-09-16 14:31:43.020810
PAY-CDFDAD7D-B805,CUST-00581,MERCH-025,126550,USD,SUCCESS,2026-09-29 01:08:01.020810
PAY-D1C68ADD-208E,CUST-00148,MERCH-022,123513,NGN,SUCCESS,2026-09-08 09:24:25.020810
PAY-B4CAA2D1-A945,CUST-00401,MERCH-010,1595,NGN,SUCCESS,2026-09-10 23:07:15.020810
PAY-14FEF7B9-7F1A,CUST-00027,MERCH-033,129331,USD,PENDING,2026-09-19 22:13:58.020810
PAY-6C58352F-41BF,CUST-00829,MERCH-027,98317,USD,FAILED,2026-09-20 21:59:27.020810
PAY-AE189386-FC24,CUST-00787,MERCH-032,19173,NGN,SUCCESS,2026-09-16 16:48:59.020810
PAY-1B25A2B3-CC85,CUST-00838,MERCH-003,101379,USD,FAILED,2026-09-07 19:13:03.020810
PAY-27203A0B-F497,CUST-01159,MERCH-011,114872,USD,SUCCESS,2026-09-11 04:28:59.020810
PAY-39D6EAB3-7AB3,CUST-00523,MERCH-050,134090,USD,SUCCESS,2026-09-18 16:18:51.020810
PAY-7E5FC98B-D1BE,CUST-01453,MERCH-032,15626,GBP,SUCCESS,2026-09-19 15:09:08.020810
PAY-684DE17C-DCEB,CUST-01334,MERCH-025,65194,USD,SUCCESS,2026-09-22 08:14:01.020810
PAY-90152454-4EF8,CUST-00497,MERCH-031,95242,USD,SUCCESS,2026-09-03 10:23:42.020810
PAY-6D78F6C2-68A4,CUST-01293,MERCH-046,39266,GBP,SUCCESS,2026-09-03 03:06:41.020810
PAY-91E72444-AB6A,CUST-00536,MERCH-039,39131,GBP,PENDING,2026-09-23 20:51:09.020810
PAY-9047904F-208B,CUST-00521,MERCH-016,42817,USD,SUCCESS,2026-09-30 23:44:44.020810
PAY-4E132E77-0111,CUST-00026,MERCH-008,101254,USD,SUCCESS,2026-09-06 05:44:05.020810
PAY-3C5FD554-2F5F,CUST-00815,MERCH-046,21562,GBP,PENDING,2026-09-30 05:07:02.020810
PAY-57923C4F-E671,CUST-01062,MERCH-013,43969,USD,SUCCESS,2026-09-22 06:57:26.020810
PAY-D61F2C12-56BA,CUST-00875,MERCH-017,131741,NGN,PENDING,2026-09-16 10:18:07.020810
PAY-F6C5135D-DF12,CUST-01092,MERCH-043,81234,USD,SUCCESS,2026-09-20 08:10:18.020810
PAY-27F3E2CB-A7B7,CUST-00843,MERCH-049,29145,USD,PENDING,2026-09-06 01:44:09.020810
PAY-264C4290-4728,CUST-01303,MERCH-037,37911,USD,SUCCESS,2026-09-18 11:26:15.020810
PAY-1B099D54-5966,CUST-00551,MERCH-048,104825,USD,SUCCESS,2026-09-11 22:18:20.020810
PAY-DEA422A0-79AE,CUST-01432,MERCH-020,44644,USD,PENDING,2026-09-02 01:40:15.020810
PAY-82F5596D-E0D2,CUST-01008,MERCH-001,18808,USD,SUCCESS,2026-09-06 11:03:12.020810
PAY-CC5DDF6A-09C4,CUST-01427,MERCH-027,109772,USD,SUCCESS,2026-09-27 05:48:57.020810
PAY-6C62B567-B115,CUST-01341,MERCH-019,45230,USD,SUCCESS,2026-09-22 16:17:00.020810
PAY-E36BD5B3-9671,CUST-00362,MERCH-024,35714,USD,SUCCESS,2026-09-10 19:21:45.020810
PAY-B92DEDAF-B57B,CUST-00406,MERCH-032,132257,USD,SUCCESS,2026-09-10 14:13:04.020810
PAY-0706ECD9-9238,CUST-00226,MERCH-029,56224,NGN,PENDING,2026-09-29 06:54:03.020810
PAY-04EFDEFE-50C5,CUST-00381,MERCH-013,48401,USD,SUCCESS,2026-09-04 14:54:35.020810
PAY-2DD5C675-6785,CUST-00393,MERCH-017,116034,NGN,SUCCESS,2026-09-21 14:28:06.020810
PAY-8D9116BB-5A05,CUST-01284,MERCH-040,44048,GBP,PENDING,2026-09-07 01:24:45.020810
PAY-72E9C4B0-F625,CUST-00164,MERCH-019,99519,USD,SUCCESS,2026-09-05 22:02:48.020810
PAY-C8F5C872-F5A3,CUST-00256,MERCH-018,90193,NGN,SUCCESS,2026-09-04 21:03:43.020810
PAY-45FD43EA-3A95,CUST-00061,MERCH-038,125777,USD,SUCCESS,2026-09-13 03:43:46.020810
PAY-A3FE18CB-7745,CUST-00994,MERCH-044,2992,USD,SUCCESS,2026-09-06 15:38:31.020810
PAY-69EB887E-0182,CUST-00126,MERCH-018,11473,EUR,PENDING,2026-09-02 02:36:37.020810
PAY-D75509AE-7DA5,CUST-00199,MERCH-014,2403,USD,SUCCESS,2026-09-27 02:45:16.020810
PAY-E82350B2-1B87,CUST-00770,MERCH-039,70187,USD,SUCCESS,2026-09-27 00:07:15.020810
PAY-19D37C1C-11E1,CUST-00996,MERCH-031,113078,USD,PENDING,2026-09-18 02:51:33.020810
PAY-EC3E87D9-72E6,CUST-00690,MERCH-024,83134,GBP,SUCCESS,2026-09-18 09:54:18.020810
PAY-A07DABDF-8CF2,CUST-00491,MERCH-024,99704,EUR,SUCCESS,2026-09-21 02:26:36.020810
PAY-7112D4C7-14CB,CUST-01251,MERCH-004,87074,USD,SUCCESS,2026-09-19 00:59:41.020810
PAY-40866DE3-EA86,CUST-00206,MERCH-001,105831,USD,PENDING,2026-09-23 22:32:25.020810
PAY-85546CBD-55B5,CUST-01486,MERCH-009,32716,EUR,SUCCESS,2026-09-03 00:06:38.020810
PAY-CB73CB9F-1EE5,CUST-01087,MERCH-018,97081,GBP,SUCCESS,2026-09-13 19:45:29.020810
PAY-CC1B769E-435E,CUST-00926,MERCH-040,135481,USD,SUCCESS,2026-09-24 19:50:17.020810
PAY-7EC3FA3F-485C,CUST-00847,MERCH-043,1320,USD,FAILED,2026-09-10 21:09:03.020810
PAY-484DEDE8-A586,CUST-01307,MERCH-021,94925,USD,FAILED,2026-09-02 13:33:59.020810
PAY-8D063538-45AF,CUST-00094,MERCH-048,116972,USD,SUCCESS,2026-09-17 13:27:18.020810
PAY-9991CCC7-41FD,CUST-00479,MERCH-039,105400,GBP,SUCCESS,2026-09-25 06:42:58.020810
PAY-1B142B18-BF9A,CUST-01255,MERCH-006,112675,USD,SUCCESS,2026-09-18 16:01:45.020810
PAY-125DCC36-D78D,CUST-00976,MERCH-043,101388,USD,SUCCESS,2026-09-06 15:13:48.020810
PAY-D1D94154-E12D,CUST-00602,MERCH-039,38028,EUR,SUCCESS,2026-09-11 05:28:19.020810
PAY-C4DAA703-3737,CUST-01066,MERCH-037,8821,USD,PENDING,2026-09-26 06:08:06.020810
PAY-D552FEFF-F3BC,CUST-00262,MERCH-032,79496,USD,PENDING,2026-09-05 23:39:28.020810
PAY-35F72E66-9896,CUST-01379,MERCH-036,44554,USD,SUCCESS,2026-09-24 10:03:20.020810
PAY-FF091F65-69EE,CUST-00914,MERCH-008,142232,GBP,SUCCESS,2026-09-25 03:57:28.020810
PAY-FF3A6ED4-F589,CUST-00494,MERCH-016,45177,EUR,SUCCESS,2026-09-12 00:46:12.020810
PAY-DA9AFDF6-54A4,CUST-01352,MERCH-045,28148,USD,SUCCESS,2026-09-06 02:23:11.020810
PAY-3BA01F5B-C434,CUST-00891,MERCH-046,42504,USD,PENDING,2026-09-03 04:14:12.020810
PAY-A318D1AA-C1C8,CUST-00669,MERCH-025,58270,USD,PENDING,2026-09-15 08:49:53.020810
PAY-9361383E-3FEE,CUST-01473,MERCH-017,32769,NGN,SUCCESS,2026-09-24 21:07:23.020810
PAY-BDE2566B-7516,CUST-01363,MERCH-009,129464,USD,PENDING,2026-09-27 16:58:44.020810
PAY-4D69C9F3-0B70,CUST-00186,MERCH-045,59169,NGN,SUCCESS,2026-09-17 21:55:56.020810
PAY-231D2063-8F80,CUST-01180,MERCH-050,17452,USD,SUCCESS,2026-09-30 22:01:59.020810
PAY-E0482C76-A568,CUST-01319,MERCH-022,100547,EUR,SUCCESS,2026-09-20 01:26:22.020810
PAY-29B3611D-C123,CUST-01340,MERCH-042,115047,EUR,SUCCESS,2026-09-29 00:51:06.020810
PAY-FE1960B1-6F91,CUST-00478,MERCH-015,30827,USD,SUCCESS,2026-09-14 08:03:25.020810
PAY-1DF87DD2-EBB0,CUST-00596,MERCH-006,23867,USD,SUCCESS,2026-09-07 03:57:39.020810
PAY-8D8BB0E1-C21D,CUST-00697,MERCH-048,49824,USD,SUCCESS,2026-09-30 12:09:15.020810
PAY-B70AB4D7-1813,CUST-00238,MERCH-037,33901,USD,SUCCESS,2026-09-19 14:38:07.020810
PAY-3F3306EB-EBC6,CUST-00642,MERCH-025,940,NGN,SUCCESS,2026-09-29 18:20:51.020810
PAY-55F382EF-8C72,CUST-00637,MERCH-004,140905,USD,SUCCESS,2026-09-30 09:39:37.020810
PAY-6A688DD0-FDDB,CUST-00389,MERCH-025,84292,NGN,SUCCESS,2026-09-22 07:50:07.020810
PAY-920D6F47-906F,CUST-00748,MERCH-044,136749,EUR,FAILED,2026-09-07 21:20:58.020810
PAY-E24B1DEB-D2F7,CUST-01360,MERCH-039,58733,EUR,SUCCESS,2026-09-30 10:29:41.020810
PAY-4ED0AA29-01F3,CUST-00219,MERCH-026,141610,EUR,SUCCESS,2026-09-02 04:53:46.020810
PAY-F8129405-A997,CUST-00944,MERCH-021,78310,USD,FAILED,2026-09-08 18:46:46.020810
PAY-9189C7DB-3910,CUST-00449,MERCH-032,39146,USD,FAILED,2026-09-23 21:13:05.020810
PAY-C05AA0AD-8F8D,CUST-01232,MERCH-019,9503,USD,FAILED,2026-09-08 20:08:33.020810
PAY-A828066E-7971,CUST-01227,MERCH-021,132195,USD,SUCCESS,2026-09-16 18:04:31.020810
PAY-BEE09EC5-F4A9,CUST-01411,MERCH-008,125878,USD,PENDING,2026-09-15 00:47:10.020810
PAY-CF4A645A-0997,CUST-01293,MERCH-014,76913,USD,SUCCESS,2026-09-25 18:56:14.020810
PAY-F26E6407-5A64,CUST-01443,MERCH-025,87831,USD,SUCCESS,2026-09-04 14:42:44.020810
PAY-861C828D-C12E,CUST-00313,MERCH-046,59501,USD,SUCCESS,2026-09-11 23:34:22.020810
PAY-AD7D7B8F-154B,CUST-01435,MERCH-048,47429,USD,SUCCESS,2026-09-04 07:26:06.020810
PAY-BA5DA1AE-E8A0,CUST-00999,MERCH-047,78907,USD,SUCCESS,2026-09-20 18:40:48.020810
PAY-CC2580AF-489A,CUST-01351,MERCH-011,144139,EUR,SUCCESS,2026-09-02 19:19:00.020810
PAY-5371BDD2-B35F,CUST-00804,MERCH-022,124604,USD,SUCCESS,2026-09-22 06:21:58.020810
PAY-C6FA88A7-041E,CUST-00714,MERCH-049,103014,NGN,PENDING,2026-09-20 18:09:41.020810
PAY-279C04BC-9617,CUST-00148,MERCH-034,74520,GBP,SUCCESS,2026-09-15 11:57:22.020810
PAY-8E840B85-5471,CUST-01427,MERCH-013,103725,USD,SUCCESS,2026-09-28 08:40:07.020810
PAY-E6A65C79-5A72,CUST-00200,MERCH-009,14688,USD,SUCCESS,2026-09-17 11:00:02.020810
PAY-0D2B6E0E-1672,CUST-01454,MERCH-020,43411,GBP,PENDING,2026-09-23 23:15:17.020810
PAY-C1A22E16-A4B1,CUST-01183,MERCH-009,126969,GBP,SUCCESS,2026-09-23 05:01:21.020810
PAY-6C20EC8F-3872,CUST-00597,MERCH-010,57683,EUR,SUCCESS,2026-09-11 22:35:10.020810
PAY-EA09B01B-DE98,CUST-00401,MERCH-048,95455,USD,FAILED,2026-09-02 04:49:51.020810
PAY-BA0F2FF8-B9A4,CUST-01487,MERCH-037,39193,USD,SUCCESS,2026-09-06 16:58:07.020810
PAY-3DBAA4D8-38A5,CUST-00772,MERCH-028,15266,USD,SUCCESS,2026-09-09 22:11:05.020810
PAY-5556CDE2-B2F8,CUST-00197,MERCH-023,47589,GBP,SUCCESS,2026-09-24 18:17:45.020810
PAY-21BF7A94-5CD5,CUST-00108,MERCH-008,89232,GBP,SUCCESS,2026-09-26 18:42:58.020810
PAY-5A61AB00-DF38,CUST-01216,MERCH-028,106404,USD,FAILED,2026-09-08 23:17:07.020810
PAY-42D50CAD-6612,CUST-00502,MERCH-003,63638,EUR,PENDING,2026-09-07 12:36:20.020810
PAY-FCB7393C-379B,CUST-00813,MERCH-032,45716,USD,SUCCESS,2026-09-16 10:50:59.020810
PAY-0DC59F9F-6A25,CUST-01337,MERCH-048,23991,EUR,PENDING,2026-09-19 23:31:49.020810
PAY-680F6FC9-5A95,CUST-00950,MERCH-042,72646,USD,FAILED,2026-09-20 07:22:14.020810
PAY-6861203C-139A,CUST-01296,MERCH-042,96791,USD,SUCCESS,2026-09-23 08:47:28.020810
PAY-17B1B38C-1C5E,CUST-00024,MERCH-008,22162,USD,SUCCESS,2026-09-07 10:04:18.020810
PAY-D6DFB082-D889,CUST-00250,MERCH-032,59465,USD,PENDING,2026-09-26 12:05:27.020810
PAY-44B8F989-FA91,CUST-00048,MERCH-038,126197,USD,SUCCESS,2026-09-29 13:45:47.020810
PAY-FAFDAC6E-5613,CUST-00561,MERCH-045,47973,USD,SUCCESS,2026-09-06 08:21:12.020810
PAY-C53F3AC6-0446,CUST-00787,MERCH-031,78714,USD,SUCCESS,2026-09-22 19:26:14.020810
PAY-4F32482F-F0AD,CUST-01171,MERCH-009,85756,USD,SUCCESS,2026-09-06 14:02:53.020810
PAY-BC82C26E-2C19,CUST-00131,MERCH-046,48967,USD,SUCCESS,2026-09-27 20:26:11.020810
PAY-AFC71ED3-CFDA,CUST-00831,MERCH-045,103731,USD,SUCCESS,2026-09-02 17:11:49.020810
PAY-CFDCB1ED-5766,CUST-01139,MERCH-035,128573,USD,PENDING,2026-09-27 11:47:15.020810
PAY-14FFFCA4-4223,CUST-00131,MERCH-034,141790,GBP,FAILED,2026-09-30 03:26:26.020810
PAY-22554595-3410,CUST-01462,MERCH-042,54885,USD,FAILED,2026-09-07 18:45:55.020810
PAY-74269D74-0481,CUST-01349,MERCH-008,47669,GBP,FAILED,2026-09-10 12:40:47.020810
PAY-9B5F4AEA-A7AE,CUST-00011,MERCH-036,82890,USD,SUCCESS,2026-09-23 11:15:17.020810
PAY-743A57B3-6F52,CUST-00252,MERCH-003,54561,GBP,SUCCESS,2026-09-08 00:16:20.020810
PAY-8FEC86B6-8535,CUST-01337,MERCH-011,147955,EUR,SUCCESS,2026-09-06 00:30:34.020810
PAY-153D4DB3-3C86,CUST-00526,MERCH-049,22680,USD,SUCCESS,2026-09-03 10:58:29.020810
PAY-D53F9127-995F,CUST-00256,MERCH-033,95804,EUR,SUCCESS,2026-09-16 06:03:33.020810
PAY-84AF6A16-FC16,CUST-01115,MERCH-011,522,USD,SUCCESS,2026-09-22 07:04:52.020810
PAY-E2EA79DD-CF30,CUST-00509,MERCH-020,136668,USD,SUCCESS,2026-09-03 23:58:42.020810
PAY-B1AAA1FE-1471,CUST-00601,MERCH-043,117133,EUR,FAILED,2026-09-27 16:27:54.020810
PAY-B6692EF4-DBA4,CUST-00287,MERCH-037,82534,USD,SUCCESS,2026-09-25 13:35:53.020810
PAY-04EF7EB6-83A0,CUST-01071,MERCH-023,141588,USD,PENDING,2026-10-01 04:25:57.020810
PAY-40B2701F-6B12,CUST-01046,MERCH-014,12227,USD,SUCCESS,2026-09-06 13:32:41.020810
PAY-FAE9618A-2F24,CUST-00486,MERCH-003,37637,USD,SUCCESS,2026-09-10 21:18:45.020810
PAY-2743B154-A9DF,CUST-00614,MERCH-014,145222,GBP,FAILED,2026-09-08 06:33:16.020810
PAY-8E35A193-83C6,CUST-00443,MERCH-038,73217,EUR,SUCCESS,2026-09-19 04:31:55.020810
PAY-DCCF1490-8B6A,CUST-00264,MERCH-047,19992,USD,SUCCESS,2026-09-22 05:52:26.020810
PAY-0B547284-D8E7,CUST-01127,MERCH-017,100581,USD,SUCCESS,2026-09-14 09:53:54.020810
PAY-A03DBF7C-4203,CUST-01331,MERCH-011,120055,USD,SUCCESS,2026-09-21 04:17:37.020810
PAY-2792C73F-0766,CUST-00171,MERCH-017,38050,NGN,SUCCESS,2026-09-22 09:45:06.020810
PAY-322F6946-5D96,CUST-01098,MERCH-014,71121,GBP,FAILED,2026-09-05 04:23:48.020810
PAY-4B3B6FDE-67F1,CUST-01297,MERCH-045,98054,USD,FAILED,2026-09-11 02:37:04.020810
PAY-1521E9BD-08D8,CUST-01155,MERCH-043,43502,USD,SUCCESS,2026-09-26 14:02:49.020810
PAY-8A8799BF-0296,CUST-00860,MERCH-010,114172,USD,PENDING,2026-09-17 02:46:38.020810
PAY-E498691A-7AB8,CUST-00777,MERCH-002,65380,USD,SUCCESS,2026-10-01 01:26:39.020810
PAY-65322CD4-4A70,CUST-00159,MERCH-018,139821,NGN,SUCCESS,2026-09-07 19:23:06.020810
PAY-24BCF2BF-B6C2,CUST-00226,MERCH-044,107135,EUR,FAILED,2026-09-28 09:05:12.020810
PAY-1FFAD079-5964,CUST-00136,MERCH-022,95610,GBP,PENDING,2026-09-06 01:51:11.020810
PAY-93137E5C-7254,CUST-00684,MERCH-050,38859,NGN,SUCCESS,2026-09-15 00:33:13.020810
PAY-408FB8DF-14FD,CUST-00463,MERCH-018,26176,GBP,SUCCESS,2026-09-02 05:40:56.020810
PAY-49B4463E-2B1C,CUST-00773,MERCH-015,28025,EUR,SUCCESS,2026-09-20 03:19:46.020810
PAY-E2DD244B-1288,CUST-00253,MERCH-012,80860,EUR,PENDING,2026-09-27 07:34:46.020810
PAY-B9A474F5-B44E,CUST-01206,MERCH-032,139163,NGN,SUCCESS,2026-09-06 09:30:13.020810
PAY-109ED290-3455,CUST-00715,MERCH-045,74423,USD,SUCCESS,2026-09-29 12:48:11.020810
PAY-1454ADE8-E408,CUST-01130,MERCH-018,26469,GBP,FAILED,2026-10-01 05:56:28.020810
PAY-1EE996CF-4D7D,CUST-00099,MERCH-011,102621,USD,SUCCESS,2026-09-17 04:41:00.020810
PAY-5680201E-3A11,CUST-00371,MERCH-023,145117,USD,SUCCESS,2026-09-27 13:38:43.020810
PAY-AEE04CBB-EBA9,CUST-01218,MERCH-026,33942,NGN,SUCCESS,2026-09-24 21:46:30.020810
PAY-6320F7C4-6719,CUST-00531,MERCH-001,41261,USD,SUCCESS,2026-09-26 16:32:16.020810
PAY-D282DBFA-DA02,CUST-01347,MERCH-009,99800,USD,PENDING,2026-09-08 16:24:48.020810
PAY-39326415-199B,CUST-01163,MERCH-048,14358,USD,SUCCESS,2026-09-14 17:41:57.020810
PAY-56FDCF74-601F,CUST-01486,MERCH-041,65803,USD,SUCCESS,2026-09-19 17:26:51.020810
PAY-845AAFF5-62FC,CUST-01389,MERCH-039,120506,EUR,FAILED,2026-09-22 01:28:48.020810
PAY-59047C76-C2BD,CUST-00375,MERCH-029,123357,USD,SUCCESS,2026-09-18 22:37:56.020810
PAY-142C9A88-4561,CUST-01029,MERCH-019,112636,USD,SUCCESS,2026-09-15 03:32:52.020810
PAY-92247D85-A037,CUST-01067,MERCH-046,80503,USD,SUCCESS,2026-09-12 20:43:13.020810
PAY-53B70366-7AD7,CUST-01302,MERCH-006,107065,GBP,PENDING,2026-09-16 14:18:44.020810
PAY-7D34CB32-039A,CUST-00641,MERCH-006,20604,USD,SUCCESS,2026-09-05 14:47:08.020810
PAY-CCE096AF-6786,CUST-01495,MERCH-016,43783,USD,SUCCESS,2026-09-06 07:16:54.020810
PAY-D86B7807-A494,CUST-01179,MERCH-004,75434,GBP,SUCCESS,2026-09-05 20:44:22.020810
PAY-F3698161-F5DE,CUST-01135,MERCH-032,111644,USD,FAILED,2026-09-02 06:39:03.020810
PAY-10A3E3A0-8476,CUST-01387,MERCH-033,126238,GBP,SUCCESS,2026-09-08 09:08:29.020810
PAY-EDC5568F-5DC4,CUST-01020,MERCH-033,33187,USD,SUCCESS,2026-09-27 14:29:33.020810
PAY-284CA08F-E34B,CUST-00831,MERCH-001,50355,USD,PENDING,2026-10-01 16:13:00.020810
PAY-D12DDCB0-883C,CUST-00015,MERCH-046,140570,GBP,FAILED,2026-09-22 09:19:37.020810
PAY-243ACA41-7365,CUST-00707,MERCH-016,11603,USD,FAILED,2026-09-27 09:29:06.020810
PAY-785DB86F-DA95,CUST-01244,MERCH-029,137736,USD,SUCCESS,2026-09-09 22:32:42.020810
PAY-46ACF4DA-C689,CUST-00461,MERCH-012,96720,USD,SUCCESS,2026-09-05 09:42:53.020810
PAY-89EE754A-4D56,CUST-00274,MERCH-033,13844,GBP,SUCCESS,2026-09-18 21:48:19.020810
PAY-8242C282-9898,CUST-00866,MERCH-032,45191,USD,SUCCESS,2026-09-20 03:52:05.020810
PAY-D2E6843E-73F8,CUST-00765,MERCH-008,65974,USD,SUCCESS,2026-09-18 03:56:28.020810
PAY-33E3C180-88EF,CUST-01105,MERCH-050,76538,USD,FAILED,2026-09-07 11:30:50.020810
PAY-EA398946-734C,CUST-00613,MERCH-031,69902,USD,SUCCESS,2026-09-16 00:11:44.020810
PAY-97E54053-CA78,CUST-00437,MERCH-001,103685,USD,FAILED,2026-09-29 08:56:23.020810
PAY-9EB58D0D-9FD2,CUST-00446,MERCH-020,9787,USD,SUCCESS,2026-09-26 18:49:32.020810
PAY-F6778AF0-3926,CUST-00949,MERCH-040,15572,USD,SUCCESS,2026-09-25 11:03:44.020810
PAY-FAC442AB-F590,CUST-00729,MERCH-001,121179,USD,FAILED,2026-10-01 15:20:07.020810
PAY-64743255-9752,CUST-00673,MERCH-020,28592,EUR,SUCCESS,2026-09-18 22:30:20.020810
PAY-8B369182-762B,CUST-00011,MERCH-023,105899,EUR,SUCCESS,2026-09-10 19:04:49.020810
PAY-87233376-638C,CUST-00727,MERCH-001,113432,USD,SUCCESS,2026-09-06 16:15:28.020810
PAY-6AD9DC55-B702,CUST-01008,MERCH-013,139199,USD,SUCCESS,2026-09-05 20:55:28.020810
PAY-A3034B1E-F812,CUST-01054,MERCH-010,32964,EUR,PENDING,2026-09-21 16:42:47.020810
PAY-FAF1ED2F-0ECC,CUST-00999,MERCH-001,66071,NGN,SUCCESS,2026-09-09 07:30:48.020810
PAY-856C003B-C525,CUST-00464,MERCH-031,98622,USD,SUCCESS,2026-09-20 22:49:02.020810
PAY-9C6D1F4A-8197,CUST-00613,MERCH-024,48257,GBP,SUCCESS,2026-09-22 13:14:41.020810
PAY-BE721D19-637A,CUST-01099,MERCH-018,115469,EUR,FAILED,2026-09-07 00:49:46.020810
PAY-F904CB2C-B9AF,CUST-01345,MERCH-029,37167,EUR,FAILED,2026-09-09 14:44:29.020810
PAY-E951328F-0F7C,CUST-00725,MERCH-048,2023,USD,FAILED,2026-09-22 19:47:27.020810
PAY-2CFAF7B8-E526,CUST-00736,MERCH-046,29510,GBP,SUCCESS,2026-09-11 09:25:07.020810
PAY-C938C9E9-4BE2,CUST-00389,MERCH-019,35543,EUR,SUCCESS,2026-09-03 17:05:34.020810
PAY-CE6BC3E0-B6C2,CUST-00809,MERCH-027,8785,NGN,SUCCESS,2026-09-17 20:04:57.020810
PAY-0EAC8EB5-AC98,CUST-00329,MERCH-043,126144,USD,SUCCESS,2026-09-11 10:01:59.020810
PAY-21185516-1A8E,CUST-01363,MERCH-018,110887,EUR,SUCCESS,2026-09-07 12:35:38.020810
PAY-E2639DCA-0B70,CUST-01002,MERCH-036,33906,USD,SUCCESS,2026-09-25 19:34:08.020810
PAY-C1391D79-8193,CUST-00666,MERCH-049,132059,NGN,SUCCESS,2026-09-21 04:04:48.020810
PAY-6B753AD3-2D9B,CUST-01487,MERCH-048,34950,USD,FAILED,2026-09-20 15:13:55.020810
PAY-24D11269-8EF4,CUST-00225,MERCH-007,33562,USD,PENDING,2026-09-02 18:50:05.020810
PAY-3A221E97-B6EA,CUST-00319,MERCH-023,4077,USD,SUCCESS,2026-09-26 00:44:02.020810
PAY-E376B628-DC3C,CUST-01402,MERCH-016,90190,USD,SUCCESS,2026-09-04 06:49:17.020810
PAY-4668660E-2044,CUST-00880,MERCH-039,114356,EUR,SUCCESS,2026-09-02 03:32:42.020810
PAY-63B2F318-2CEE,CUST-00984,MERCH-019,127883,GBP,SUCCESS,2026-09-15 11:00:17.020810
PAY-FA59DEDA-5D02,CUST-00170,MERCH-049,65445,USD,SUCCESS,2026-09-22 13:57:21.020810
PAY-778C6765-7221,CUST-01265,MERCH-010,49484,NGN,SUCCESS,2026-09-26 13:49:42.020810
PAY-BAF692DB-1C0E,CUST-00511,MERCH-018,69582,USD,SUCCESS,2026-09-07 08:11:55.020810
PAY-04972C85-2214,CUST-01436,MERCH-016,52512,USD,SUCCESS,2026-09-22 14:11:50.020810
PAY-41BA38A2-6581,CUST-00971,MERCH-046,132183,NGN,SUCCESS,2026-09-06 18:16:12.020810
PAY-EFC11D3E-3E95,CUST-01252,MERCH-012,39487,GBP,SUCCESS,2026-09-10 22:00:22.020810
PAY-3B20220B-824C,CUST-00470,MERCH-008,105693,EUR,PENDING,2026-09-08 04:19:35.020810
PAY-F45F59F7-D904,CUST-00079,MERCH-018,38827,USD,PENDING,2026-09-11 02:05:37.020810
PAY-04372F87-DA01,CUST-00874,MERCH-002,52835,USD,PENDING,2026-10-01 16:25:38.020810
PAY-EF44C72E-7118,CUST-00187,MERCH-004,107270,EUR,SUCCESS,2026-09-20 05:20:01.020810
PAY-F6F2D6E9-04A6,CUST-01076,MERCH-020,58637,USD,SUCCESS,2026-09-12 23:49:24.020810
PAY-177D5BA9-262F,CUST-00689,MERCH-028,16582,USD,SUCCESS,2026-09-25 00:29:37.020810
PAY-22A76BC1-B90E,CUST-01045,MERCH-028,80267,USD,SUCCESS,2026-09-04 06:22:25.020810
PAY-101B0499-EAB6,CUST-00226,MERCH-018,74046,GBP,SUCCESS,2026-09-19 09:47:15.020810
PAY-62B67A35-9F0C,CUST-00719,MERCH-046,65241,USD,SUCCESS,2026-09-22 01:16:57.020810
PAY-A72BE00E-1C8F,CUST-00656,MERCH-004,11218,USD,SUCCESS,2026-09-10 13:56:48.020810
PAY-25954A18-4926,CUST-00002,MERCH-004,56068,USD,PENDING,2026-09-17 08:55:41.020810
PAY-78D734B1-1165,CUST-00585,MERCH-031,26914,GBP,SUCCESS,2026-09-15 08:36:00.020810
PAY-629EC533-0614,CUST-00883,MERCH-012,129287,EUR,SUCCESS,2026-09-14 00:05:54.020810
PAY-A571B588-B33A,CUST-00745,MERCH-022,29736,EUR,SUCCESS,2026-09-16 12:47:31.020810
PAY-665909D8-6B58,CUST-00199,MERCH-043,145142,EUR,SUCCESS,2026-09-02 10:06:27.020810
PAY-735FE25C-717B,CUST-00267,MERCH-022,95234,USD,SUCCESS,2026-09-19 06:17:01.020810
PAY-B442AA88-EDA9,CUST-01207,MERCH-034,97910,GBP,SUCCESS,2026-10-01 02:44:00.020810
PAY-99202CEB-E799,CUST-00488,MERCH-042,55558,GBP,PENDING,2026-09-15 03:41:32.020810
PAY-F59F6695-C4A1,CUST-01197,MERCH-025,28383,USD,SUCCESS,2026-09-05 23:49:21.020810
PAY-EEF842CF-4881,CUST-00268,MERCH-041,32050,EUR,PENDING,2026-09-30 23:22:46.020810
PAY-8DC440DB-511E,CUST-00085,MERCH-038,51074,NGN,SUCCESS,2026-09-11 00:03:43.020810
PAY-BB0341D5-472C,CUST-01444,MERCH-029,20129,USD,FAILED,2026-09-06 13:06:42.020810
PAY-761A8823-48EE,CUST-01120,MERCH-040,79530,USD,FAILED,2026-09-18 09:41:45.020810
PAY-0A8AF64C-C5B1,CUST-01486,MERCH-031,140368,NGN,SUCCESS,2026-09-11 13:32:12.020810
PAY-B2B8BB1E-4306,CUST-01477,MERCH-010,34010,EUR,SUCCESS,2026-09-03 21:14:04.020810
PAY-E910AA45-55F1,CUST-00393,MERCH-027,66698,USD,SUCCESS,2026-09-28 11:33:53.020810
PAY-51F60375-A292,CUST-01148,MERCH-023,118066,GBP,PENDING,2026-09-19 12:37:32.020810
PAY-EA084993-6C5E,CUST-01290,MERCH-046,114827,NGN,SUCCESS,2026-09-07 11:00:19.020810
PAY-49059CCE-91FC,CUST-00139,MERCH-031,137801,GBP,FAILED,2026-09-22 02:21:57.020810
PAY-17E6EB6A-FD16,CUST-01032,MERCH-002,72366,USD,SUCCESS,2026-09-09 20:41:03.020810
PAY-0D791E2F-6631,CUST-01427,MERCH-009,12413,USD,PENDING,2026-09-15 19:39:53.020810
PAY-8CC03746-6B4C,CUST-01160,MERCH-004,104700,EUR,FAILED,2026-09-10 23:46:45.020810
PAY-B8F86AE1-6410,CUST-01014,MERCH-044,135107,USD,FAILED,2026-09-27 14:33:47.020810
PAY-5625AFD9-CF58,CUST-00154,MERCH-011,134004,USD,SUCCESS,2026-09-23 00:12:02.020810
PAY-6A36563F-748A,CUST-00787,MERCH-036,105580,EUR,SUCCESS,2026-09-20 16:51:41.020810
PAY-09DDA68D-A1ED,CUST-01244,MERCH-018,48751,GBP,SUCCESS,2026-09-11 19:16:31.020810
PAY-77912B10-147B,CUST-00008,MERCH-011,57596,EUR,SUCCESS,2026-09-29 12:30:00.020810
PAY-E8BC45B0-39DC,CUST-01213,MERCH-045,134926,USD,SUCCESS,2026-09-02 04:30:54.020810
PAY-0699F11D-5605,CUST-00933,MERCH-033,68351,USD,PENDING,2026-09-27 05:56:43.020810
PAY-A85A9869-1F9B,CUST-00622,MERCH-015,70889,USD,FAILED,2026-09-16 03:28:46.020810
PAY-E1E5D1B2-1DAB,CUST-01131,MERCH-008,59201,NGN,SUCCESS,2026-09-10 01:32:50.020810
PAY-357B86ED-44DB,CUST-00094,MERCH-035,77004,USD,SUCCESS,2026-09-13 07:44:00.020810
PAY-6CD12013-5017,CUST-00081,MERCH-041,73312,NGN,PENDING,2026-09-08 22:47:08.020810
PAY-7E2EAC49-C674,CUST-00273,MERCH-018,65775,USD,FAILED,2026-09-04 06:12:57.020810
PAY-F5FE385F-B852,CUST-00431,MERCH-035,866,USD,PENDING,2026-09-07 09:33:21.020810
PAY-350AF512-E552,CUST-01329,MERCH-023,97260,NGN,SUCCESS,2026-10-01 03:15:10.020810
PAY-BBC81453-DCEF,CUST-00665,MERCH-006,69716,USD,SUCCESS,2026-09-28 10:08:33.020810
PAY-A671C201-2C29,CUST-01479,MERCH-009,77805,USD,FAILED,2026-09-21 13:56:41.020810
PAY-C9D60230-4414,CUST-00665,MERCH-004,93687,USD,SUCCESS,2026-09-02 06:19:02.020810
PAY-DD80158C-FA02,CUST-00450,MERCH-047,46830,USD,PENDING,2026-09-15 08:03:11.020810
PAY-597409B8-4DD6,CUST-00525,MERCH-002,28403,EUR,SUCCESS,2026-09-27 20:17:38.020810
PAY-8C0CAA47-A1AE,CUST-01480,MERCH-048,67961,USD,PENDING,2026-09-20 07:13:51.020810
PAY-29112ECE-69DD,CUST-01283,MERCH-041,144909,GBP,SUCCESS,2026-10-01 02:17:59.020810
PAY-70C52F09-C35D,CUST-00423,MERCH-029,85503,USD,SUCCESS,2026-09-12 11:15:14.020810
PAY-B1ABFE19-6362,CUST-00551,MERCH-014,104168,USD,SUCCESS,2026-09-29 23:52:41.020810
PAY-B9493C77-CAD8,CUST-00319,MERCH-029,114245,NGN,SUCCESS,2026-09-13 00:10:04.020810
PAY-92609C83-A5F7,CUST-00755,MERCH-010,25060,GBP,SUCCESS,2026-09-25 00:16:27.020810
PAY-C9CED9D3-B500,CUST-01016,MERCH-012,49003,EUR,FAILED,2026-09-24 01:25:08.020810
PAY-0E485A22-E30F,CUST-00361,MERCH-013,129086,USD,SUCCESS,2026-09-29 09:53:25.020810
PAY-0AACF053-4EF1,CUST-01494,MERCH-012,6017,EUR,SUCCESS,2026-09-15 10:47:46.020810
PAY-458F047D-8A5C,CUST-00636,MERCH-011,103836,USD,SUCCESS,2026-09-10 09:15:58.020810
PAY-5E1601AA-18A1,CUST-01408,MERCH-039,18706,NGN,SUCCESS,2026-09-10 21:02:58.020810
PAY-02E4A1A6-450D,CUST-00294,MERCH-005,64791,GBP,SUCCESS,2026-09-22 10:58:37.020810
PAY-C7BAF387-349F,CUST-00932,MERCH-042,26775,GBP,SUCCESS,2026-09-21 07:08:32.020810
PAY-51EC3804-0483,CUST-01484,MERCH-034,3590,GBP,SUCCESS,2026-09-08 10:08:48.020810
PAY-D173613D-6423,CUST-01236,MERCH-007,101160,EUR,SUCCESS,2026-09-20 02:26:50.020810
PAY-29D311B4-AEB3,CUST-00043,MERCH-008,11966,USD,SUCCESS,2026-09-02 09:58:48.020810
PAY-01BC39F8-A8BF,CUST-00271,MERCH-016,70664,USD,SUCCESS,2026-09-05 19:35:12.020810
PAY-9FD0B8A2-AAD1,CUST-00293,MERCH-041,4038,GBP,SUCCESS,2026-09-30 20:49:07.020810
PAY-4FBA8F22-2EC0,CUST-00020,MERCH-007,89206,USD,FAILED,2026-09-28 02:05:52.020810
PAY-8D268900-3F8C,CUST-01449,MERCH-006,36998,USD,SUCCESS,2026-09-11 13:54:45.020810
PAY-080B1299-902D,CUST-00984,MERCH-049,116977,USD,PENDING,2026-09-29 01:57:36.020810
PAY-D6723274-95F5,CUST-00335,MERCH-020,126042,GBP,PENDING,2026-09-17 20:42:53.020810
PAY-ABBB2F5C-64ED,CUST-00317,MERCH-016,142982,USD,FAILED,2026-09-04 11:17:25.020810
PAY-1D4CC1A8-28DC,CUST-01418,MERCH-018,32763,USD,SUCCESS,2026-09-28 03:32:44.020810
PAY-1E9F5E23-0312,CUST-00044,MERCH-003,143274,USD,SUCCESS,2026-09-06 17:58:45.020810
PAY-365E0168-B100,CUST-00608,MERCH-007,109364,USD,SUCCESS,2026-09-26 14:10:51.020810
PAY-917C3B45-69BF,CUST-00291,MERCH-001,6791,USD,SUCCESS,2026-09-12 15:32:02.020810
PAY-306BC461-1112,CUST-00465,MERCH-028,39133,EUR,SUCCESS,2026-09-20 11:11:40.020810
PAY-471B69CD-D287,CUST-00724,MERCH-042,59714,EUR,SUCCESS,2026-09-15 16:23:27.020810
PAY-B45DF7A8-009D,CUST-01402,MERCH-025,129427,GBP,SUCCESS,2026-09-07 05:09:23.020810
PAY-E960D247-2E9A,CUST-00348,MERCH-008,27169,USD,SUCCESS,2026-09-12 15:46:42.020810
PAY-B17A4B98-0AE6,CUST-00578,MERCH-023,87983,EUR,FAILED,2026-09-05 11:04:30.020810
PAY-3A59B9F4-EBBE,CUST-00243,MERCH-024,11863,USD,SUCCESS,2026-09-05 20:59:42.020810
PAY-94F08C0B-97E1,CUST-01239,MERCH-010,112862,GBP,SUCCESS,2026-09-10 09:39:17.020810
PAY-DD8F451B-102A,CUST-01087,MERCH-022,48043,USD,SUCCESS,2026-09-30 20:47:19.020810
PAY-B022D099-71B6,CUST-01392,MERCH-028,79553,USD,SUCCESS,2026-09-09 01:12:35.020810
PAY-748C7641-584D,CUST-01280,MERCH-019,27742,USD,PENDING,2026-09-18 16:05:22.020810
PAY-DD38A727-B2BA,CUST-00556,MERCH-032,70073,USD,SUCCESS,2026-09-19 16:14:17.020810
PAY-589DC8A6-356C,CUST-01457,MERCH-005,39465,USD,PENDING,2026-09-01 20:43:45.020810
PAY-B70490F9-C8F3,CUST-01344,MERCH-010,39239,GBP,SUCCESS,2026-09-17 07:18:58.020810
PAY-939D06E5-09D1,CUST-00800,MERCH-029,18145,EUR,SUCCESS,2026-09-24 23:36:16.020810
PAY-852053E1-BDA8,CUST-00232,MERCH-037,73500,USD,SUCCESS,2026-09-22 12:12:35.020810
PAY-70E35876-515D,CUST-00297,MERCH-006,33932,USD,SUCCESS,2026-09-17 10:34:31.020810
PAY-8474EB8E-DA30,CUST-00373,MERCH-050,92934,NGN,SUCCESS,2026-09-20 10:46:07.020810
PAY-59355650-0CED,CUST-00654,MERCH-032,126666,NGN,SUCCESS,2026-09-22 07:59:27.020810
PAY-2C7C8819-8986,CUST-01421,MERCH-027,87915,EUR,SUCCESS,2026-09-30 23:16:20.020810
PAY-B1D8DD13-7140,CUST-00284,MERCH-042,100949,USD,SUCCESS,2026-09-13 16:41:40.020810
PAY-B75C2184-B4EE,CUST-00858,MERCH-036,141729,USD,SUCCESS,2026-09-25 21:21:25.020810
PAY-972D79C5-4ABC,CUST-01094,MERCH-032,141064,USD,FAILED,2026-09-27 14:34:06.020810
PAY-FB7B2FFF-22F6,CUST-00472,MERCH-025,111083,USD,SUCCESS,2026-09-05 19:36:45.020810
PAY-732D6F12-5B69,CUST-01080,MERCH-037,23372,USD,PENDING,2026-09-12 09:44:00.020810
PAY-E986ECE2-7C36,CUST-00482,MERCH-024,53788,EUR,SUCCESS,2026-09-01 21:31:48.020810
PAY-8B4ECF4D-C049,CUST-00036,MERCH-024,124736,USD,SUCCESS,2026-09-28 20:44:39.020810
PAY-7FEA4A65-A0A2,CUST-00274,MERCH-008,92079,NGN,SUCCESS,2026-09-04 15:36:12.020810
PAY-1A6C4FAB-1B3C,CUST-00740,MERCH-050,77753,USD,SUCCESS,2026-09-08 12:32:40.020810
PAY-7FC30A31-1CF8,CUST-00943,MERCH-010,110882,USD,PENDING,2026-09-28 12:44:07.020810
PAY-5EDC0812-50B7,CUST-00497,MERCH-014,15144,USD,SUCCESS,2026-09-12 15:51:13.020810
PAY-2DB200DA-D79B,CUST-00283,MERCH-008,99449,USD,FAILED,2026-09-08 16:53:13.020810
PAY-829035C3-E647,CUST-00054,MERCH-045,97934,GBP,SUCCESS,2026-09-22 09:00:44.020810
PAY-D3633BEB-72F7,CUST-00111,MERCH-045,19838,EUR,PENDING,2026-09-06 21:42:04.020810
PAY-A48A9A7D-0E50,CUST-00977,MERCH-039,8413,USD,SUCCESS,2026-09-09 10:28:33.020810
PAY-BBE2A1F8-3535,CUST-00301,MERCH-024,21207,USD,PENDING,2026-09-08 14:47:27.020810
PAY-27E72038-CB3C,CUST-00502,MERCH-005,149707,USD,FAILED,2026-09-02 08:43:42.020810
PAY-BE1E26BE-BEBF,CUST-00853,MERCH-010,123646,EUR,SUCCESS,2026-09-10 14:43:50.020810
PAY-443A982C-7259,CUST-00287,MERCH-048,79014,USD,SUCCESS,2026-09-27 08:42:52.020810
PAY-C6155A31-0F26,CUST-00963,MERCH-027,116885,USD,SUCCESS,2026-09-18 03:13:00.020810
PAY-06193AFA-A4BE,CUST-01321,MERCH-045,75674,USD,PENDING,2026-09-02 09:34:51.020810
PAY-32300BE2-A212,CUST-00228,MERCH-010,8919,NGN,SUCCESS,2026-09-04 16:05:48.020810
PAY-1AF92563-B57D,CUST-01238,MERCH-049,132435,USD,SUCCESS,2026-09-10 04:25:35.020810
PAY-06C023B6-5DD8,CUST-00329,MERCH-001,111549,EUR,FAILED,2026-09-21 00:01:10.020810
PAY-1AED2F1A-DAE2,CUST-01393,MERCH-030,68147,USD,SUCCESS,2026-09-28 15:49:45.020810
PAY-E2531751-A8EA,CUST-01172,MERCH-033,60089,GBP,SUCCESS,2026-09-16 14:44:46.020810
PAY-FDF80EF1-BCCF,CUST-00868,MERCH-011,24600,USD,SUCCESS,2026-09-14 22:53:34.020810
PAY-D3575D9D-1EEA,CUST-01069,MERCH-025,56038,USD,SUCCESS,2026-09-07 19:58:54.020810
PAY-EBCF074A-B362,CUST-00821,MERCH-040,57885,GBP,FAILED,2026-09-04 11:25:54.020810
PAY-359CCB02-41AC,CUST-00804,MERCH-012,20739,USD,PENDING,2026-09-28 21:48:57.020810
PAY-C0B90F44-50BF,CUST-01419,MERCH-030,82600,USD,FAILED,2026-09-24 22:25:15.020810
PAY-F1BB923E-DDE6,CUST-01337,MERCH-042,100237,USD,PENDING,2026-09-21 10:09:59.020810
PAY-9C08C952-D2E1,CUST-00338,MERCH-004,111707,NGN,SUCCESS,2026-09-19 18:59:39.020810
PAY-30555F44-9F94,CUST-00399,MERCH-018,27867,NGN,FAILED,2026-09-07 00:29:13.020810
PAY-A6B0DEC5-799F,CUST-00160,MERCH-024,88441,GBP,SUCCESS,2026-10-01 00:57:29.020810
PAY-B5E4AD0E-CDC4,CUST-00058,MERCH-016,43166,GBP,PENDING,2026-09-15 10:59:08.020810
PAY-B13418BB-C19A,CUST-01110,MERCH-007,56050,USD,PENDING,2026-09-04 22:17:35.020810
PAY-2CB87AC9-7550,CUST-01223,MERCH-001,49715,USD,SUCCESS,2026-09-16 18:20:30.020810
PAY-44035C31-D8D1,CUST-01130,MERCH-013,63502,USD,SUCCESS,2026-09-03 07:54:03.020810
PAY-E20D4201-52A0,CUST-00552,MERCH-006,148558,EUR,SUCCESS,2026-09-29 10:25:55.020810
PAY-E7DE6AC3-2843,CUST-00092,MERCH-037,12474,NGN,SUCCESS,2026-09-25 05:52:00.020810
PAY-B628C77B-B2E1,CUST-00099,MERCH-021,81398,USD,SUCCESS,2026-09-06 06:47:21.020810
PAY-DDA16574-14F0,CUST-00018,MERCH-023,104869,USD,PENDING,2026-09-15 11:12:47.020810
PAY-EF847A73-D478,CUST-01025,MERCH-013,102904,EUR,FAILED,2026-09-17 00:34:40.020810
PAY-F0805782-C9F2,CUST-01487,MERCH-023,26027,USD,SUCCESS,2026-09-08 01:05:20.020810
PAY-72D93DB9-288C,CUST-00679,MERCH-027,26977,USD,SUCCESS,2026-09-26 04:54:07.020810
PAY-9D8011B8-BE3E,CUST-01029,MERCH-050,6708,USD,SUCCESS,2026-09-09 01:10:15.020810
PAY-7D8FBE08-B75B,CUST-01203,MERCH-025,10306,USD,FAILED,2026-09-24 21:52:53.020810
PAY-9B261595-E343,CUST-00595,MERCH-011,121900,USD,SUCCESS,2026-09-09 02:44:42.020810
PAY-71104F29-8425,CUST-00162,MERCH-041,61204,EUR,SUCCESS,2026-09-06 06:52:57.020810
PAY-04C9025C-1381,CUST-00442,MERCH-044,42717,GBP,SUCCESS,2026-09-08 14:18:27.020810
PAY-5A0594AE-7775,CUST-01028,MERCH-034,137676,USD,PENDING,2026-10-01 07:25:23.020810
PAY-5D28759D-A208,CUST-00700,MERCH-029,89372,USD,SUCCESS,2026-09-08 03:02:49.020810
PAY-7F1EB021-2353,CUST-00596,MERCH-024,10989,EUR,SUCCESS,2026-09-22 16:13:38.020810
PAY-9AF641AD-21FF,CUST-01460,MERCH-050,63181,GBP,FAILED,2026-09-20 13:49:02.020810
PAY-D227DDA3-DD7E,CUST-00428,MERCH-040,20160,NGN,SUCCESS,2026-10-01 05:15:13.020810
PAY-4A5270BD-17E1,CUST-00313,MERCH-037,26034,USD,FAILED,2026-09-25 21:50:48.020810
PAY-50D3E4F0-D6D4,CUST-00031,MERCH-010,143928,USD,SUCCESS,2026-09-16 18:50:01.020810
PAY-59253563-86A2,CUST-00179,MERCH-032,119725,USD,SUCCESS,2026-09-06 07:50:29.020810
PAY-6E68171B-EFB6,CUST-00643,MERCH-011,42829,USD,PENDING,2026-09-16 02:35:57.020810
PAY-480369C8-F914,CUST-00140,MERCH-018,95744,GBP,SUCCESS,2026-09-29 17:52:32.020810
PAY-8D3B3F39-2687,CUST-00724,MERCH-006,47472,USD,SUCCESS,2026-09-05 05:04:04.020810
PAY-CBC0DA7C-0C36,CUST-01456,MERCH-050,68118,GBP,SUCCESS,2026-09-24 02:59:35.020810
PAY-47EFEF77-4DDB,CUST-00970,MERCH-017,37317,EUR,SUCCESS,2026-09-23 05:12:39.020810
PAY-7E6FB3A0-C0F4,CUST-00254,MERCH-037,10878,EUR,SUCCESS,2026-09-25 11:03:13.020810
PAY-3B0EF8EA-7A60,CUST-00745,MERCH-019,107725,GBP,SUCCESS,2026-09-21 05:19:07.020810
PAY-6DE34B2B-28C1,CUST-01270,MERCH-044,116060,EUR,SUCCESS,2026-09-08 00:28:06.020810
PAY-1AE39740-F2DF,CUST-00752,MERCH-033,98458,EUR,PENDING,2026-09-16 23:36:51.020810
PAY-4443C778-9D8A,CUST-00171,MERCH-044,133129,USD,PENDING,2026-09-21 19:35:49.020810
PAY-CFEEBFF4-FCEF,CUST-00922,MERCH-017,15457,USD,SUCCESS,2026-09-03 19:54:41.020810
PAY-567A5492-A9F9,CUST-00502,MERCH-045,2582,USD,SUCCESS,2026-09-28 23:34:14.020810
PAY-C9145270-92E6,CUST-00317,MERCH-007,99019,EUR,FAILED,2026-09-15 20:50:05.020810
PAY-96D0A0CA-5A2F,CUST-00325,MERCH-037,19630,USD,SUCCESS,2026-09-21 03:23:10.020810
PAY-FB6573ED-C6A3,CUST-00457,MERCH-025,25011,GBP,PENDING,2026-09-24 04:47:03.020810
PAY-471C5598-4B09,CUST-00715,MERCH-030,140777,USD,PENDING,2026-09-24 12:01:11.020810
PAY-C3923825-8320,CUST-00953,MERCH-007,47757,USD,SUCCESS,2026-09-05 22:10:52.020810
PAY-50179715-72F7,CUST-01499,MERCH-007,114038,GBP,SUCCESS,2026-09-21 00:39:54.020810
PAY-90C289C3-ECDF,CUST-00409,MERCH-026,17400,USD,SUCCESS,2026-09-17 17:10:41.020810
PAY-889F03BF-9423,CUST-00650,MERCH-022,127979,GBP,FAILED,2026-10-01 02:19:56.020810
PAY-82A61F9A-E4F5,CUST-00436,MERCH-045,30469,USD,SUCCESS,2026-09-24 21:01:36.020810
PAY-AEBDFF52-104A,CUST-00571,MERCH-030,143389,USD,SUCCESS,2026-09-03 14:47:34.020810
PAY-FC44B055-5D95,CUST-00319,MERCH-031,56459,USD,FAILED,2026-09-08 19:43:36.020810
PAY-267287CA-C7B0,CUST-00656,MERCH-037,100189,USD,SUCCESS,2026-09-03 06:41:06.020810
PAY-8A8137B7-4613,CUST-00128,MERCH-024,124601,USD,SUCCESS,2026-09-22 15:18:17.020810
PAY-BE6F2E23-0EC4,CUST-00438,MERCH-004,6514,NGN,SUCCESS,2026-09-12 00:35:52.020810
PAY-15D47A45-83AD,CUST-01401,MERCH-028,66578,USD,SUCCESS,2026-09-14 20:35:12.020810
PAY-36184B21-D422,CUST-01302,MERCH-012,37655,USD,SUCCESS,2026-09-05 19:34:54.020810
PAY-AB0D7EBA-718B,CUST-00142,MERCH-018,21919,USD,SUCCESS,2026-09-21 10:07:47.020810
PAY-0789098B-2D09,CUST-00611,MERCH-046,110527,USD,SUCCESS,2026-09-23 16:08:03.020810
PAY-AF64A4AD-6A92,CUST-01075,MERCH-014,48755,USD,PENDING,2026-09-14 08:28:07.020810
PAY-98462053-4261,CUST-00111,MERCH-006,90158,USD,SUCCESS,2026-09-22 13:28:10.020810
PAY-7EF76C2A-B874,CUST-00609,MERCH-011,92060,USD,SUCCESS,2026-09-11 09:34:58.020810
PAY-631A8F36-D757,CUST-00859,MERCH-031,140879,GBP,SUCCESS,2026-09-24 20:11:16.020810
PAY-D3EB3D5E-4389,CUST-01411,MERCH-011,93480,EUR,SUCCESS,2026-09-22 23:04:51.020810
PAY-D9786CE0-79E9,CUST-01420,MERCH-037,3103,USD,FAILED,2026-09-20 15:34:09.020810
PAY-24134F4D-10AC,CUST-01149,MERCH-039,20897,USD,SUCCESS,2026-09-11 09:31:47.020810
PAY-14361A80-2E9D,CUST-01481,MERCH-043,38410,USD,FAILED,2026-09-29 20:10:47.020810
PAY-F9A0DC4E-1EEE,CUST-00664,MERCH-043,4218,USD,PENDING,2026-09-17 02:57:28.020810
PAY-FA38D3FB-903F,CUST-00309,MERCH-030,131426,USD,PENDING,2026-09-08 22:01:30.020810
PAY-39F8EB3C-95F5,CUST-00649,MERCH-008,69392,USD,FAILED,2026-09-21 11:39:56.020810
PAY-07F05332-15DD,CUST-01067,MERCH-047,118611,USD,PENDING,2026-09-01 22:28:28.020810
PAY-47373B3A-9164,CUST-00258,MERCH-041,26044,USD,SUCCESS,2026-09-23 13:41:47.020810
PAY-AE86AFD7-0E66,CUST-00075,MERCH-014,110646,USD,SUCCESS,2026-09-10 20:49:37.020810
PAY-274DCD8C-36AD,CUST-01427,MERCH-035,99474,USD,PENDING,2026-09-09 19:42:45.020810
PAY-53514CF2-6F92,CUST-00443,MERCH-023,50611,NGN,SUCCESS,2026-09-11 22:34:57.020810
PAY-D2BBF9EB-9DA4,CUST-01392,MERCH-037,97560,NGN,SUCCESS,2026-09-02 10:56:03.020810
PAY-B1BFFBE8-6A3F,CUST-00746,MERCH-002,80969,USD,FAILED,2026-09-16 09:58:53.020810
PAY-142F24DE-BB3C,CUST-01029,MERCH-008,120037,EUR,PENDING,2026-09-25 23:43:12.020810
PAY-DD923111-9D07,CUST-00848,MERCH-027,92830,USD,SUCCESS,2026-09-18 19:59:05.020810
PAY-A5BDA5D5-EC51,CUST-01111,MERCH-028,88534,USD,SUCCESS,2026-09-27 03:43:40.020810
PAY-9D12806A-EA74,CUST-00233,MERCH-012,112798,USD,PENDING,2026-09-24 00:45:32.020810
PAY-AE099E7F-DA9D,CUST-00765,MERCH-012,43139,GBP,FAILED,2026-09-28 14:11:43.020810
PAY-BE5A4F2A-BDCB,CUST-01112,MERCH-028,75218,USD,SUCCESS,2026-09-20 06:44:39.020810
PAY-ACB6BFEF-5E6F,CUST-01351,MERCH-045,74751,USD,SUCCESS,2026-09-22 23:54:28.020810
PAY-FE86AF8D-A2C0,CUST-01438,MERCH-040,23469,USD,FAILED,2026-09-06 13:47:47.020810
PAY-1D76EDC4-68C1,CUST-00213,MERCH-006,108314,USD,SUCCESS,2026-09-02 13:19:44.020810
PAY-6E0173DE-3555,CUST-00213,MERCH-032,26636,USD,SUCCESS,2026-09-28 04:51:05.020810
PAY-B4A1B163-E13F,CUST-01298,MERCH-029,9055,USD,PENDING,2026-09-26 04:38:58.020810
PAY-8F2BF26D-81E0,CUST-01368,MERCH-019,56040,EUR,FAILED,2026-09-22 04:16:22.020810
PAY-7097ABC2-1717,CUST-00457,MERCH-050,145095,USD,SUCCESS,2026-09-23 19:52:22.020810
PAY-7F698C6B-574A,CUST-00781,MERCH-008,123596,USD,PENDING,2026-09-11 06:02:06.020810
PAY-E8053A64-E460,CUST-00255,MERCH-023,108748,GBP,SUCCESS,2026-09-24 06:43:42.020810
PAY-6A13B82A-F80E,CUST-01321,MERCH-046,2493,USD,SUCCESS,2026-09-20 23:20:28.020810
PAY-3C7158DB-5BCE,CUST-00768,MERCH-015,74845,EUR,PENDING,2026-09-26 09:32:31.020810
PAY-E213B1FB-863F,CUST-00549,MERCH-043,81082,USD,SUCCESS,2026-09-14 14:21:16.020810
PAY-22BC5581-EFD0,CUST-00850,MERCH-044,1589,USD,SUCCESS,2026-09-13 11:37:19.020810
PAY-DAAD235E-6127,CUST-00850,MERCH-003,7380,USD,SUCCESS,2026-09-02 12:17:04.020810
PAY-967AF065-ED5E,CUST-00315,MERCH-024,83723,EUR,FAILED,2026-09-26 22:49:36.020810
PAY-22DE3C42-868D,CUST-00687,MERCH-011,113227,USD,FAILED,2026-09-29 12:50:15.020810
PAY-52A220EE-4624,CUST-00496,MERCH-036,51004,USD,SUCCESS,2026-09-20 18:09:39.020810
PAY-502AD3C2-52F8,CUST-01263,MERCH-042,14021,USD,SUCCESS,2026-09-20 20:26:21.020810
PAY-F58B63BE-EC62,CUST-01184,MERCH-028,102844,USD,SUCCESS,2026-09-08 00:20:08.020810
PAY-D8B1B617-E73F,CUST-01492,MERCH-012,83894,USD,PENDING,2026-09-21 07:51:30.020810
PAY-BF5EB735-6FF6,CUST-01060,MERCH-011,61047,USD,SUCCESS,2026-09-22 23:48:02.020810
PAY-24CF16FF-084F,CUST-00204,MERCH-046,132687,USD,SUCCESS,2026-09-07 21:22:34.020810
PAY-20ED8223-513E,CUST-00243,MERCH-041,103263,USD,FAILED,2026-09-29 18:22:02.020810
PAY-4AE28739-75E2,CUST-01285,MERCH-017,42194,USD,SUCCESS,2026-09-28 14:22:20.020810
PAY-0AC9FBFE-F2CB,CUST-00661,MERCH-014,24948,USD,SUCCESS,2026-09-06 06:50:24.020810
PAY-47C45C20-2681,CUST-00053,MERCH-028,40620,USD,SUCCESS,2026-09-02 07:38:01.020810
PAY-55BF268A-EC3C,CUST-00057,MERCH-040,21149,USD,SUCCESS,2026-09-28 03:36:54.020810
PAY-129DB20F-32EC,CUST-01172,MERCH-025,34722,USD,PENDING,2026-09-02 23:39:20.020810
PAY-E9F8E142-515F,CUST-00930,MERCH-041,49404,USD,FAILED,2026-09-19 03:25:56.020810
PAY-734363FE-02E8,CUST-00491,MERCH-042,78336,GBP,SUCCESS,2026-09-12 12:33:15.020810
PAY-09AD4EC1-4866,CUST-00397,MERCH-035,99618,USD,SUCCESS,2026-09-13 15:55:58.020810
PAY-B93C27F6-4EE1,CUST-00534,MERCH-043,72580,EUR,SUCCESS,2026-09-04 06:28:57.020810
PAY-A21E7D14-24C0,CUST-00170,MERCH-010,27610,GBP,PENDING,2026-09-02 21:09:06.020810
PAY-38EF6D3B-2695,CUST-00228,MERCH-030,32660,EUR,SUCCESS,2026-09-30 16:27:29.020810
PAY-39A12CC0-DB74,CUST-00220,MERCH-010,69180,USD,FAILED,2026-09-15 11:17:02.020810
PAY-58BE2734-38F4,CUST-00370,MERCH-006,130063,USD,SUCCESS,2026-09-05 12:20:48.020810
PAY-FDDE4E29-25AF,CUST-00741,MERCH-014,26890,EUR,SUCCESS,2026-09-20 17:30:21.020810
PAY-693148C3-3AA1,CUST-01006,MERCH-002,19787,NGN,SUCCESS,2026-09-21 20:14:19.020810
PAY-134D8032-80F9,CUST-00997,MERCH-041,55627,USD,PENDING,2026-09-05 11:06:05.020810
PAY-5D0E3104-159B,CUST-01408,MERCH-027,82704,USD,SUCCESS,2026-09-19 23:23:37.020810
PAY-463BD1EE-D1E9,CUST-01298,MERCH-029,47635,USD,SUCCESS,2026-09-09 13:53:24.020810
PAY-8A6006DA-81D4,CUST-00612,MERCH-001,149212,USD,SUCCESS,2026-09-10 10:21:52.020810
PAY-A862DF14-5664,CUST-01293,MERCH-039,31225,USD,SUCCESS,2026-09-03 06:49:59.020810
PAY-7B8A584A-545C,CUST-00703,MERCH-023,143757,GBP,FAILED,2026-09-25 05:59:16.020810
PAY-95AFA696-FC02,CUST-00011,MERCH-011,67215,USD,SUCCESS,2026-09-27 02:04:19.020810
PAY-B8F3AA76-A61F,CUST-00250,MERCH-013,8247,USD,SUCCESS,2026-10-01 04:21:39.020810
PAY-32D24DCA-4440,CUST-01098,MERCH-002,134650,GBP,FAILED,2026-09-26 21:41:55.020810
PAY-88FAE1DA-F62A,CUST-00313,MERCH-014,30591,USD,SUCCESS,2026-09-19 11:19:09.020810
PAY-D088490B-557B,CUST-00445,MERCH-002,36823,USD,SUCCESS,2026-09-17 15:48:08.020810
PAY-60ACF86E-3D41,CUST-00451,MERCH-006,70647,USD,PENDING,2026-09-07 21:40:03.020810
PAY-7A96D487-90E0,CUST-00561,MERCH-031,24609,GBP,SUCCESS,2026-09-11 10:19:09.020810
PAY-6C8B6B83-3F74,CUST-00714,MERCH-046,77654,USD,PENDING,2026-09-28 12:43:53.020810
PAY-765A13F3-554B,CUST-00957,MERCH-048,114811,USD,SUCCESS,2026-09-25 19:50:30.020810
PAY-67952D98-32B8,CUST-01050,MERCH-026,66060,USD,FAILED,2026-09-11 03:06:55.020810
PAY-AE2CA590-39A8,CUST-00355,MERCH-013,103476,EUR,SUCCESS,2026-09-15 09:40:33.020810
PAY-29D75A13-A21D,CUST-00211,MERCH-038,82180,GBP,PENDING,2026-09-30 06:46:11.020810
PAY-F439DFDC-24FF,CUST-00340,MERCH-014,114131,NGN,SUCCESS,2026-09-25 10:33:21.020810
PAY-9ACEA058-31DF,CUST-00914,MERCH-028,71717,USD,FAILED,2026-09-30 16:57:55.020810
PAY-97A36F07-56BF,CUST-00653,MERCH-040,100913,GBP,SUCCESS,2026-09-06 23:30:22.020810
PAY-A55CED70-7049,CUST-00880,MERCH-013,93014,USD,FAILED,2026-09-29 06:57:33.020810
PAY-41206737-A27A,CUST-00766,MERCH-041,118308,EUR,SUCCESS,2026-09-04 21:03:59.020810
PAY-761FFB48-908A,CUST-00343,MERCH-003,66839,USD,SUCCESS,2026-09-26 13:57:52.020810
PAY-F699A7C8-07CD,CUST-01202,MERCH-027,139566,USD,SUCCESS,2026-09-16 00:06:44.020810
PAY-3B8A4816-5AB3,CUST-00722,MERCH-026,30554,USD,SUCCESS,2026-09-03 05:04:24.020810
PAY-2C0ACD7B-845D,CUST-00369,MERCH-021,49236,EUR,SUCCESS,2026-09-22 14:27:45.020810
PAY-029D0D6B-D2D4,CUST-00733,MERCH-016,56909,GBP,SUCCESS,2026-09-05 06:49:22.020810
PAY-E09A1336-3FA1,CUST-01346,MERCH-024,38521,USD,PENDING,2026-09-19 19:33:38.020810
PAY-1E117E2D-FD4E,CUST-00644,MERCH-008,84016,USD,PENDING,2026-09-02 05:24:50.020810
PAY-B4B32722-85E3,CUST-01410,MERCH-001,56539,GBP,SUCCESS,2026-09-17 17:21:05.020810
PAY-DDB3B37B-A4EA,CUST-00954,MERCH-037,61487,NGN,SUCCESS,2026-09-17 08:50:12.020810
PAY-78BAD979-702B,CUST-01151,MERCH-005,74847,USD,SUCCESS,2026-09-20 11:26:12.020810
PAY-51AA144C-D2A5,CUST-01233,MERCH-014,57506,USD,PENDING,2026-09-27 08:29:45.020810
PAY-E56B82BD-920C,CUST-00211,MERCH-036,20114,USD,SUCCESS,2026-09-15 06:08:26.020810
PAY-65480F97-8213,CUST-01176,MERCH-042,114586,USD,SUCCESS,2026-09-22 05:33:55.020810
PAY-7C86E51F-A87C,CUST-00651,MERCH-021,52174,USD,SUCCESS,2026-09-11 09:03:10.020810
PAY-FE820E83-DF09,CUST-00102,MERCH-032,12766,GBP,SUCCESS,2026-09-25 23:09:40.020810
PAY-FCF97658-7F47,CUST-00563,MERCH-027,33030,GBP,SUCCESS,2026-09-07 13:08:15.020810
PAY-D5583D0C-9B9D,CUST-00928,MERCH-011,86188,GBP,FAILED,2026-09-30 22:54:30.020810
PAY-5C6A30BE-6EF4,CUST-01211,MERCH-025,6075,USD,SUCCESS,2026-09-13 05:38:32.020810
PAY-D4ADC929-C913,CUST-00584,MERCH-002,1718,GBP,SUCCESS,2026-09-29 16:59:54.020810
PAY-02142A0F-B0BB,CUST-00946,MERCH-019,106094,NGN,SUCCESS,2026-09-08 02:53:04.020810
PAY-3ED08981-5403,CUST-00076,MERCH-035,10755,USD,SUCCESS,2026-09-27 08:47:19.020810
PAY-C271D52D-B21C,CUST-00691,MERCH-042,18706,NGN,SUCCESS,2026-09-02 13:08:57.020810
PAY-42AE7978-1145,CUST-00963,MERCH-007,79404,GBP,PENDING,2026-09-21 21:47:33.020810
PAY-EED4704D-6506,CUST-00563,MERCH-021,105447,USD,SUCCESS,2026-09-18 13:06:19.020810
PAY-7312EF85-7D90,CUST-00164,MERCH-036,129951,EUR,SUCCESS,2026-09-16 23:03:56.020810
PAY-5420E0A3-2BA1,CUST-01255,MERCH-004,78735,GBP,SUCCESS,2026-09-20 20:27:02.020810
PAY-67535D58-61D9,CUST-01427,MERCH-030,32327,USD,FAILED,2026-09-25 16:58:10.020810
PAY-A73F4511-4D58,CUST-00766,MERCH-040,8177,USD,SUCCESS,2026-09-06 17:53:44.020810
PAY-41599598-386A,CUST-00459,MERCH-004,36868,USD,SUCCESS,2026-09-02 06:18:11.020810
PAY-AF2C7C90-A79B,CUST-00216,MERCH-021,59834,USD,FAILED,2026-09-22 21:47:51.020810
PAY-26B4A649-9569,CUST-00349,MERCH-006,97199,USD,SUCCESS,2026-09-11 00:54:28.020810
PAY-8F0FF446-B2AA,CUST-01101,MERCH-001,68575,EUR,SUCCESS,2026-09-04 07:20:50.020810
PAY-A7DF540C-E3F5,CUST-00089,MERCH-008,80267,USD,PENDING,2026-09-04 02:07:07.020810
PAY-2226D877-5414,CUST-00154,MERCH-017,99998,EUR,SUCCESS,2026-09-17 17:53:12.020810
PAY-85F6A0F1-8DF6,CUST-00553,MERCH-045,36613,EUR,SUCCESS,2026-09-10 00:38:58.020810
PAY-9E22602D-E39B,CUST-01195,MERCH-030,33605,EUR,SUCCESS,2026-09-07 13:53:10.020810
PAY-ED0C0E00-CCB1,CUST-00654,MERCH-010,108842,USD,SUCCESS,2026-09-30 02:45:07.020810
PAY-2B4AED99-EF2E,CUST-01305,MERCH-029,137277,USD,SUCCESS,2026-09-07 16:45:57.020810
PAY-212DB938-CF74,CUST-01081,MERCH-016,125785,NGN,SUCCESS,2026-09-29 19:28:31.020810
PAY-DB801FCD-434F,CUST-01355,MERCH-032,84887,USD,SUCCESS,2026-09-15 09:02:43.020810
PAY-E2AB389C-11DF,CUST-01497,MERCH-031,24564,USD,FAILED,2026-09-12 17:18:08.020810
PAY-326BF236-8818,CUST-00541,MERCH-050,22204,USD,SUCCESS,2026-09-16 03:19:43.020810
PAY-8AC67AF1-D69C,CUST-00723,MERCH-036,54473,USD,FAILED,2026-09-13 12:34:46.020810
PAY-CE884EB5-33D5,CUST-01424,MERCH-005,130157,USD,SUCCESS,2026-09-05 09:44:25.020810
PAY-1C35A6F3-FB5F,CUST-00124,MERCH-014,57158,USD,SUCCESS,2026-09-02 09:29:10.020810
PAY-969C66AC-4209,CUST-00959,MERCH-025,128333,USD,SUCCESS,2026-09-10 21:07:49.020810
PAY-F0DBBC04-56A0,CUST-00215,MERCH-022,138818,EUR,FAILED,2026-09-11 21:17:56.020810
PAY-AD566AC9-06C2,CUST-01053,MERCH-021,119519,USD,SUCCESS,2026-09-16 21:29:37.020810
PAY-8419CE2D-B521,CUST-01343,MERCH-010,28198,USD,PENDING,2026-09-26 05:59:21.020810
PAY-736C437A-8EDA,CUST-00267,MERCH-015,101576,USD,FAILED,2026-09-19 09:51:59.020810
PAY-9C0D1FB0-68D2,CUST-00927,MERCH-040,53720,USD,SUCCESS,2026-09-26 16:25:11.020810
PAY-E831EB32-D359,CUST-00820,MERCH-013,73333,USD,SUCCESS,2026-09-05 02:09:41.020810
PAY-05F51402-4C15,CUST-00867,MERCH-011,27255,NGN,PENDING,2026-09-16 16:02:33.020810
PAY-13DBF318-9D75,CUST-00302,MERCH-030,29388,USD,SUCCESS,2026-09-06 23:03:24.020810
PAY-6B43AE13-736C,CUST-00493,MERCH-002,49528,NGN,SUCCESS,2026-09-24 03:06:58.020810
PAY-36148602-3160,CUST-00547,MERCH-002,139668,USD,SUCCESS,2026-09-24 21:03:04.020810
PAY-8D95A1FB-B239,CUST-00928,MERCH-023,31518,USD,SUCCESS,2026-09-14 15:36:44.020810
PAY-B0882947-8796,CUST-01128,MERCH-006,113608,USD,SUCCESS,2026-09-18 23:07:40.020810
PAY-AF43EA80-C80D,CUST-00435,MERCH-010,132146,USD,SUCCESS,2026-09-21 00:38:43.020810
PAY-626E0194-822B,CUST-00883,MERCH-033,14434,USD,FAILED,2026-09-17 23:01:31.020810
PAY-2BDD97CE-E512,CUST-00904,MERCH-018,26141,EUR,SUCCESS,2026-09-19 17:00:59.020810
PAY-CF57A1BE-5322,CUST-00101,MERCH-042,111279,NGN,PENDING,2026-09-20 07:51:42.020810
PAY-F3AA7E82-9385,CUST-00398,MERCH-019,106063,USD,SUCCESS,2026-09-10 22:54:56.020810
PAY-3D3F0993-89F9,CUST-00362,MERCH-039,139321,EUR,FAILED,2026-09-15 03:40:03.020810
PAY-5713101A-A5D2,CUST-01245,MERCH-032,114156,NGN,PENDING,2026-09-26 22:25:30.020810
PAY-080AA782-19D8,CUST-00224,MERCH-044,65759,EUR,SUCCESS,2026-09-04 04:17:43.020810
PAY-9FD5FDC7-9B7A,CUST-00228,MERCH-015,14429,USD,SUCCESS,2026-09-07 08:23:40.020810
PAY-E838CA0C-42D1,CUST-00074,MERCH-037,63091,USD,SUCCESS,2026-09-14 16:18:39.020810
PAY-1149D127-9E92,CUST-00135,MERCH-035,72710,USD,FAILED,2026-09-06 15:54:05.020810
PAY-4B2D173A-9F2B,CUST-00464,MERCH-040,103236,USD,SUCCESS,2026-09-21 09:32:12.020810
PAY-90C55864-2378,CUST-00805,MERCH-007,70824,USD,SUCCESS,2026-09-12 10:22:45.020810
PAY-E9E916AF-06DA,CUST-01015,MERCH-014,53866,GBP,SUCCESS,2026-09-10 01:27:15.020810
PAY-D16118FD-A2E1,CUST-00712,MERCH-041,75991,NGN,SUCCESS,2026-09-15 17:43:35.020810
PAY-C2DF73AC-947C,CUST-00007,MERCH-007,132421,USD,SUCCESS,2026-09-10 17:49:23.020810
PAY-9866B95A-0B8F,CUST-01435,MERCH-040,80538,USD,PENDING,2026-09-24 21:39:16.020810
PAY-497C1229-57B9,CUST-01409,MERCH-016,83104,EUR,PENDING,2026-09-10 00:31:34.020810
PAY-B4E9B11C-7B77,CUST-01396,MERCH-005,49611,USD,PENDING,2026-09-09 20:20:48.020810
PAY-FB75479E-7C95,CUST-00681,MERCH-030,3838,USD,PENDING,2026-09-08 15:26:20.020810
PAY-3CF61273-D346,CUST-01365,MERCH-031,88070,USD,SUCCESS,2026-09-22 12:45:24.020810
PAY-AD6A6D92-6684,CUST-00043,MERCH-012,20679,USD,PENDING,2026-09-14 13:34:39.020810
PAY-509AEC0E-1F64,CUST-00350,MERCH-044,92812,USD,SUCCESS,2026-09-02 05:31:53.020810
PAY-F794B162-A8BB,CUST-00971,MERCH-038,128506,GBP,SUCCESS,2026-09-01 19:21:48.020810
PAY-96F61E4B-1691,CUST-00507,MERCH-031,12342,USD,SUCCESS,2026-09-07 01:38:05.020810
PAY-FEF0AB46-3060,CUST-00036,MERCH-037,60344,USD,PENDING,2026-09-15 20:49:57.020810
PAY-DF9C4473-09F4,CUST-01076,MERCH-033,38925,GBP,SUCCESS,2026-09-09 21:06:53.020810
PAY-386DF8FA-7E36,CUST-00193,MERCH-007,88495,NGN,SUCCESS,2026-09-16 13:04:41.020810
PAY-36A565CD-50A0,CUST-00927,MERCH-032,143555,USD,SUCCESS,2026-09-18 18:52:49.020810
PAY-35A958B0-B290,CUST-00528,MERCH-043,66963,USD,SUCCESS,2026-09-25 08:59:47.020810
PAY-E0C5A41C-DD0B,CUST-00747,MERCH-030,92938,NGN,FAILED,2026-09-02 09:59:26.020810
PAY-FB4B17BB-79E2,CUST-00617,MERCH-046,136246,USD,SUCCESS,2026-09-17 23:01:29.020810
PAY-1FF4A730-1629,CUST-01360,MERCH-039,30059,EUR,PENDING,2026-09-25 06:30:18.020810
PAY-B0BA2D58-5ECF,CUST-00553,MERCH-044,5933,GBP,SUCCESS,2026-09-26 23:13:46.020810
PAY-9A57A95B-59D9,CUST-00303,MERCH-027,37628,GBP,SUCCESS,2026-09-12 10:48:25.020810
PAY-E283B248-17B7,CUST-00732,MERCH-032,64559,USD,SUCCESS,2026-09-03 06:11:50.020810
PAY-A42DC33F-4C66,CUST-01183,MERCH-048,94719,USD,SUCCESS,2026-09-22 16:00:59.020810
PAY-4853EE0F-61E8,CUST-00423,MERCH-048,51314,USD,SUCCESS,2026-09-06 02:12:09.020810
PAY-9E6C8120-333C,CUST-00774,MERCH-041,72307,EUR,SUCCESS,2026-09-06 23:56:25.020810
PAY-6C58BECE-6DC1,CUST-01284,MERCH-044,118273,USD,SUCCESS,2026-09-28 05:03:52.020810
PAY-90796C99-1984,CUST-01080,MERCH-012,91947,NGN,SUCCESS,2026-09-14 15:17:54.020810
PAY-0B2E58DA-B388,CUST-00679,MERCH-026,109891,USD,SUCCESS,2026-09-30 08:35:52.020810
PAY-A0AE654C-79E9,CUST-00566,MERCH-020,11274,GBP,PENDING,2026-09-11 00:13:26.020810
PAY-BF55BCF3-AF61,CUST-01187,MERCH-034,32733,USD,SUCCESS,2026-09-18 10:08:04.020810
PAY-72F0C3E4-2D1C,CUST-00888,MERCH-030,91463,NGN,SUCCESS,2026-09-29 06:24:01.020810
PAY-2F8E0463-D6A3,CUST-00591,MERCH-008,131290,EUR,SUCCESS,2026-09-02 03:54:06.020810
PAY-44183A27-D8BF,CUST-01404,MERCH-010,39881,USD,SUCCESS,2026-09-24 09:29:24.020810
PAY-381D6585-0FC5,CUST-01072,MERCH-019,43126,USD,SUCCESS,2026-09-28 20:28:19.020810
PAY-C5965267-37B0,CUST-00622,MERCH-032,17438,NGN,SUCCESS,2026-09-15 18:02:16.020810
PAY-1B6DE053-A808,CUST-00604,MERCH-001,11235,GBP,SUCCESS,2026-09-23 18:58:26.020810
PAY-45F90D60-6D4B,CUST-00446,MERCH-019,32857,USD,SUCCESS,2026-09-30 13:10:09.020810
PAY-108D1C67-00A2,CUST-00109,MERCH-032,1834,NGN,FAILED,2026-09-16 14:29:55.020810
PAY-0F539A71-190C,CUST-00882,MERCH-023,13581,EUR,FAILED,2026-09-01 18:56:18.020810
PAY-6DD4BDC2-04A9,CUST-00515,MERCH-009,74756,EUR,PENDING,2026-09-18 18:13:28.020810
PAY-0562F4FF-EFD1,CUST-01029,MERCH-043,41142,EUR,PENDING,2026-09-28 23:30:39.020810
PAY-15F9779D-6BC5,CUST-00177,MERCH-046,37893,USD,SUCCESS,2026-09-14 21:32:34.020810
PAY-A6838D85-778C,CUST-00403,MERCH-028,21659,USD,SUCCESS,2026-09-30 04:01:37.020810
PAY-7F91E8A9-CE26,CUST-00596,MERCH-015,124540,USD,SUCCESS,2026-09-03 07:37:58.020810
PAY-2F3F6FBB-C2B7,CUST-00727,MERCH-016,111272,EUR,SUCCESS,2026-09-20 12:11:38.020810
PAY-0BEF5165-0E40,CUST-00818,MERCH-007,79673,USD,SUCCESS,2026-09-14 10:34:54.020810
PAY-5D25B0EB-4237,CUST-01223,MERCH-020,148324,NGN,SUCCESS,2026-09-10 04:06:08.020810
PAY-AC47F73A-B6FE,CUST-00893,MERCH-044,36984,USD,FAILED,2026-09-17 09:54:25.020810
PAY-2DF16126-759B,CUST-01400,MERCH-050,66041,EUR,SUCCESS,2026-09-11 10:37:58.020810
PAY-473F16B9-6D88,CUST-00278,MERCH-027,52803,USD,SUCCESS,2026-09-28 15:58:41.020810
PAY-88E81090-0379,CUST-00617,MERCH-020,78444,NGN,SUCCESS,2026-09-05 21:55:10.020810
PAY-86431179-0F0B,CUST-01161,MERCH-041,143586,USD,SUCCESS,2026-09-24 03:28:28.020810
PAY-0CD10181-D31D,CUST-00376,MERCH-025,25676,USD,FAILED,2026-09-22 23:12:28.020810
PAY-55EACE28-55BC,CUST-00284,MERCH-034,82619,USD,SUCCESS,2026-09-23 05:02:35.020810
PAY-1742EF5C-1815,CUST-01032,MERCH-044,123282,USD,SUCCESS,2026-09-19 02:46:38.020810
PAY-0DEC46F7-FC85,CUST-00726,MERCH-028,110733,USD,FAILED,2026-09-24 09:45:50.020810
PAY-E38178AB-E32C,CUST-00841,MERCH-030,147014,GBP,PENDING,2026-09-03 02:25:55.020810
PAY-14144327-CCA9,CUST-00055,MERCH-050,23681,GBP,SUCCESS,2026-09-22 04:35:47.020810
PAY-9723D692-CBF3,CUST-00288,MERCH-040,64108,USD,FAILED,2026-09-16 10:30:02.020810
PAY-0133056F-185F,CUST-01189,MERCH-033,33864,GBP,FAILED,2026-09-19 20:53:48.020810
PAY-188AE898-2323,CUST-01272,MERCH-035,77398,USD,SUCCESS,2026-09-29 05:07:58.020810
PAY-2493BF48-EE3A,CUST-00110,MERCH-049,33513,GBP,FAILED,2026-09-20 19:40:19.020810
PAY-52A01D56-44BF,CUST-00826,MERCH-043,121822,NGN,SUCCESS,2026-09-02 01:07:35.020810
PAY-387DA572-4541,CUST-01061,MERCH-030,22692,USD,SUCCESS,2026-09-04 09:30:31.020810
PAY-369F7434-2670,CUST-00113,MERCH-018,87920,GBP,SUCCESS,2026-09-06 22:54:42.020810
PAY-29AA89AF-CD75,CUST-01218,MERCH-007,148727,USD,PENDING,2026-09-15 20:44:14.020810
PAY-DB5F6D07-D463,CUST-00987,MERCH-045,16455,USD,FAILED,2026-09-17 20:11:31.020810
PAY-679A7F95-9A81,CUST-00249,MERCH-048,134408,USD,FAILED,2026-09-30 03:19:10.020810
PAY-E191DE09-4E61,CUST-01469,MERCH-004,135835,USD,PENDING,2026-09-11 17:06:29.020810
PAY-5575FD2E-A042,CUST-00296,MERCH-036,36257,NGN,SUCCESS,2026-09-25 19:15:45.020810
PAY-8ECCCF45-0ED5,CUST-00458,MERCH-044,79377,USD,SUCCESS,2026-09-09 06:31:02.020810
PAY-35D58157-C00C,CUST-01287,MERCH-020,127628,EUR,PENDING,2026-09-02 01:42:23.020810
PAY-14C98F80-AE47,CUST-01278,MERCH-045,30570,USD,SUCCESS,2026-09-11 12:01:23.020810
PAY-295AFE0B-FE7A,CUST-00138,MERCH-001,32228,USD,FAILED,2026-09-09 04:28:28.020810
PAY-8F967A2D-2CE3,CUST-01065,MERCH-007,54054,NGN,SUCCESS,2026-09-13 18:12:24.020810
PAY-ECF70A9F-D3A3,CUST-00213,MERCH-031,133093,USD,SUCCESS,2026-09-02 22:55:03.020810
PAY-15A19775-3005,CUST-00909,MERCH-026,32432,USD,SUCCESS,2026-09-04 11:01:53.020810
PAY-FC80BE98-7D8A,CUST-00615,MERCH-026,48746,USD,SUCCESS,2026-09-25 05:45:53.020810
PAY-BC3CDA7A-7D56,CUST-00482,MERCH-035,115615,USD,SUCCESS,2026-09-14 09:25:44.020810
PAY-48CABE58-CE99,CUST-01348,MERCH-040,113838,USD,SUCCESS,2026-09-07 17:43:30.020810
PAY-37E9E5CE-97CE,CUST-00300,MERCH-041,48946,GBP,FAILED,2026-09-02 19:25:26.020810
PAY-86ADD261-98F2,CUST-00291,MERCH-048,45267,USD,SUCCESS,2026-09-13 10:36:20.020810
PAY-DC55DA8D-1A49,CUST-01048,MERCH-048,53020,GBP,PENDING,2026-09-28 07:07:13.020810
PAY-0E4FFD38-708E,CUST-00976,MERCH-031,76377,USD,SUCCESS,2026-09-15 20:06:26.020810
PAY-36961C0F-ED0A,CUST-01368,MERCH-007,129727,USD,SUCCESS,2026-09-30 08:09:01.020810
PAY-281C13BB-89B1,CUST-00753,MERCH-043,103047,USD,SUCCESS,2026-09-15 02:48:01.020810
PAY-5A5690A8-7429,CUST-00791,MERCH-045,122125,EUR,SUCCESS,2026-09-06 23:14:46.020810
PAY-654CEBDE-33EE,CUST-00854,MERCH-028,7832,USD,SUCCESS,2026-09-08 22:49:02.020810
PAY-F2E85D82-3B73,CUST-00581,MERCH-030,148404,USD,SUCCESS,2026-09-07 14:08:54.020810
PAY-29D1FE12-9988,CUST-00798,MERCH-001,79867,USD,PENDING,2026-09-29 22:34:00.020810
PAY-8E51722D-2C5F,CUST-00070,MERCH-042,11675,USD,FAILED,2026-09-23 08:02:48.020810
PAY-0EBCAA1D-4F41,CUST-00727,MERCH-009,120653,NGN,SUCCESS,2026-09-24 11:20:31.020810
PAY-F713FF86-3857,CUST-00568,MERCH-001,94281,USD,SUCCESS,2026-09-09 10:38:26.020810
PAY-C408983C-D0E3,CUST-01026,MERCH-033,91944,GBP,PENDING,2026-09-11 23:46:02.020810
PAY-E9CA4132-3002,CUST-01447,MERCH-034,134991,EUR,SUCCESS,2026-09-20 17:18:04.020810
PAY-19EDE7F8-381A,CUST-00129,MERCH-012,92739,EUR,SUCCESS,2026-09-09 02:35:16.020810
PAY-F90F3525-230D,CUST-01344,MERCH-047,89443,USD,SUCCESS,2026-09-29 02:18:19.020810
PAY-EADA4F6C-E26A,CUST-00942,MERCH-046,73465,USD,FAILED,2026-09-08 13:20:54.020810
PAY-93754AE6-BDFF,CUST-01349,MERCH-020,18380,USD,SUCCESS,2026-09-20 21:09:03.020810
PAY-54DFB6B5-EE09,CUST-01322,MERCH-031,124167,USD,PENDING,2026-09-20 00:52:17.020810
PAY-1B9DB6C7-07AB,CUST-01241,MERCH-043,133401,EUR,SUCCESS,2026-09-10 12:20:32.020810
PAY-1B3BDB84-0D6D,CUST-01350,MERCH-034,34427,USD,SUCCESS,2026-09-14 08:12:39.020810
PAY-8D1BC45E-581D,CUST-01430,MERCH-021,91751,NGN,SUCCESS,2026-09-30 08:15:11.020810
PAY-4625905A-C72C,CUST-01198,MERCH-040,18213,USD,SUCCESS,2026-09-21 08:37:17.020810
PAY-93FCD652-48B8,CUST-00093,MERCH-002,61239,USD,FAILED,2026-09-09 11:38:54.020810
PAY-69AE7E41-71A8,CUST-00198,MERCH-043,131423,USD,SUCCESS,2026-09-06 21:56:47.020810
PAY-0216AEAB-7324,CUST-01392,MERCH-031,61195,USD,SUCCESS,2026-09-17 11:16:52.020810
PAY-F63DCD08-E98B,CUST-00485,MERCH-007,101185,NGN,SUCCESS,2026-09-10 04:54:47.020810
PAY-AB0EA231-D67A,CUST-00861,MERCH-005,66162,GBP,FAILED,2026-09-04 18:20:26.020810
PAY-B7A43EF2-02E5,CUST-00235,MERCH-003,116244,USD,SUCCESS,2026-09-05 07:06:14.020810
PAY-F4277D20-F02A,CUST-00767,MERCH-039,46130,USD,FAILED,2026-09-03 04:30:48.020810
PAY-57E4CAFD-B305,CUST-00658,MERCH-007,99493,USD,SUCCESS,2026-09-23 13:54:27.020810
PAY-9C776808-02D0,CUST-00273,MERCH-041,146374,USD,FAILED,2026-09-29 14:41:33.020810
PAY-3854D7BA-AE27,CUST-00410,MERCH-013,129239,USD,SUCCESS,2026-09-14 00:22:07.020810
PAY-A351D8E1-192E,CUST-00897,MERCH-044,59612,USD,SUCCESS,2026-09-15 15:30:32.020810
PAY-52B928E6-5D6E,CUST-00413,MERCH-048,114287,GBP,SUCCESS,2026-09-09 15:02:19.020810
PAY-9BDD2C65-984C,CUST-01083,MERCH-013,6855,GBP,SUCCESS,2026-09-05 22:24:33.020810
PAY-17FC7A28-91C0,CUST-01289,MERCH-043,53856,USD,SUCCESS,2026-09-06 10:16:44.020810
PAY-B6EB9EEE-E231,CUST-00069,MERCH-009,94756,USD,SUCCESS,2026-09-02 00:17:29.020810
PAY-107CD30C-4E63,CUST-00836,MERCH-037,19365,EUR,SUCCESS,2026-09-28 07:00:13.020810
PAY-6A6117F5-EC7F,CUST-00698,MERCH-012,130569,EUR,SUCCESS,2026-09-27 09:32:07.020810
PAY-FC48EFA5-7157,CUST-00390,MERCH-014,124686,NGN,SUCCESS,2026-09-29 10:43:12.020810
PAY-7C88624C-A7D7,CUST-01026,MERCH-023,146959,USD,SUCCESS,2026-09-19 01:31:34.020810
PAY-1E2E6ABB-5490,CUST-00283,MERCH-005,112569,GBP,FAILED,2026-09-23 01:31:15.020810
PAY-BA4F82D9-663C,CUST-01281,MERCH-025,149699,USD,PENDING,2026-09-05 04:45:27.020810
PAY-9E4D770E-C9F2,CUST-00161,MERCH-009,78678,USD,SUCCESS,2026-09-26 20:49:37.020810
PAY-FB6CE8EF-28D6,CUST-00207,MERCH-008,60943,GBP,PENDING,2026-09-25 23:13:57.020810
PAY-0CBB6CDF-0E27,CUST-00106,MERCH-039,87248,EUR,PENDING,2026-09-27 23:57:47.020810
PAY-1BEF3C74-748F,CUST-00047,MERCH-015,66398,USD,PENDING,2026-09-15 19:56:40.020810
PAY-6BF18458-4AFB,CUST-00800,MERCH-046,18313,USD,SUCCESS,2026-09-19 03:10:50.020810
PAY-CD9766CA-DF1B,CUST-00324,MERCH-019,140595,USD,SUCCESS,2026-09-05 09:18:44.020810
PAY-137262E4-F0DE,CUST-01179,MERCH-016,131584,USD,SUCCESS,2026-09-26 21:25:28.020810
PAY-3365329B-0ABF,CUST-00640,MERCH-026,143615,USD,SUCCESS,2026-09-04 12:11:26.020810
PAY-15600CA9-EC06,CUST-01429,MERCH-008,123964,USD,SUCCESS,2026-09-30 01:10:12.020810
PAY-57AC04F9-9AA7,CUST-00539,MERCH-042,8960,USD,FAILED,2026-09-03 05:07:03.020810
PAY-5E102EDD-50CC,CUST-00693,MERCH-027,53062,GBP,FAILED,2026-09-14 10:08:21.020810
PAY-5E70F3A1-505E,CUST-00686,MERCH-049,37013,USD,FAILED,2026-09-04 15:23:14.020810
PAY-EC6E4DDC-AA7D,CUST-00419,MERCH-036,16839,USD,SUCCESS,2026-09-17 18:12:48.020810
PAY-EEC288AF-C6D2,CUST-00483,MERCH-032,148311,USD,FAILED,2026-09-05 07:08:21.020810
PAY-976BFEB7-6C2E,CUST-01250,MERCH-045,91161,USD,SUCCESS,2026-09-03 11:23:26.020810
PAY-48F9BB93-15B5,CUST-00145,MERCH-027,21627,USD,PENDING,2026-09-30 19:04:59.020810
PAY-7E0D527B-5A4B,CUST-01130,MERCH-031,71412,EUR,SUCCESS,2026-09-08 01:01:40.020810
PAY-64FC4758-570D,CUST-01482,MERCH-003,9832,USD,SUCCESS,2026-09-06 19:25:51.020810
PAY-3CC6A147-6289,CUST-01018,MERCH-033,92317,EUR,SUCCESS,2026-09-12 16:37:13.020810
PAY-CD59BECB-B4E5,CUST-00884,MERCH-031,60204,GBP,SUCCESS,2026-09-16 11:41:55.020810
PAY-8F47CE77-2651,CUST-00044,MERCH-004,51925,EUR,SUCCESS,2026-09-03 00:53:42.020810
PAY-18FA1391-3634,CUST-01095,MERCH-039,5243,USD,SUCCESS,2026-09-20 04:12:37.020810
PAY-A633DDE9-C893,CUST-01132,MERCH-031,101982,USD,SUCCESS,2026-09-04 06:56:19.020810
PAY-EC7F7830-5A62,CUST-00773,MERCH-045,113148,GBP,SUCCESS,2026-09-07 20:06:10.020810
PAY-45543067-5375,CUST-01437,MERCH-028,36615,EUR,FAILED,2026-09-28 10:27:25.020810
PAY-488084AD-14CE,CUST-00237,MERCH-029,96892,USD,FAILED,2026-09-07 11:39:43.020810
PAY-3227C487-29F7,CUST-00721,MERCH-013,114932,EUR,SUCCESS,2026-09-18 09:57:40.020810
PAY-6CCBF6C1-9C54,CUST-00119,MERCH-016,24614,GBP,SUCCESS,2026-09-13 00:31:45.020810
PAY-D5B26BD2-5981,CUST-01206,MERCH-001,108782,USD,FAILED,2026-09-12 18:48:42.020810
PAY-FF617AD3-ABE1,CUST-01099,MERCH-037,4405,USD,SUCCESS,2026-09-03 23:31:41.020810
PAY-1511D5A5-C5EE,CUST-01475,MERCH-016,20583,USD,FAILED,2026-09-04 12:27:54.020810
PAY-9409B38B-E3E4,CUST-00117,MERCH-009,47841,NGN,SUCCESS,2026-09-23 01:08:43.020810
PAY-6345375E-994D,CUST-00579,MERCH-003,92163,EUR,PENDING,2026-09-17 00:10:26.020810
PAY-3C6B5BBC-9A22,CUST-01234,MERCH-042,77154,USD,SUCCESS,2026-09-13 14:45:22.020810
PAY-B3467CFA-A700,CUST-00266,MERCH-039,125988,EUR,FAILED,2026-09-21 01:40:59.020810
PAY-B5ABE1A2-3758,CUST-01347,MERCH-008,20522,GBP,SUCCESS,2026-09-05 11:40:25.020810
PAY-1B83E8B7-33A9,CUST-00513,MERCH-035,130242,USD,SUCCESS,2026-09-11 18:02:10.020810
PAY-131C9C5E-0582,CUST-01445,MERCH-048,58246,USD,SUCCESS,2026-09-19 02:04:38.020810
PAY-E62341B4-43C5,CUST-00909,MERCH-046,96689,GBP,SUCCESS,2026-09-16 10:53:02.020810
PAY-1DDB0863-F2B4,CUST-01130,MERCH-019,138609,GBP,SUCCESS,2026-09-13 14:42:40.020810
PAY-23DECCC5-2DF3,CUST-00548,MERCH-021,132475,USD,SUCCESS,2026-09-28 00:59:23.020810
PAY-2DB7AC37-025D,CUST-00214,MERCH-004,108197,USD,SUCCESS,2026-09-18 14:03:01.020810
PAY-1C43A9EB-F0EC,CUST-01445,MERCH-040,73843,NGN,FAILED,2026-09-25 08:39:49.020810
PAY-3AE35136-2619,CUST-00161,MERCH-014,137075,USD,SUCCESS,2026-09-08 09:57:38.020810
PAY-BBDBF97A-240D,CUST-00473,MERCH-020,55751,NGN,SUCCESS,2026-09-28 14:26:33.020810
PAY-6C910459-2664,CUST-00252,MERCH-024,9902,USD,SUCCESS,2026-09-08 15:35:15.020810
PAY-B1463249-E165,CUST-00482,MERCH-045,119451,NGN,SUCCESS,2026-09-23 03:09:04.020810
PAY-E3D49FDA-B567,CUST-00234,MERCH-002,9348,USD,PENDING,2026-09-25 23:27:36.020810
PAY-AE31FA7A-F7B7,CUST-00554,MERCH-018,101209,USD,SUCCESS,2026-09-30 07:32:25.020810
PAY-345FA6CB-F700,CUST-00616,MERCH-006,73662,USD,PENDING,2026-09-04 15:46:11.020810
PAY-190F3972-66C2,CUST-01249,MERCH-025,5441,USD,PENDING,2026-09-25 19:19:26.020810
PAY-26C63061-C760,CUST-00784,MERCH-025,12143,EUR,SUCCESS,2026-09-23 07:30:40.020810
PAY-0A09A12B-47DC,CUST-00460,MERCH-014,48846,NGN,SUCCESS,2026-09-20 04:08:19.020810
PAY-4C13C55E-34BD,CUST-01352,MERCH-028,14199,USD,SUCCESS,2026-09-27 14:35:20.020810
PAY-2BD4E935-F2C3,CUST-01353,MERCH-020,142463,USD,SUCCESS,2026-09-03 06:39:54.020810
PAY-5CE4D896-3CCE,CUST-00713,MERCH-002,88637,USD,SUCCESS,2026-10-01 07:25:24.020810
PAY-1FC3B39A-AD0B,CUST-00538,MERCH-049,57265,GBP,SUCCESS,2026-09-30 10:42:27.020810
PAY-E2E36A93-76EC,CUST-00057,MERCH-022,112579,NGN,SUCCESS,2026-09-22 19:55:33.020810
PAY-8CB666B0-D1B0,CUST-01494,MERCH-048,29128,USD,SUCCESS,2026-09-04 12:44:19.020810
PAY-0573597B-9408,CUST-01134,MERCH-025,140684,USD,SUCCESS,2026-09-15 17:03:27.020810
PAY-BE7B1212-A648,CUST-00950,MERCH-028,149477,GBP,PENDING,2026-09-29 13:19:16.020810
PAY-5375BF76-C6D5,CUST-01063,MERCH-017,100453,NGN,SUCCESS,2026-09-09 15:34:26.020810
PAY-0FD2569B-AB47,CUST-00958,MERCH-048,35069,GBP,SUCCESS,2026-09-13 07:44:43.020810
PAY-881A8398-0766,CUST-00032,MERCH-018,22922,USD,PENDING,2026-09-15 01:52:53.020810
PAY-524D755E-302D,CUST-00512,MERCH-050,78048,EUR,SUCCESS,2026-09-28 02:36:14.020810
PAY-E367221D-155A,CUST-00692,MERCH-037,10620,USD,SUCCESS,2026-09-20 21:56:04.020810
PAY-ECAEC299-AA07,CUST-01261,MERCH-018,70950,EUR,SUCCESS,2026-09-19 07:35:45.020810
PAY-76CA42A4-31AF,CUST-01351,MERCH-017,3734,NGN,SUCCESS,2026-10-01 06:33:40.020810
PAY-51C01E8D-B59A,CUST-00255,MERCH-020,84645,USD,SUCCESS,2026-09-29 08:28:21.020810
PAY-838EC0E7-CBAD,CUST-00542,MERCH-012,121800,USD,SUCCESS,2026-09-23 07:15:55.020810
PAY-835B23C8-6A72,CUST-00036,MERCH-029,122774,EUR,PENDING,2026-09-02 04:31:33.020810
PAY-DA02688C-BD00,CUST-00076,MERCH-023,146411,NGN,FAILED,2026-09-25 01:40:24.020810
PAY-D422068F-D74E,CUST-00447,MERCH-027,21352,GBP,SUCCESS,2026-09-04 14:26:49.020810
PAY-ADDF15DD-A5A3,CUST-00567,MERCH-040,82820,GBP,SUCCESS,2026-09-28 12:40:27.020810
PAY-8440C3EE-F8A6,CUST-00132,MERCH-029,68134,USD,SUCCESS,2026-09-10 11:40:39.020810
PAY-510646DB-A954,CUST-00566,MERCH-017,33850,USD,SUCCESS,2026-09-25 18:49:29.020810
PAY-FA6908AD-A2A3,CUST-00466,MERCH-041,39009,NGN,SUCCESS,2026-09-10 05:29:33.020810
PAY-F4AF3986-42DB,CUST-01266,MERCH-042,61493,USD,SUCCESS,2026-09-04 03:57:19.020810
PAY-43F14BB5-BB2A,CUST-00235,MERCH-042,48801,USD,SUCCESS,2026-09-03 15:02:55.020810
PAY-B89ACA19-E634,CUST-01402,MERCH-033,83687,USD,SUCCESS,2026-09-23 03:11:16.020810
PAY-5DF7FAC0-A1BD,CUST-00086,MERCH-036,16441,USD,FAILED,2026-09-12 19:46:28.020810
PAY-DED52AFB-0C18,CUST-01464,MERCH-017,4725,EUR,SUCCESS,2026-09-14 06:08:09.020810
PAY-41C95DA3-FD5A,CUST-01390,MERCH-023,12226,USD,SUCCESS,2026-09-27 23:51:02.020810
PAY-1391B128-5D60,CUST-01230,MERCH-016,29116,GBP,SUCCESS,2026-09-18 17:39:19.020810
PAY-12B04096-5422,CUST-00159,MERCH-033,30170,USD,FAILED,2026-09-23 07:16:12.020810
PAY-9C2630E3-7530,CUST-01047,MERCH-005,53988,USD,SUCCESS,2026-09-13 06:17:27.020810
PAY-96D6955B-DA9B,CUST-00668,MERCH-037,109543,USD,PENDING,2026-09-19 18:51:21.020810
PAY-A1BBD943-E4C0,CUST-00147,MERCH-042,74708,GBP,FAILED,2026-09-22 11:04:14.020810
PAY-242BDF48-2696,CUST-00294,MERCH-002,94947,USD,SUCCESS,2026-09-17 14:38:17.020810
PAY-296C4ED6-64AB,CUST-00687,MERCH-027,123887,NGN,PENDING,2026-09-19 22:45:58.020810
PAY-9EBA1063-F89A,CUST-00603,MERCH-040,42525,USD,FAILED,2026-09-03 06:29:30.020810
PAY-65B3C852-B9D4,CUST-00755,MERCH-003,39838,USD,SUCCESS,2026-09-15 21:04:55.020810
PAY-5ABC2EED-BCBD,CUST-01211,MERCH-002,55938,EUR,SUCCESS,2026-09-06 21:57:36.020810
PAY-520F4810-02BC,CUST-00642,MERCH-033,90691,NGN,SUCCESS,2026-09-26 10:15:57.020810
PAY-CE0E8BDA-BD70,CUST-00441,MERCH-025,9045,USD,PENDING,2026-09-30 01:04:10.020810
PAY-5499571E-DB4F,CUST-01346,MERCH-047,100400,NGN,SUCCESS,2026-09-09 01:02:25.020810
PAY-8C86DE11-C60A,CUST-01330,MERCH-006,59372,USD,SUCCESS,2026-09-05 12:15:54.020810
PAY-18B2FCD8-696B,CUST-01158,MERCH-033,144215,USD,PENDING,2026-09-29 15:27:39.020810
PAY-6708ED90-786A,CUST-00857,MERCH-035,138848,NGN,SUCCESS,2026-09-07 15:26:54.020810
PAY-A4880E4B-AFA1,CUST-00106,MERCH-039,137980,USD,SUCCESS,2026-09-24 16:29:39.020810
PAY-D801F225-44EB,CUST-01066,MERCH-029,71064,NGN,SUCCESS,2026-09-17 03:27:07.020810
PAY-0DE6DDA8-08F8,CUST-00400,MERCH-037,64470,USD,SUCCESS,2026-09-15 23:38:11.020810
PAY-53166311-D87A,CUST-00674,MERCH-016,61026,USD,SUCCESS,2026-09-19 07:54:38.020810
PAY-32C39C93-FB50,CUST-00934,MERCH-021,63688,USD,PENDING,2026-09-07 08:39:40.020810
PAY-0B06E817-8BDE,CUST-00912,MERCH-047,95364,NGN,FAILED,2026-09-21 15:47:20.020810
PAY-03B9EFA6-76E4,CUST-00164,MERCH-023,133051,USD,SUCCESS,2026-09-28 23:10:14.020810
PAY-27278E75-5D06,CUST-00157,MERCH-024,60884,EUR,SUCCESS,2026-09-25 06:16:18.020810
PAY-FAA7FECC-71C9,CUST-00920,MERCH-027,149749,NGN,SUCCESS,2026-09-12 21:53:04.020810
PAY-CA48C69F-FEBF,CUST-00257,MERCH-035,107354,USD,PENDING,2026-09-13 15:34:16.020810
PAY-14DCE3EA-C5F4,CUST-01381,MERCH-038,68730,NGN,SUCCESS,2026-09-08 11:08:08.020810
PAY-890DEC27-E8EC,CUST-00588,MERCH-022,31423,USD,SUCCESS,2026-09-16 23:50:45.020810
PAY-0787677E-AEAD,CUST-00167,MERCH-027,132889,USD,SUCCESS,2026-09-22 04:43:03.020810
PAY-B2DFD12A-93F3,CUST-00304,MERCH-037,52431,USD,PENDING,2026-09-25 17:58:33.020810
PAY-FD366F1B-3FEE,CUST-00369,MERCH-030,44218,USD,SUCCESS,2026-09-02 12:15:50.020810
PAY-D22108EB-5964,CUST-00248,MERCH-027,145879,EUR,SUCCESS,2026-09-14 13:02:46.020810
PAY-37AAF2B1-F9E1,CUST-01457,MERCH-031,33634,GBP,SUCCESS,2026-09-06 15:51:32.020810
PAY-CA2E616D-D30A,CUST-00070,MERCH-028,44261,USD,SUCCESS,2026-09-02 22:04:22.020810
PAY-346EBBF2-9575,CUST-00150,MERCH-009,139255,GBP,SUCCESS,2026-09-26 18:05:21.020810
PAY-48EDD6F7-C284,CUST-00795,MERCH-028,33911,GBP,SUCCESS,2026-09-18 23:03:33.020810
PAY-3DE02676-4E97,CUST-00824,MERCH-045,63790,USD,SUCCESS,2026-09-28 19:04:25.020810
PAY-984C5C4F-F988,CUST-01459,MERCH-019,88792,NGN,PENDING,2026-09-07 12:52:13.020810
PAY-A6E6D752-617C,CUST-00690,MERCH-038,28751,USD,SUCCESS,2026-10-01 07:26:40.020810
PAY-E944D706-6CCC,CUST-01480,MERCH-003,93550,USD,SUCCESS,2026-09-05 08:07:07.020810
PAY-6A0C8465-0D74,CUST-00920,MERCH-027,114713,USD,PENDING,2026-09-23 14:11:30.020810
PAY-83B01116-76C5,CUST-00593,MERCH-049,35786,NGN,SUCCESS,2026-09-24 22:03:34.020810
PAY-5B2BB819-D6F4,CUST-00376,MERCH-047,134029,USD,PENDING,2026-09-30 09:04:33.020810
PAY-9C46CA07-BC65,CUST-00172,MERCH-010,97460,GBP,SUCCESS,2026-09-02 03:15:34.020810
PAY-E332C694-1FB0,CUST-01381,MERCH-042,99950,USD,SUCCESS,2026-09-23 18:35:17.020810
PAY-87310D6F-2AFB,CUST-00657,MERCH-029,133844,USD,SUCCESS,2026-09-10 08:05:13.020810
PAY-AEA85AED-0A3D,CUST-01480,MERCH-038,25901,USD,SUCCESS,2026-09-15 07:35:54.020810
PAY-56506A30-22E0,CUST-00476,MERCH-020,89921,USD,SUCCESS,2026-09-25 16:55:09.020810
PAY-37834719-BCDE,CUST-00099,MERCH-037,138176,USD,FAILED,2026-09-26 21:19:44.020810
PAY-800B01F6-9BAB,CUST-01188,MERCH-033,75278,GBP,SUCCESS,2026-09-22 11:19:12.020810
PAY-20A49D48-6027,CUST-00662,MERCH-025,47270,USD,PENDING,2026-09-17 05:21:41.020810
PAY-BD7BC0A7-5536,CUST-00294,MERCH-003,113362,USD,SUCCESS,2026-09-11 23:39:05.020810
PAY-1DF14FFC-4D1F,CUST-01064,MERCH-018,82909,USD,SUCCESS,2026-09-29 16:16:29.020810
PAY-5DA3EC0F-BCA4,CUST-00204,MERCH-023,43909,USD,PENDING,2026-09-15 13:59:46.020810
PAY-3215641A-1A02,CUST-00243,MERCH-019,128068,EUR,SUCCESS,2026-09-15 01:14:50.020810
PAY-E3E67B5A-FD85,CUST-00899,MERCH-015,76122,NGN,SUCCESS,2026-09-09 23:27:49.020810
PAY-761F0DCA-06D3,CUST-00532,MERCH-039,61232,USD,SUCCESS,2026-09-06 21:49:44.020810
PAY-DCDC48F2-DBBC,CUST-01365,MERCH-018,25659,EUR,SUCCESS,2026-09-08 14:28:16.020810
PAY-ACB42828-7B10,CUST-00424,MERCH-036,44763,USD,SUCCESS,2026-09-26 10:52:01.020810
PAY-C7149DC3-C4F5,CUST-00057,MERCH-039,142013,EUR,SUCCESS,2026-09-03 16:29:49.020810
PAY-28DF5B48-C47D,CUST-01102,MERCH-013,128522,USD,SUCCESS,2026-09-02 01:57:22.020810
PAY-0DB0126F-EE42,CUST-00053,MERCH-024,74382,USD,SUCCESS,2026-09-11 14:52:01.020810
PAY-4C731A54-52C5,CUST-01170,MERCH-028,137049,NGN,SUCCESS,2026-09-23 08:26:56.020810
PAY-6C7BF53B-5F6B,CUST-00259,MERCH-030,29234,USD,FAILED,2026-09-16 01:49:21.020810
PAY-EFFF627F-7346,CUST-01467,MERCH-046,116998,USD,SUCCESS,2026-09-07 13:55:54.020810
PAY-AE44F13B-D036,CUST-00886,MERCH-032,23270,GBP,PENDING,2026-09-14 12:40:26.020810
PAY-E5DB228D-E68D,CUST-00281,MERCH-018,93225,EUR,SUCCESS,2026-09-07 09:52:46.020810
PAY-31C6E898-EAB2,CUST-00162,MERCH-048,19990,USD,FAILED,2026-09-12 13:21:15.020810
PAY-39BB9F0E-0F13,CUST-00670,MERCH-011,88406,USD,SUCCESS,2026-09-26 08:57:31.020810
PAY-EA316216-CA7A,CUST-00566,MERCH-030,19921,GBP,SUCCESS,2026-09-26 15:41:51.020810
PAY-41185332-FA5F,CUST-01448,MERCH-045,10555,GBP,SUCCESS,2026-09-17 00:58:15.020810
PAY-3012D3FC-7C75,CUST-00888,MERCH-007,83737,USD,SUCCESS,2026-09-27 01:32:44.020810
PAY-B034A36C-29BB,CUST-00390,MERCH-036,2589,GBP,SUCCESS,2026-09-03 11:42:35.020810
PAY-0254D172-13C6,CUST-00504,MERCH-009,99120,USD,SUCCESS,2026-09-30 05:19:49.020810
PAY-349838C8-3E21,CUST-00451,MERCH-044,70043,EUR,PENDING,2026-09-11 06:10:21.020810
PAY-E9D25C56-FC46,CUST-00963,MERCH-010,49548,USD,SUCCESS,2026-09-25 06:40:57.020810
PAY-6D4AB4BA-6C9A,CUST-01018,MERCH-019,52554,NGN,SUCCESS,2026-09-08 03:44:22.020810
PAY-F5989BF5-8A8E,CUST-01301,MERCH-006,56648,USD,SUCCESS,2026-09-26 19:43:52.020810
PAY-C0142C08-2951,CUST-00007,MERCH-028,129131,GBP,SUCCESS,2026-09-05 00:33:21.020810
PAY-F4696D26-D3ED,CUST-01143,MERCH-040,47191,EUR,SUCCESS,2026-09-11 21:09:56.020810
PAY-28EFDD06-DD22,CUST-00080,MERCH-027,100190,USD,SUCCESS,2026-09-14 12:41:38.020810
PAY-85500F3F-965C,CUST-01293,MERCH-038,91910,USD,SUCCESS,2026-09-13 03:39:16.020810
PAY-B90338F7-78ED,CUST-00992,MERCH-034,79169,USD,SUCCESS,2026-09-10 11:58:51.020810
PAY-9388E8E7-5BEC,CUST-00475,MERCH-019,129008,EUR,FAILED,2026-09-25 07:19:35.020810
PAY-45DB818D-D8BD,CUST-01291,MERCH-026,94118,GBP,SUCCESS,2026-09-30 18:43:38.020810
PAY-04E6F3EB-CE43,CUST-01113,MERCH-031,25805,USD,SUCCESS,2026-09-16 02:22:36.020810
PAY-B0A86335-543C,CUST-00449,MERCH-008,110494,NGN,FAILED,2026-09-15 16:53:10.020810
PAY-7E888D0B-F6A4,CUST-00916,MERCH-021,111875,GBP,SUCCESS,2026-09-13 18:25:42.020810
PAY-48F6BB73-D1FE,CUST-00238,MERCH-012,84099,USD,SUCCESS,2026-09-24 07:38:50.020810
PAY-47D7D278-E0F4,CUST-01353,MERCH-008,104856,USD,SUCCESS,2026-09-18 15:08:57.020810
PAY-DA562E77-38A4,CUST-01444,MERCH-009,128734,NGN,SUCCESS,2026-09-25 05:47:14.020810
PAY-9241CD60-7DCB,CUST-01231,MERCH-027,8092,USD,SUCCESS,2026-09-13 03:49:21.020810
PAY-9B071F2B-2C92,CUST-00596,MERCH-018,56888,NGN,SUCCESS,2026-09-26 09:27:23.020810
PAY-7A242753-15CA,CUST-00838,MERCH-004,85222,EUR,PENDING,2026-09-29 01:16:05.020810
PAY-C1C419D1-43F2,CUST-00536,MERCH-044,108301,USD,SUCCESS,2026-09-17 04:14:34.020810
PAY-5D2DD97C-14C6,CUST-00802,MERCH-029,105011,USD,SUCCESS,2026-09-22 09:35:02.020810
PAY-F4693C7D-C887,CUST-00534,MERCH-004,127772,GBP,FAILED,2026-09-14 18:48:11.020810
PAY-CB1F444E-2F83,CUST-01492,MERCH-015,12461,USD,SUCCESS,2026-09-18 06:08:05.020810
PAY-7CB6089A-2B3C,CUST-00632,MERCH-029,58515,USD,SUCCESS,2026-09-21 15:39:21.020810
PAY-FAB81D7E-6733,CUST-01173,MERCH-011,54554,USD,SUCCESS,2026-09-27 18:41:28.020810
PAY-B0FB6CC3-47F5,CUST-01281,MERCH-008,86924,USD,FAILED,2026-10-01 12:44:30.020810
PAY-4C518AFB-2AF6,CUST-00265,MERCH-039,5721,USD,SUCCESS,2026-09-27 23:03:55.020810
PAY-5A25C0A2-DAC5,CUST-01480,MERCH-002,24159,USD,PENDING,2026-09-20 03:58:37.020810
PAY-B4B1B235-606C,CUST-01444,MERCH-022,145437,USD,SUCCESS,2026-09-18 21:07:00.020810
PAY-B47D8EC0-7986,CUST-00130,MERCH-042,136460,USD,FAILED,2026-09-04 03:31:50.020810
PAY-B02529FD-B170,CUST-00432,MERCH-024,52519,USD,FAILED,2026-09-27 18:03:42.020810
PAY-5E693208-E662,CUST-00322,MERCH-035,60618,NGN,FAILED,2026-09-20 23:00:44.020810
PAY-6D3ABA22-E2E3,CUST-00595,MERCH-011,87401,EUR,SUCCESS,2026-09-19 21:47:33.020810
PAY-D188F3D7-FDFB,CUST-00847,MERCH-014,65696,USD,PENDING,2026-09-28 14:25:32.020810
PAY-AC8E3005-7A6C,CUST-00028,MERCH-003,138533,USD,SUCCESS,2026-09-02 17:31:32.020810
PAY-BDF05B7D-8782,CUST-00210,MERCH-033,127613,EUR,SUCCESS,2026-09-21 01:49:17.020810
PAY-E778A269-ACD9,CUST-00087,MERCH-011,79527,USD,SUCCESS,2026-09-15 12:00:51.020810
PAY-4BAEFEF7-DB8B,CUST-00050,MERCH-015,9354,USD,FAILED,2026-09-13 18:19:35.020810
PAY-1168442B-24E7,CUST-00558,MERCH-048,99552,USD,SUCCESS,2026-09-07 18:14:42.020810
PAY-7A24E710-2700,CUST-01343,MERCH-026,71278,USD,SUCCESS,2026-09-08 03:02:31.020810
PAY-102F3B16-4381,CUST-00174,MERCH-005,132754,GBP,SUCCESS,2026-09-05 08:16:45.020810
PAY-8A996E70-50D8,CUST-01479,MERCH-046,5783,EUR,SUCCESS,2026-09-21 22:08:37.020810
PAY-259508B6-F4C4,CUST-00031,MERCH-048,40305,NGN,SUCCESS,2026-09-28 01:18:52.020810
PAY-82384118-CE77,CUST-00196,MERCH-048,103030,EUR,SUCCESS,2026-09-30 07:29:18.020810
PAY-F9128CA0-6482,CUST-00398,MERCH-039,85363,USD,SUCCESS,2026-09-16 21:55:05.020810
PAY-5D6468F4-2A86,CUST-00871,MERCH-033,79707,GBP,SUCCESS,2026-09-02 21:29:27.020810
PAY-EF382D21-8824,CUST-00562,MERCH-030,26630,NGN,SUCCESS,2026-09-11 14:18:52.020810
PAY-818598EF-BF6C,CUST-00542,MERCH-042,124074,USD,SUCCESS,2026-09-29 17:30:49.020810
PAY-E47CF3C3-6AC6,CUST-00772,MERCH-019,24895,GBP,SUCCESS,2026-09-22 14:38:05.020810
PAY-6567656A-17CD,CUST-00456,MERCH-027,73522,GBP,PENDING,2026-09-28 23:47:55.020810
PAY-B27AE483-7F94,CUST-00990,MERCH-019,133300,NGN,SUCCESS,2026-09-27 15:25:06.020810
PAY-EA8F74CB-3FBD,CUST-00501,MERCH-025,130794,EUR,FAILED,2026-09-02 14:14:41.020810
PAY-079106E1-0A03,CUST-01491,MERCH-026,143783,USD,SUCCESS,2026-09-19 20:27:42.020810
PAY-A68423DF-847B,CUST-01464,MERCH-007,59236,USD,SUCCESS,2026-09-23 17:07:26.020810
PAY-7864495A-2E55,CUST-01184,MERCH-002,61347,USD,SUCCESS,2026-09-21 01:08:07.020810
PAY-093F982E-DA8A,CUST-00916,MERCH-024,148127,USD,SUCCESS,2026-09-24 21:42:37.020810
PAY-ED4F5D9B-91F6,CUST-00224,MERCH-042,87645,EUR,SUCCESS,2026-09-16 20:04:39.020810
PAY-3D00772B-B411,CUST-00295,MERCH-041,25505,USD,SUCCESS,2026-09-05 19:37:55.020810
PAY-DF3940BA-5E50,CUST-01149,MERCH-011,128901,USD,SUCCESS,2026-09-11 20:09:27.020810
PAY-5C4D6C0E-41E2,CUST-01216,MERCH-016,37548,USD,FAILED,2026-09-05 19:55:42.020810
PAY-7782C86D-4F96,CUST-00826,MERCH-040,137707,USD,FAILED,2026-09-24 17:52:31.020810
PAY-D3A43C75-1982,CUST-01481,MERCH-037,15948,USD,SUCCESS,2026-09-13 00:59:28.020810
PAY-6C03F6D4-F22C,CUST-01011,MERCH-017,82146,EUR,SUCCESS,2026-09-21 18:02:27.020810
PAY-CF500D5D-EB42,CUST-00692,MERCH-010,84764,EUR,SUCCESS,2026-09-03 12:43:39.020810
PAY-298A5789-FEF4,CUST-01412,MERCH-037,107070,USD,SUCCESS,2026-09-30 19:45:43.020810
PAY-280CC9A9-8654,CUST-00012,MERCH-018,147932,USD,PENDING,2026-09-11 21:57:16.020810
PAY-745FA078-1681,CUST-01001,MERCH-035,82555,EUR,SUCCESS,2026-09-26 00:31:05.020810
PAY-A39E26AB-5852,CUST-01336,MERCH-016,121445,USD,SUCCESS,2026-09-17 09:09:33.020810
PAY-AB4A1E80-C7E6,CUST-01452,MERCH-031,145939,GBP,SUCCESS,2026-09-26 17:32:47.020810
PAY-1A571A3F-2428,CUST-00167,MERCH-007,20817,USD,PENDING,2026-09-22 10:10:10.020810
PAY-2AA8B5E2-2A63,CUST-00770,MERCH-009,42991,USD,SUCCESS,2026-09-02 10:03:52.020810
PAY-B119CC7A-5303,CUST-01065,MERCH-048,44067,NGN,SUCCESS,2026-09-07 15:43:21.020810
PAY-691C9A7E-1C5C,CUST-00405,MERCH-029,10739,USD,SUCCESS,2026-09-07 06:37:10.020810
PAY-BCE100FE-43DA,CUST-00869,MERCH-032,138017,USD,SUCCESS,2026-09-10 01:05:47.020810
PAY-8CC8BBA7-7A82,CUST-00998,MERCH-009,110114,GBP,SUCCESS,2026-09-28 07:35:28.020810
PAY-8CB433F5-DB93,CUST-00818,MERCH-001,31323,EUR,PENDING,2026-09-16 03:55:51.020810
PAY-43004A0B-47B5,CUST-00892,MERCH-019,137465,USD,SUCCESS,2026-09-14 22:03:14.020810
PAY-01369635-D37E,CUST-00661,MERCH-040,148299,USD,PENDING,2026-09-19 19:10:23.020810
PAY-BEF060E0-3CEA,CUST-01332,MERCH-011,76573,GBP,SUCCESS,2026-09-08 15:04:14.020810
PAY-621B26F1-7BFC,CUST-01072,MERCH-044,97821,EUR,SUCCESS,2026-09-11 16:24:22.020810
PAY-07C87963-0D81,CUST-01064,MERCH-039,124260,NGN,SUCCESS,2026-09-13 22:54:21.020810
PAY-A9BC9C38-3D48,CUST-00948,MERCH-014,35978,USD,PENDING,2026-09-17 18:52:30.020810
PAY-7A677CBC-749C,CUST-00337,MERCH-034,3074,USD,SUCCESS,2026-09-24 18:17:23.020810
PAY-FAE56444-9198,CUST-00651,MERCH-027,39913,USD,SUCCESS,2026-09-10 11:00:14.020810
PAY-CF823962-9D34,CUST-00964,MERCH-005,82247,USD,PENDING,2026-09-02 00:43:05.020810
PAY-C92ED2CD-917F,CUST-01437,MERCH-013,25101,USD,SUCCESS,2026-09-11 10:21:16.020810
PAY-530F35E9-F722,CUST-01102,MERCH-030,25328,EUR,SUCCESS,2026-09-17 19:52:28.020810
PAY-95A39D2C-1FF1,CUST-00126,MERCH-040,41513,USD,FAILED,2026-09-24 12:15:32.020810
PAY-86C876DB-E125,CUST-00137,MERCH-023,59752,GBP,SUCCESS,2026-09-28 21:39:17.020810
PAY-7080E055-E114,CUST-00707,MERCH-041,50999,EUR,SUCCESS,2026-09-02 10:39:10.020810
PAY-AB53B48F-B656,CUST-00563,MERCH-019,80650,NGN,SUCCESS,2026-09-22 10:42:35.020810
PAY-6D7CAAD9-05BB,CUST-00753,MERCH-040,67281,GBP,SUCCESS,2026-09-21 08:01:57.020810
PAY-416E1274-A98F,CUST-01150,MERCH-035,20809,NGN,FAILED,2026-09-11 14:13:23.020810
PAY-FB71FA4E-D206,CUST-01214,MERCH-010,57238,GBP,SUCCESS,2026-09-06 18:10:00.020810
PAY-F1F70920-40CE,CUST-00574,MERCH-012,148260,USD,SUCCESS,2026-09-14 12:32:07.020810
PAY-C19D77AA-0BCC,CUST-00210,MERCH-009,100887,GBP,SUCCESS,2026-09-27 02:44:06.020810
PAY-53785133-3771,CUST-00677,MERCH-037,73176,NGN,PENDING,2026-09-30 12:07:07.020810
PAY-17204BB0-C789,CUST-01262,MERCH-043,55368,USD,FAILED,2026-09-24 17:44:59.020810
PAY-45EA08AB-AE0F,CUST-00345,MERCH-001,57239,USD,SUCCESS,2026-09-13 00:17:36.020810
PAY-7BA5134C-A885,CUST-00188,MERCH-040,38073,USD,SUCCESS,2026-09-08 20:51:57.020810
PAY-B85DBDCC-253E,CUST-00338,MERCH-031,85261,EUR,SUCCESS,2026-09-01 18:28:42.020810
PAY-6E3C8F45-328D,CUST-00160,MERCH-004,134640,EUR,SUCCESS,2026-09-08 09:46:41.020810
PAY-0AB02475-63CE,CUST-00901,MERCH-028,86244,EUR,SUCCESS,2026-09-24 15:44:54.020810
PAY-CBE7D4E4-C7A9,CUST-00620,MERCH-033,63617,GBP,SUCCESS,2026-09-07 10:51:04.020810
PAY-C4C7DA73-E7CC,CUST-01148,MERCH-026,101564,USD,SUCCESS,2026-09-20 01:47:17.020810
PAY-9E500BDE-3CF3,CUST-01447,MERCH-031,82226,USD,PENDING,2026-09-18 23:47:09.020810
PAY-A3A791B0-EC23,CUST-01070,MERCH-021,20999,USD,FAILED,2026-09-27 12:29:03.020810
PAY-DB922A73-1277,CUST-01240,MERCH-014,73307,USD,SUCCESS,2026-09-09 19:43:49.020810
PAY-7CDFD0F3-F0DD,CUST-01457,MERCH-010,147428,NGN,FAILED,2026-09-22 23:36:58.020810
PAY-A8663562-D929,CUST-00905,MERCH-032,32020,USD,SUCCESS,2026-09-13 22:05:23.020810
PAY-41C95313-F8D4,CUST-01143,MERCH-028,47164,USD,SUCCESS,2026-09-18 15:51:01.020810
PAY-A4205688-DB55,CUST-00052,MERCH-024,91199,GBP,FAILED,2026-09-24 09:12:30.020810
PAY-CA866759-B06F,CUST-01492,MERCH-028,147246,USD,PENDING,2026-09-12 03:15:45.020810
PAY-0999B9F9-ADB6,CUST-00392,MERCH-025,47425,USD,SUCCESS,2026-09-19 22:10:20.020810
PAY-13A832FB-6BC1,CUST-00022,MERCH-013,95131,USD,SUCCESS,2026-09-23 05:15:07.020810
PAY-4464FC6A-15C5,CUST-01078,MERCH-013,81867,USD,SUCCESS,2026-09-02 00:43:56.020810
PAY-AE2637DB-A42E,CUST-00673,MERCH-007,67021,USD,SUCCESS,2026-09-19 15:57:09.020810
PAY-D964A89B-C299,CUST-01030,MERCH-001,72072,GBP,SUCCESS,2026-10-01 05:08:03.020810
PAY-3E56F780-36C8,CUST-00069,MERCH-042,125997,USD,FAILED,2026-09-15 02:31:56.020810
PAY-0B85322A-D1EB,CUST-00816,MERCH-003,72373,NGN,PENDING,2026-09-14 01:00:05.020810
PAY-FC73E5F8-A2EF,CUST-01281,MERCH-004,8476,USD,SUCCESS,2026-09-29 12:49:47.020810
PAY-C5B13A0C-6FEF,CUST-01471,MERCH-031,119639,USD,SUCCESS,2026-10-01 06:02:00.020810
PAY-34372C97-C17D,CUST-01005,MERCH-012,143522,NGN,SUCCESS,2026-09-24 17:47:53.020810
PAY-AEA3C0FD-53CD,CUST-00213,MERCH-003,8059,USD,SUCCESS,2026-09-19 16:43:44.020810
PAY-0D30B788-8FF4,CUST-01256,MERCH-046,46875,USD,FAILED,2026-09-09 04:40:19.020810
PAY-A3209301-D392,CUST-00270,MERCH-006,31807,USD,SUCCESS,2026-09-22 03:01:41.020810
PAY-28B82471-D827,CUST-00115,MERCH-029,82875,USD,SUCCESS,2026-09-04 18:48:18.020810
PAY-06C8ACBF-EC4D,CUST-00200,MERCH-035,51403,USD,SUCCESS,2026-09-15 05:28:34.020810
PAY-60AF869E-F23B,CUST-01342,MERCH-040,87706,USD,FAILED,2026-09-02 13:37:04.020810
PAY-13988187-0E3D,CUST-01377,MERCH-021,96511,NGN,PENDING,2026-09-09 23:20:20.020810
PAY-25B08451-646F,CUST-01058,MERCH-001,109651,NGN,SUCCESS,2026-09-21 07:55:17.020810
PAY-D099D617-AD1F,CUST-01368,MERCH-043,17527,USD,SUCCESS,2026-09-04 17:49:27.020810
PAY-0809388D-32E4,CUST-00396,MERCH-049,39169,GBP,PENDING,2026-09-26 02:30:38.020810
PAY-79E53A65-DC33,CUST-01493,MERCH-018,45742,GBP,SUCCESS,2026-09-05 20:01:17.020810
PAY-DE2A4651-68CE,CUST-00909,MERCH-003,52583,NGN,SUCCESS,2026-09-15 03:12:04.020810
PAY-E0C976CA-B63D,CUST-01411,MERCH-033,45842,USD,SUCCESS,2026-09-21 15:00:12.020810
PAY-DC62460C-2479,CUST-01302,MERCH-048,82069,USD,SUCCESS,2026-09-01 21:56:51.020810
PAY-18660144-34E0,CUST-00561,MERCH-036,31358,USD,SUCCESS,2026-09-18 18:46:05.020810
PAY-F2966A80-5A08,CUST-00700,MERCH-030,23069,EUR,PENDING,2026-09-29 08:09:38.020810
PAY-A65B6BE4-3601,CUST-01160,MERCH-030,30977,EUR,SUCCESS,2026-09-06 00:54:25.020810
PAY-7F035AAE-A529,CUST-00186,MERCH-012,49169,GBP,PENDING,2026-09-05 22:52:28.020810
PAY-58A4FB63-A483,CUST-00651,MERCH-038,44890,USD,SUCCESS,2026-09-02 17:37:03.020810
PAY-E82A3495-2A41,CUST-00022,MERCH-014,121177,USD,SUCCESS,2026-09-19 22:32:57.020810
PAY-9399BB00-1171,CUST-00167,MERCH-047,81183,EUR,PENDING,2026-09-13 17:39:16.020810
PAY-4725FEBD-B5F9,CUST-01395,MERCH-042,35295,USD,FAILED,2026-09-11 00:49:20.020810
PAY-4D78060B-9323,CUST-00636,MERCH-004,75755,GBP,PENDING,2026-09-20 04:07:10.020810
PAY-37D355D9-76ED,CUST-00365,MERCH-018,148621,USD,PENDING,2026-09-08 13:47:56.020810
PAY-D8D45D43-CA04,CUST-00647,MERCH-027,49847,USD,SUCCESS,2026-09-12 17:27:13.020810
PAY-4603DFC7-142E,CUST-00559,MERCH-013,77814,USD,SUCCESS,2026-09-10 08:32:28.020810
PAY-18EA8CDF-17D9,CUST-00532,MERCH-045,69848,EUR,SUCCESS,2026-09-23 02:21:36.020810
PAY-BD7716B1-8B4D,CUST-00190,MERCH-032,95819,USD,SUCCESS,2026-09-18 23:58:27.020810
PAY-5E9D64C6-96ED,CUST-00715,MERCH-050,118379,EUR,SUCCESS,2026-09-27 03:34:47.020810
PAY-82D75FA0-A562,CUST-01293,MERCH-044,10128,GBP,SUCCESS,2026-09-10 00:48:29.020810
PAY-9563684E-4E1C,CUST-01199,MERCH-025,141520,USD,SUCCESS,2026-09-09 07:35:57.020810
PAY-E5425EB4-08F4,CUST-01165,MERCH-014,91443,USD,SUCCESS,2026-09-22 19:40:00.020810
PAY-894BF1D0-5DED,CUST-01324,MERCH-044,54880,USD,PENDING,2026-09-15 18:32:16.020810
PAY-0F27CB34-B895,CUST-00701,MERCH-045,145101,EUR,SUCCESS,2026-09-26 05:07:11.020810
PAY-89B44AD2-A738,CUST-00551,MERCH-006,55739,USD,PENDING,2026-09-26 16:11:47.020810
PAY-E9537C97-CD37,CUST-00529,MERCH-014,68879,USD,SUCCESS,2026-09-24 11:05:13.020810
PAY-E408BFEF-3C4C,CUST-00065,MERCH-008,49370,GBP,SUCCESS,2026-09-26 20:34:27.020810
PAY-5593E80A-5707,CUST-00974,MERCH-009,85170,USD,SUCCESS,2026-09-24 10:34:22.020810
PAY-D898598B-AEF7,CUST-00763,MERCH-037,9373,USD,SUCCESS,2026-09-20 02:29:17.020810
PAY-091A11AF-4445,CUST-00661,MERCH-045,94579,USD,SUCCESS,2026-09-06 20:04:25.020810
PAY-7E2BE32D-8032,CUST-00017,MERCH-011,125148,USD,SUCCESS,2026-09-22 05:09:59.020810
PAY-1215F091-29F8,CUST-00686,MERCH-022,49550,NGN,FAILED,2026-09-06 14:56:28.020810
PAY-F70A8CD4-3154,CUST-00734,MERCH-020,122879,EUR,SUCCESS,2026-09-09 15:48:11.020810
PAY-3F4E7373-C804,CUST-01120,MERCH-012,115583,USD,SUCCESS,2026-09-02 19:31:52.020810
PAY-46630D5A-34F6,CUST-01263,MERCH-030,114524,USD,PENDING,2026-09-30 13:45:19.020810
PAY-51C2BDB3-FC03,CUST-01497,MERCH-026,64355,USD,SUCCESS,2026-09-24 17:56:32.020810
PAY-24C110B1-BC62,CUST-00518,MERCH-047,89072,USD,SUCCESS,2026-09-19 21:01:03.020810
PAY-D4DC1A9D-AED6,CUST-00989,MERCH-044,79188,USD,SUCCESS,2026-09-21 05:34:05.020810
PAY-9903F459-F70C,CUST-00083,MERCH-015,28773,USD,PENDING,2026-09-26 08:50:34.020810
PAY-D3BD5A5F-25A2,CUST-00863,MERCH-028,105554,USD,PENDING,2026-09-14 20:01:08.020810
PAY-AA57F56D-B6C9,CUST-01215,MERCH-002,134771,GBP,SUCCESS,2026-09-09 17:17:41.020810
PAY-F87FA379-3087,CUST-00341,MERCH-020,137885,GBP,SUCCESS,2026-09-30 17:34:22.020810
PAY-F7CC956F-E07E,CUST-00407,MERCH-037,34550,NGN,SUCCESS,2026-09-08 12:46:38.020810
PAY-2DE7BACE-C857,CUST-01359,MERCH-022,24197,USD,SUCCESS,2026-09-04 08:52:20.020810
PAY-69C47A17-BA7D,CUST-00634,MERCH-050,91228,USD,PENDING,2026-09-08 15:00:17.020810
PAY-14034C44-4C46,CUST-00940,MERCH-026,121240,USD,SUCCESS,2026-09-09 18:49:41.020810
PAY-B736F18A-EC66,CUST-00002,MERCH-043,53035,USD,PENDING,2026-09-08 22:01:49.020810
PAY-BB685CF7-D66D,CUST-00353,MERCH-020,21569,USD,SUCCESS,2026-09-16 16:29:07.020810
PAY-6D7F2B89-824A,CUST-00379,MERCH-016,114938,USD,FAILED,2026-09-11 15:04:41.020810
PAY-549A2BC6-899A,CUST-00185,MERCH-047,40906,USD,SUCCESS,2026-09-13 15:19:29.020810
PAY-3AF04BB7-561F,CUST-01403,MERCH-036,1796,USD,FAILED,2026-09-19 22:13:58.020810
PAY-BE835A90-432C,CUST-00978,MERCH-011,26691,USD,SUCCESS,2026-09-18 11:48:33.020810
PAY-36DF08DD-CF57,CUST-00965,MERCH-036,56203,USD,PENDING,2026-09-20 21:17:21.020810
PAY-00FECD1B-D84C,CUST-00968,MERCH-043,121999,NGN,SUCCESS,2026-09-20 00:36:08.020810
PAY-BE29FF84-85F2,CUST-01447,MERCH-016,102100,USD,SUCCESS,2026-09-06 09:50:05.020810
PAY-41E1E433-A5EE,CUST-00264,MERCH-021,105327,USD,SUCCESS,2026-09-08 05:45:36.020810
PAY-9EFEB4BB-64ED,CUST-00670,MERCH-019,103745,EUR,SUCCESS,2026-09-22 08:52:36.020810
PAY-E14BFD00-6F1A,CUST-01094,MERCH-005,128507,NGN,SUCCESS,2026-09-18 14:19:13.020810
PAY-EAE35A28-774F,CUST-01372,MERCH-048,7550,EUR,SUCCESS,2026-09-30 05:25:48.020810
PAY-31698812-3F7D,CUST-00455,MERCH-039,62145,USD,SUCCESS,2026-09-10 09:45:44.020810
PAY-3210A7BB-E469,CUST-00756,MERCH-024,131953,USD,SUCCESS,2026-09-18 06:08:45.020810
PAY-99110357-43B3,CUST-00004,MERCH-040,104880,EUR,PENDING,2026-09-30 20:16:28.020810
PAY-9C652D68-F70E,CUST-00159,MERCH-042,36696,USD,SUCCESS,2026-09-12 22:14:45.020810
PAY-F3DB19F4-E20F,CUST-01024,MERCH-013,55873,USD,SUCCESS,2026-09-03 21:44:36.020810
PAY-5E088E0C-CF67,CUST-00619,MERCH-028,89520,USD,FAILED,2026-09-06 06:22:09.020810
PAY-A5F69983-0A2D,CUST-00787,MERCH-042,112097,NGN,PENDING,2026-09-10 11:45:40.020810
PAY-2CCAF5AC-F78B,CUST-00309,MERCH-019,101901,USD,PENDING,2026-09-16 20:38:21.020810
PAY-9B5C14BC-C413,CUST-01383,MERCH-031,68924,EUR,SUCCESS,2026-09-03 10:46:00.020810
PAY-8250B97A-ADC5,CUST-00864,MERCH-012,104889,USD,FAILED,2026-09-09 16:43:55.020810
PAY-A5640032-8DBE,CUST-01398,MERCH-034,122376,USD,SUCCESS,2026-09-06 22:11:29.020810
PAY-01491662-AF34,CUST-00170,MERCH-023,106530,USD,SUCCESS,2026-09-06 16:20:10.020810
PAY-9506DA5B-95DF,CUST-00026,MERCH-011,34248,USD,PENDING,2026-09-17 05:52:58.020810
PAY-F29EA4D8-6EB5,CUST-01177,MERCH-033,119694,EUR,SUCCESS,2026-09-20 09:34:18.020810
PAY-25BC801D-2128,CUST-00024,MERCH-032,111244,USD,SUCCESS,2026-09-21 06:12:33.020810
PAY-A8B179B6-13A7,CUST-00112,MERCH-020,68303,USD,SUCCESS,2026-09-22 09:19:47.020810
PAY-828F2F8E-BD0D,CUST-01299,MERCH-008,118535,USD,SUCCESS,2026-10-01 01:28:40.020810
PAY-6C0CECB9-DE9B,CUST-01029,MERCH-024,88334,USD,SUCCESS,2026-09-24 17:54:48.020810
PAY-AFA71CBB-6CE9,CUST-01096,MERCH-024,47381,USD,SUCCESS,2026-09-07 04:17:53.020810
PAY-63182283-E2BC,CUST-00869,MERCH-035,21473,NGN,SUCCESS,2026-09-20 08:58:04.020810
PAY-3F8D41AE-900F,CUST-00308,MERCH-001,68090,EUR,SUCCESS,2026-09-18 02:57:32.020810
PAY-69C871F1-B7DA,CUST-00405,MERCH-033,119772,USD,PENDING,2026-10-01 14:09:31.020810
PAY-B1079257-3C92,CUST-00891,MERCH-004,74349,USD,SUCCESS,2026-09-24 07:40:45.020810
PAY-4FBC50EC-D9A9,CUST-00082,MERCH-008,121151,EUR,SUCCESS,2026-09-25 12:38:28.020810
PAY-9DFBEF2C-2784,CUST-00752,MERCH-004,97308,GBP,SUCCESS,2026-09-30 20:27:31.020810
PAY-2F5A7246-6B22,CUST-00517,MERCH-028,78132,USD,SUCCESS,2026-09-18 03:21:44.020810
PAY-3A30F386-2809,CUST-00049,MERCH-035,47352,USD,PENDING,2026-09-14 17:32:34.020810
PAY-C3745DFE-20BD,CUST-00601,MERCH-023,5092,EUR,SUCCESS,2026-09-22 00:06:04.020810
PAY-0738D9DE-CCE8,CUST-00915,MERCH-021,9836,USD,SUCCESS,2026-09-16 05:01:01.020810
PAY-1E52AD9F-840C,CUST-01221,MERCH-008,10097,USD,SUCCESS,2026-09-19 02:24:38.020810
PAY-84236AAC-74DF,CUST-01089,MERCH-048,65676,USD,SUCCESS,2026-09-20 23:48:51.020810
PAY-C5278B21-9D37,CUST-00359,MERCH-006,25291,EUR,PENDING,2026-09-27 17:29:37.020810
PAY-85F081AA-5121,CUST-00259,MERCH-047,129855,USD,SUCCESS,2026-09-08 18:42:49.020810
PAY-CFACBD7D-D5B0,CUST-00883,MERCH-018,120570,USD,SUCCESS,2026-09-18 12:35:42.020810
PAY-3D715116-6100,CUST-01412,MERCH-040,137747,USD,FAILED,2026-09-13 14:35:19.020810
PAY-03F76214-85F9,CUST-01166,MERCH-030,20563,USD,SUCCESS,2026-09-03 17:32:27.020810
PAY-066C7D8E-0ACD,CUST-00669,MERCH-024,38969,USD,SUCCESS,2026-09-03 14:47:55.020810
PAY-98E5C3A5-0411,CUST-01248,MERCH-047,100616,USD,FAILED,2026-09-06 16:00:26.020810
PAY-80D1704D-C7DE,CUST-01050,MERCH-047,89045,USD,SUCCESS,2026-09-05 13:57:30.020810
PAY-0D4829EB-D19C,CUST-01305,MERCH-048,111263,USD,SUCCESS,2026-09-16 10:01:47.020810
PAY-B767B387-2462,CUST-00821,MERCH-002,67833,USD,SUCCESS,2026-09-10 16:29:06.020810
PAY-FB43C2A0-2B0C,CUST-01478,MERCH-042,114122,USD,SUCCESS,2026-09-05 14:33:45.020810
PAY-38679A0F-03EB,CUST-00239,MERCH-013,68913,EUR,SUCCESS,2026-09-29 11:19:54.020810
PAY-70DAE1B6-A9E0,CUST-00621,MERCH-040,141836,USD,SUCCESS,2026-09-26 17:05:25.020810
PAY-B2C1BA2B-3D44,CUST-00500,MERCH-045,98603,USD,SUCCESS,2026-09-04 03:04:59.020810
PAY-4856AD38-2501,CUST-01175,MERCH-031,115042,USD,PENDING,2026-09-12 04:55:40.020810
PAY-5995C4CC-4781,CUST-00563,MERCH-048,73075,USD,SUCCESS,2026-09-10 18:33:45.020810
PAY-998BB685-7188,CUST-01028,MERCH-043,105009,USD,SUCCESS,2026-09-03 23:29:03.020810
PAY-5FF5908B-E589,CUST-00372,MERCH-044,71981,EUR,SUCCESS,2026-09-15 14:08:16.020810
PAY-F9D2CE2B-5628,CUST-00011,MERCH-027,5407,USD,SUCCESS,2026-09-11 19:31:19.020810
PAY-AB7E6B2C-39C6,CUST-00849,MERCH-043,72528,USD,FAILED,2026-09-08 01:22:49.020810
PAY-7A222000-EC46,CUST-00547,MERCH-030,83903,USD,SUCCESS,2026-09-30 20:10:08.020810
PAY-EEC3B3BA-836E,CUST-00199,MERCH-015,5237,EUR,SUCCESS,2026-09-12 16:07:50.020810
PAY-4C85B2FD-581D,CUST-01453,MERCH-021,17204,USD,SUCCESS,2026-09-12 11:44:30.020810
PAY-21B87563-E8F4,CUST-01253,MERCH-019,121255,USD,SUCCESS,2026-10-01 08:05:44.020810
PAY-7294DAEA-BA12,CUST-01205,MERCH-027,86680,GBP,PENDING,2026-09-30 15:41:05.020810
PAY-2A34564C-90BC,CUST-01109,MERCH-025,146686,EUR,SUCCESS,2026-09-24 20:18:30.020810
PAY-31287181-6920,CUST-00026,MERCH-022,84292,USD,SUCCESS,2026-09-18 07:00:50.020810
PAY-6830D203-62BE,CUST-00710,MERCH-029,121596,USD,SUCCESS,2026-09-09 03:01:32.020810
PAY-3BEEC21E-8D21,CUST-01022,MERCH-014,45067,NGN,SUCCESS,2026-09-27 14:17:44.020810
PAY-BE254948-285B,CUST-01379,MERCH-025,106127,USD,SUCCESS,2026-09-14 04:05:39.020810
PAY-62074ED2-B603,CUST-00067,MERCH-043,21106,GBP,SUCCESS,2026-09-29 11:49:08.020810
PAY-5A9A86E1-AFEF,CUST-01294,MERCH-032,91018,EUR,SUCCESS,2026-09-29 00:10:57.020810
PAY-84736F8C-8B3A,CUST-00171,MERCH-014,97281,GBP,SUCCESS,2026-09-27 11:12:35.020810
PAY-A2AB22BD-7DB9,CUST-00623,MERCH-019,118857,GBP,SUCCESS,2026-09-17 01:35:10.020810
PAY-BABC774F-FE7E,CUST-01382,MERCH-030,41368,USD,SUCCESS,2026-09-03 04:38:09.020810
PAY-2973045F-80FD,CUST-01280,MERCH-038,92676,EUR,SUCCESS,2026-09-09 20:27:01.020810
PAY-38A7EDDA-AAB8,CUST-01157,MERCH-028,6636,GBP,SUCCESS,2026-09-21 22:09:31.020810
PAY-21B7EEC7-1A6E,CUST-00582,MERCH-036,62030,USD,SUCCESS,2026-09-25 13:57:50.020810
PAY-FAD68FAA-3DF5,CUST-00769,MERCH-035,99702,USD,SUCCESS,2026-09-08 03:37:45.020810
PAY-BDF0D019-D95A,CUST-01244,MERCH-008,104243,USD,SUCCESS,2026-09-06 11:10:49.020810
PAY-64EEE52C-E97A,CUST-00448,MERCH-014,76351,USD,PENDING,2026-09-07 03:05:14.020810
PAY-8898C435-B934,CUST-00366,MERCH-011,144697,USD,FAILED,2026-09-21 05:31:31.020810
PAY-2EBF67DD-A230,CUST-00837,MERCH-023,110123,USD,SUCCESS,2026-09-12 07:53:27.020810
PAY-02DB85D9-CDF1,CUST-01228,MERCH-018,95704,USD,SUCCESS,2026-09-17 06:19:22.020810
PAY-BC2BE5D3-001E,CUST-01291,MERCH-007,132176,GBP,SUCCESS,2026-09-17 04:25:32.020810
PAY-9B5E6CE5-5821,CUST-01097,MERCH-035,59508,USD,PENDING,2026-09-20 19:06:21.020810
PAY-EC1B317A-1245,CUST-00828,MERCH-032,75547,USD,SUCCESS,2026-09-24 06:41:23.020810
PAY-EF5480B2-4488,CUST-00921,MERCH-011,105371,USD,FAILED,2026-09-10 09:08:27.020810
PAY-730280DE-134A,CUST-00591,MERCH-001,88070,USD,SUCCESS,2026-09-27 14:47:28.020810
PAY-E540E249-87FF,CUST-00951,MERCH-042,26274,USD,PENDING,2026-09-10 02:54:02.020810
PAY-A14A1AA3-4FE9,CUST-00786,MERCH-038,110146,USD,SUCCESS,2026-09-22 01:18:45.020810
PAY-B6D7D6AF-7474,CUST-00841,MERCH-013,59270,EUR,PENDING,2026-09-03 04:01:33.020810
PAY-1C10C1BC-1CF6,CUST-00284,MERCH-040,21604,GBP,PENDING,2026-09-26 04:38:57.020810
PAY-C91B8288-677C,CUST-01228,MERCH-037,6485,USD,SUCCESS,2026-09-21 14:26:54.020810
PAY-BD3B4B76-46EC,CUST-00666,MERCH-040,44136,EUR,FAILED,2026-09-13 21:23:34.020810
PAY-B23D1C5D-8D4B,CUST-01166,MERCH-041,24346,USD,SUCCESS,2026-09-24 16:00:35.020810
PAY-B06AF384-AE4C,CUST-00759,MERCH-002,102562,GBP,SUCCESS,2026-09-30 22:48:20.020810
PAY-0231A002-F82D,CUST-01131,MERCH-033,42804,USD,SUCCESS,2026-09-11 03:05:20.020810
PAY-F473FA07-818F,CUST-00938,MERCH-024,46430,USD,FAILED,2026-09-13 09:00:48.020810
PAY-AABB21C3-ABF6,CUST-00968,MERCH-046,85100,USD,SUCCESS,2026-09-11 10:57:27.020810
PAY-204AE04A-F4BB,CUST-00272,MERCH-019,8597,USD,SUCCESS,2026-09-04 21:42:11.020810
PAY-B0CACBF8-06A6,CUST-00424,MERCH-037,120874,EUR,SUCCESS,2026-09-24 03:30:14.020810
PAY-C32237A2-EBFF,CUST-00502,MERCH-044,116801,USD,SUCCESS,2026-10-01 01:01:36.020810
PAY-7F733B21-5A7A,CUST-00496,MERCH-012,131628,USD,SUCCESS,2026-09-24 03:46:04.020810
PAY-641F5577-5AFA,CUST-01314,MERCH-008,87337,GBP,FAILED,2026-10-01 01:54:35.020810
PAY-706EEE86-CE8D,CUST-00327,MERCH-016,18808,GBP,SUCCESS,2026-09-24 04:42:25.020810
PAY-A14DF62B-14A8,CUST-00015,MERCH-048,107021,USD,SUCCESS,2026-09-03 07:50:57.020810
PAY-70F2AEC2-87EE,CUST-01065,MERCH-031,18945,USD,SUCCESS,2026-09-20 11:06:57.020810
PAY-F7201D0A-BB1D,CUST-00855,MERCH-017,32214,USD,PENDING,2026-09-27 20:14:20.020810
PAY-1B7C48C4-0D31,CUST-01466,MERCH-050,140529,USD,SUCCESS,2026-10-01 05:22:12.020810
PAY-736167E2-6863,CUST-01464,MERCH-002,126540,GBP,SUCCESS,2026-09-23 01:06:17.020810
PAY-DCC7016F-FF4E,CUST-01487,MERCH-004,104937,GBP,FAILED,2026-09-15 23:31:03.020810
PAY-DD7B1814-222D,CUST-01486,MERCH-050,95756,NGN,SUCCESS,2026-09-03 16:41:06.020810
PAY-82E9302F-8341,CUST-00819,MERCH-046,115855,EUR,SUCCESS,2026-09-26 14:12:03.020810
PAY-3010C18A-AC72,CUST-00878,MERCH-008,38768,EUR,SUCCESS,2026-09-06 18:55:13.020810
PAY-83D597C6-EE41,CUST-00538,MERCH-049,29803,USD,SUCCESS,2026-09-29 21:43:14.020810
PAY-7FCA5252-1277,CUST-01479,MERCH-011,108737,USD,FAILED,2026-09-19 13:09:10.020810
PAY-D566AF19-7DE5,CUST-01345,MERCH-022,64218,EUR,SUCCESS,2026-09-08 15:34:28.020810
PAY-DF7D5C6F-2CB3,CUST-00989,MERCH-014,25960,USD,FAILED,2026-09-14 14:21:52.020810
PAY-7CCCBBE0-2F4C,CUST-00676,MERCH-042,120625,USD,PENDING,2026-09-05 08:29:17.020810
PAY-AA6C6DF0-A97C,CUST-01453,MERCH-032,68657,NGN,SUCCESS,2026-09-13 15:19:12.020810
PAY-48CC18BC-2FB0,CUST-00702,MERCH-019,87180,GBP,SUCCESS,2026-09-23 08:16:16.020810
PAY-DBBCD8C4-968D,CUST-00923,MERCH-045,149458,USD,SUCCESS,2026-09-14 06:41:29.020810
PAY-265EA9E0-903C,CUST-00564,MERCH-039,37205,USD,FAILED,2026-09-03 11:50:10.020810
PAY-031CB6F5-7BEC,CUST-00304,MERCH-034,7300,USD,SUCCESS,2026-09-15 18:14:11.020810
PAY-98359022-93A9,CUST-00453,MERCH-024,95585,USD,FAILED,2026-09-29 02:45:42.020810
PAY-8BD1EE95-1F9F,CUST-01462,MERCH-019,41998,NGN,FAILED,2026-09-16 15:28:43.020810
PAY-57119C08-A619,CUST-01163,MERCH-041,125093,EUR,SUCCESS,2026-09-16 13:14:24.020810
PAY-3679D9A9-A2AD,CUST-01461,MERCH-029,40985,USD,SUCCESS,2026-09-16 01:45:01.020810
PAY-554E34E6-00BD,CUST-01424,MERCH-009,77133,USD,SUCCESS,2026-09-08 20:54:22.020810
PAY-4342CFEC-B6CD,CUST-00787,MERCH-017,7841,USD,FAILED,2026-09-12 19:44:04.020810
PAY-6B69F610-C4B7,CUST-00434,MERCH-038,39392,USD,SUCCESS,2026-09-16 11:09:38.020810
PAY-0B4E3076-9079,CUST-01197,MERCH-001,95962,USD,FAILED,2026-09-14 08:26:18.020810
PAY-4ADCAFE9-1F83,CUST-01477,MERCH-033,106889,EUR,PENDING,2026-09-26 20:19:38.020810
PAY-52124920-B3A0,CUST-00977,MERCH-040,90733,USD,PENDING,2026-09-10 00:43:58.020810
PAY-F8A84629-63B6,CUST-01319,MERCH-010,131859,USD,SUCCESS,2026-09-30 06:15:11.020810
PAY-5088BE93-6864,CUST-00644,MERCH-034,99584,NGN,SUCCESS,2026-09-19 22:21:17.020810
PAY-56461CD3-08A3,CUST-00994,MERCH-042,138187,EUR,SUCCESS,2026-09-09 23:13:51.020810
PAY-54213A59-7415,CUST-00988,MERCH-012,100081,USD,PENDING,2026-09-25 06:05:23.020810
PAY-83AD0916-C63C,CUST-00030,MERCH-043,90249,USD,SUCCESS,2026-09-04 21:37:59.020810
PAY-A69FF1CA-D054,CUST-00461,MERCH-020,59301,USD,SUCCESS,2026-09-11 18:41:54.020810
PAY-8443A08D-601E,CUST-00308,MERCH-018,31850,USD,SUCCESS,2026-10-01 07:18:33.020810
PAY-C51B0605-793A,CUST-01332,MERCH-013,131254,USD,SUCCESS,2026-09-19 01:32:42.020810
PAY-E0C8F462-9360,CUST-00941,MERCH-037,137894,NGN,SUCCESS,2026-09-02 08:24:20.020810
PAY-B9158B55-CB42,CUST-00468,MERCH-048,95805,USD,SUCCESS,2026-09-11 14:09:19.020810
PAY-C1DD9EB2-CDB8,CUST-01361,MERCH-003,26410,USD,FAILED,2026-09-21 02:28:00.020810
PAY-C6CCB2CB-E8CA,CUST-00675,MERCH-033,71665,NGN,SUCCESS,2026-09-05 00:28:54.020810
PAY-019488FA-C6EA,CUST-01134,MERCH-035,21326,GBP,SUCCESS,2026-09-27 20:41:26.020810
PAY-88C0F94C-7CC6,CUST-00115,MERCH-029,137587,USD,SUCCESS,2026-09-29 06:26:48.020810
PAY-C58FD957-8AD5,CUST-00508,MERCH-016,48389,USD,SUCCESS,2026-09-14 04:32:11.020810
PAY-20B1038C-39CC,CUST-01413,MERCH-042,60357,GBP,SUCCESS,2026-09-13 15:44:16.020810
PAY-C3030DAE-9CB9,CUST-01413,MERCH-046,47012,NGN,FAILED,2026-09-23 21:32:46.020810
PAY-B30D1054-0854,CUST-00083,MERCH-039,145197,USD,SUCCESS,2026-09-14 15:49:39.020810
PAY-0FBC2501-62A0,CUST-00569,MERCH-006,17190,USD,PENDING,2026-09-10 23:34:24.020810
PAY-E7A213DD-D942,CUST-00272,MERCH-034,16455,EUR,SUCCESS,2026-09-16 10:55:58.020810
PAY-290E58F4-4533,CUST-00426,MERCH-015,125616,USD,SUCCESS,2026-09-13 14:24:08.020810
PAY-64F5FF6F-5310,CUST-00951,MERCH-007,13891,USD,SUCCESS,2026-09-27 19:45:49.020810
PAY-2D1A2AC4-F19A,CUST-00654,MERCH-041,51991,USD,SUCCESS,2026-09-05 07:18:19.020810
PAY-F2A2E5DB-9F91,CUST-00980,MERCH-008,22359,USD,SUCCESS,2026-09-23 05:02:21.020810
PAY-F00CBE3E-3CE7,CUST-00975,MERCH-013,142678,USD,SUCCESS,2026-09-06 14:33:16.020810
PAY-4F0D8A45-C970,CUST-01208,MERCH-014,128224,USD,SUCCESS,2026-09-30 19:15:12.020810
PAY-429EFB2D-C3AA,CUST-00615,MERCH-037,113157,USD,SUCCESS,2026-09-02 05:22:42.020810
PAY-8D927E47-3E7C,CUST-00229,MERCH-047,51565,USD,SUCCESS,2026-09-23 05:54:21.020810
PAY-C751F9AA-87C1,CUST-01207,MERCH-041,120104,USD,FAILED,2026-10-01 14:02:03.020810
PAY-7E716B65-CD33,CUST-00002,MERCH-017,71473,GBP,FAILED,2026-09-21 12:34:37.020810
PAY-57A75A87-CA57,CUST-01009,MERCH-041,86650,EUR,SUCCESS,2026-09-10 07:51:55.020810
PAY-3CD45FCD-E676,CUST-01039,MERCH-031,74884,USD,SUCCESS,2026-09-26 17:16:39.020810
PAY-33E4D773-E84F,CUST-01322,MERCH-020,140010,USD,SUCCESS,2026-09-14 14:00:21.020810
PAY-6B3A9159-7ADC,CUST-00510,MERCH-022,147632,GBP,SUCCESS,2026-09-15 02:55:30.020810
PAY-380EF12F-C18D,CUST-01031,MERCH-020,29721,USD,SUCCESS,2026-09-23 02:52:44.020810
PAY-BC547D47-804B,CUST-00374,MERCH-032,84178,EUR,SUCCESS,2026-09-02 01:47:02.020810
PAY-E4DC5F25-6F92,CUST-01044,MERCH-031,43263,GBP,SUCCESS,2026-09-25 19:49:32.020810
PAY-B3347D02-C41F,CUST-00367,MERCH-005,80359,GBP,SUCCESS,2026-09-22 17:31:28.020810
PAY-C40ADE49-B95F,CUST-00194,MERCH-029,141688,GBP,SUCCESS,2026-09-18 09:09:09.020810
PAY-AA8F59A6-E873,CUST-00375,MERCH-013,61265,USD,SUCCESS,2026-09-07 00:50:56.020810
PAY-2158FC75-5219,CUST-00437,MERCH-020,80554,EUR,PENDING,2026-09-26 02:48:23.020810
PAY-A8451F57-7A9A,CUST-00656,MERCH-050,124199,USD,SUCCESS,2026-09-27 12:09:03.020810
PAY-4544EC06-E5C2,CUST-00211,MERCH-044,55626,NGN,SUCCESS,2026-09-16 07:47:15.020810
PAY-02E5BA48-F7FF,CUST-01170,MERCH-044,85373,EUR,SUCCESS,2026-09-09 06:18:36.020810
PAY-290D5EF9-E471,CUST-00321,MERCH-013,45530,USD,FAILED,2026-09-20 23:50:37.020810
PAY-D2768A76-EF59,CUST-00324,MERCH-040,85875,EUR,SUCCESS,2026-09-09 09:15:49.020810
PAY-E5ED0950-7565,CUST-01058,MERCH-031,109790,USD,FAILED,2026-09-30 15:41:01.020810
PAY-DF4C6A02-83DD,CUST-01488,MERCH-018,69405,USD,PENDING,2026-09-12 20:40:23.020810
PAY-D5D084B6-EFD8,CUST-00967,MERCH-020,38507,USD,SUCCESS,2026-09-19 18:11:37.020810
PAY-FE024198-59DD,CUST-00628,MERCH-022,83166,NGN,SUCCESS,2026-09-18 22:33:11.020810
PAY-DE84D563-1B94,CUST-00922,MERCH-020,148162,USD,SUCCESS,2026-09-22 09:41:55.020810
PAY-6516A0A3-A44B,CUST-00806,MERCH-049,1987,USD,SUCCESS,2026-09-22 00:10:30.020810
PAY-2035C3A6-2AB2,CUST-00828,MERCH-004,93197,NGN,FAILED,2026-09-21 14:27:47.020810
PAY-770BB53E-5586,CUST-01323,MERCH-009,72381,EUR,SUCCESS,2026-09-23 22:30:21.020810
PAY-5B01D1A4-95F9,CUST-00040,MERCH-046,55185,USD,SUCCESS,2026-09-11 13:47:10.020810
PAY-35BB1136-E731,CUST-01356,MERCH-046,77779,USD,FAILED,2026-09-14 04:22:12.020810
PAY-FFA2B0F9-9E7A,CUST-00765,MERCH-002,112566,USD,FAILED,2026-09-17 09:10:06.020810
PAY-02CDBD52-0194,CUST-00784,MERCH-021,147293,USD,SUCCESS,2026-09-28 20:23:14.020810
PAY-8DE5B051-D1B6,CUST-00409,MERCH-014,132343,USD,SUCCESS,2026-10-01 17:41:43.020810
PAY-552D28B7-FFE3,CUST-00902,MERCH-018,20010,USD,PENDING,2026-09-06 22:39:43.020810
PAY-DAB2A596-1AF9,CUST-00498,MERCH-011,126245,USD,PENDING,2026-09-17 13:24:21.020810
PAY-DC013F05-CB79,CUST-01478,MERCH-038,12558,USD,PENDING,2026-09-24 13:37:51.020810
PAY-1921DB26-E50A,CUST-01351,MERCH-025,65995,USD,PENDING,2026-09-25 09:38:06.020810
PAY-716A10E8-D3BD,CUST-00574,MERCH-039,98808,USD,FAILED,2026-09-30 05:03:48.020810
PAY-A5B88FE1-6C09,CUST-00122,MERCH-007,90334,NGN,SUCCESS,2026-09-04 11:34:08.020810
PAY-F1495DA0-C076,CUST-00566,MERCH-035,115351,USD,SUCCESS,2026-09-19 16:37:47.020810
PAY-F7BF1A22-DBF4,CUST-00583,MERCH-008,35701,NGN,SUCCESS,2026-09-24 15:55:31.020810
PAY-418E06B1-E5C5,CUST-00152,MERCH-021,40286,USD,SUCCESS,2026-09-21 20:16:35.020810
PAY-029CDA8C-576E,CUST-00309,MERCH-038,52927,USD,FAILED,2026-09-16 06:22:58.020810
PAY-5BEC292A-CD38,CUST-01151,MERCH-006,64784,USD,SUCCESS,2026-09-23 00:48:07.020810
PAY-08AF33A8-5124,CUST-00672,MERCH-037,68845,NGN,SUCCESS,2026-09-28 07:00:31.020810
PAY-4C94CE77-4264,CUST-01141,MERCH-034,6228,EUR,SUCCESS,2026-09-15 21:43:08.020810
PAY-02B2C8D4-0A97,CUST-00288,MERCH-050,82803,EUR,SUCCESS,2026-09-05 01:25:16.020810
PAY-12F0C510-678E,CUST-00740,MERCH-050,56811,EUR,SUCCESS,2026-09-23 09:37:57.020810
PAY-9EE7BA56-5689,CUST-00378,MERCH-021,60185,USD,SUCCESS,2026-09-24 11:49:50.020810
PAY-78B49988-42F7,CUST-00944,MERCH-024,52662,USD,FAILED,2026-09-17 22:10:40.020810
PAY-ECA55BD0-6D6F,CUST-01388,MERCH-046,67440,USD,SUCCESS,2026-09-14 07:58:40.020810
PAY-BD4522F6-094A,CUST-01237,MERCH-048,37270,USD,SUCCESS,2026-09-02 21:08:56.020810
PAY-73B3A4D8-24C9,CUST-00245,MERCH-042,112522,USD,SUCCESS,2026-09-21 16:46:58.020810
PAY-8968C9F0-ED7D,CUST-00812,MERCH-032,139016,USD,FAILED,2026-09-04 02:09:03.020810
PAY-62843573-C8AD,CUST-00124,MERCH-033,4747,USD,PENDING,2026-09-19 21:19:12.020810
PAY-41DEA1B5-B148,CUST-01159,MERCH-028,132676,GBP,SUCCESS,2026-09-03 07:34:17.020810
PAY-47C15F48-E5F3,CUST-00670,MERCH-035,74594,EUR,SUCCESS,2026-09-25 15:25:24.020810
PAY-4385FF9E-63D1,CUST-01178,MERCH-022,20305,USD,FAILED,2026-09-05 00:22:44.020810
PAY-2EF42124-63E6,CUST-01158,MERCH-006,29947,EUR,SUCCESS,2026-09-28 20:38:47.020810
PAY-CC8034D2-8C8B,CUST-01090,MERCH-011,23497,USD,SUCCESS,2026-09-26 16:27:43.020810
PAY-A7BF9FC8-3406,CUST-01176,MERCH-030,50540,USD,FAILED,2026-10-01 08:55:44.020810
PAY-53F04329-D0EA,CUST-00150,MERCH-050,73078,USD,FAILED,2026-09-22 16:16:48.020810
PAY-C6A46D58-CAEE,CUST-00954,MERCH-029,87120,USD,SUCCESS,2026-09-09 03:31:22.020810
PAY-84DD5A34-4AB7,CUST-00150,MERCH-012,89579,USD,SUCCESS,2026-09-29 16:22:30.020810
PAY-2EF52FF5-7FEC,CUST-00930,MERCH-034,6131,USD,FAILED,2026-09-22 17:58:12.020810
PAY-0E9320E8-A3D4,CUST-00823,MERCH-037,2165,GBP,SUCCESS,2026-09-16 00:30:31.020810
PAY-2661A16C-BC1E,CUST-01278,MERCH-025,2738,USD,SUCCESS,2026-09-02 16:10:40.020810
PAY-FBC650A0-4852,CUST-00462,MERCH-021,39951,GBP,SUCCESS,2026-09-22 11:51:22.020810
PAY-5AE183C1-919B,CUST-00531,MERCH-015,86121,NGN,SUCCESS,2026-09-30 03:02:19.020810
PAY-A1559BD4-0F48,CUST-01091,MERCH-030,93468,USD,PENDING,2026-09-11 11:35:38.020810
PAY-6402E536-FAAD,CUST-01465,MERCH-037,50005,USD,SUCCESS,2026-09-09 03:59:17.020810
PAY-77611E5A-08F5,CUST-00304,MERCH-014,48101,USD,SUCCESS,2026-09-16 17:35:52.020810
PAY-2EC1BCF6-51C6,CUST-00207,MERCH-002,10842,USD,SUCCESS,2026-09-27 15:40:21.020810
PAY-A375B33F-95EF,CUST-00261,MERCH-035,18657,EUR,SUCCESS,2026-09-18 16:14:44.020810
PAY-5F0B1FA9-3987,CUST-00671,MERCH-021,55237,NGN,SUCCESS,2026-09-12 22:16:52.020810
PAY-E1BDE8C1-7657,CUST-00414,MERCH-020,111723,USD,SUCCESS,2026-09-09 16:26:10.020810
PAY-62286CD6-533A,CUST-00556,MERCH-015,93651,USD,SUCCESS,2026-09-12 07:17:20.020810
PAY-076A9BCD-8808,CUST-00056,MERCH-009,32772,NGN,SUCCESS,2026-09-23 02:24:34.020810
PAY-78F918B6-A9BF,CUST-00769,MERCH-002,55179,USD,SUCCESS,2026-09-23 07:25:58.020810
PAY-872E4902-D6DD,CUST-00780,MERCH-004,115462,EUR,PENDING,2026-09-23 10:45:53.020810
PAY-C029BA45-7FBA,CUST-00818,MERCH-013,100247,USD,SUCCESS,2026-09-11 17:46:11.020810
PAY-331B12C2-3464,CUST-01209,MERCH-008,46400,USD,SUCCESS,2026-09-06 06:22:15.020810
PAY-35B523B5-CA0F,CUST-01038,MERCH-038,32403,USD,SUCCESS,2026-09-26 19:57:09.020810
PAY-B57EB0D4-81C0,CUST-00334,MERCH-049,32051,USD,SUCCESS,2026-09-11 22:26:12.020810
PAY-EA5C586C-723B,CUST-01002,MERCH-048,94449,USD,PENDING,2026-10-01 02:53:25.020810
PAY-D5DE59E8-B8FF,CUST-00649,MERCH-027,55636,NGN,SUCCESS,2026-09-11 00:41:59.020810
PAY-20A06240-66CE,CUST-00186,MERCH-033,125799,USD,SUCCESS,2026-09-19 05:27:22.020810
PAY-919B19C4-0FB1,CUST-00523,MERCH-033,120287,USD,FAILED,2026-09-07 04:40:16.020810
PAY-3F6794A1-12D6,CUST-00034,MERCH-001,110604,USD,PENDING,2026-09-20 04:57:24.020810
PAY-66597B83-9E10,CUST-00820,MERCH-007,94974,NGN,SUCCESS,2026-09-18 23:25:27.020810
PAY-32050EBF-A010,CUST-00635,MERCH-005,79325,USD,SUCCESS,2026-09-22 20:00:39.020810
PAY-93C13D83-B7F7,CUST-00470,MERCH-045,102653,USD,SUCCESS,2026-09-05 20:35:02.020810
PAY-59233409-3180,CUST-00966,MERCH-002,85243,USD,PENDING,2026-09-15 02:15:29.020810
PAY-0D671901-81EB,CUST-00093,MERCH-010,46993,USD,SUCCESS,2026-09-13 20:17:40.020810
PAY-FE08EF16-42A0,CUST-01157,MERCH-001,136453,EUR,SUCCESS,2026-09-07 23:15:41.020810
PAY-86B850DC-B942,CUST-00319,MERCH-009,10721,USD,PENDING,2026-09-24 13:33:44.020810
PAY-ECDDC217-9E67,CUST-00126,MERCH-039,77330,USD,SUCCESS,2026-09-11 22:39:19.020810
PAY-4F014B34-997A,CUST-00762,MERCH-040,41783,USD,SUCCESS,2026-09-21 21:33:24.020810
PAY-EE83D6CB-FD37,CUST-00859,MERCH-012,136447,GBP,SUCCESS,2026-09-10 05:39:29.020810
PAY-47CC2722-531A,CUST-00311,MERCH-048,96200,GBP,SUCCESS,2026-09-10 13:47:14.020810
PAY-72C3774E-30E7,CUST-00225,MERCH-011,130931,USD,SUCCESS,2026-09-03 05:07:12.020810
PAY-487F68C0-908B,CUST-00418,MERCH-020,98327,USD,SUCCESS,2026-09-21 08:28:55.020810
PAY-3AA459E5-34A6,CUST-00544,MERCH-040,7965,GBP,SUCCESS,2026-09-17 08:16:03.020810
PAY-47E026A8-57FC,CUST-00053,MERCH-022,123839,USD,SUCCESS,2026-09-03 03:23:31.020810
PAY-387FB7D2-6525,CUST-00071,MERCH-048,107364,USD,SUCCESS,2026-09-08 18:21:36.020810
PAY-36E78B37-100B,CUST-00096,MERCH-035,138179,USD,SUCCESS,2026-09-20 01:28:13.020810
PAY-63A4CDE0-9EC5,CUST-00348,MERCH-011,4416,USD,SUCCESS,2026-09-06 14:50:00.020810
PAY-6C67F5EF-25C3,CUST-00715,MERCH-015,110569,USD,SUCCESS,2026-09-06 05:31:22.020810
PAY-6D2FAFA0-C0BF,CUST-00136,MERCH-008,122248,USD,PENDING,2026-09-24 20:24:32.020810
PAY-E4CC3A6B-97B8,CUST-00851,MERCH-035,35733,USD,SUCCESS,2026-09-23 03:18:44.020810
PAY-857A5EE4-95FF,CUST-01236,MERCH-041,82139,USD,SUCCESS,2026-09-01 19:01:53.020810
PAY-6B9856CF-4376,CUST-00976,MERCH-031,34106,GBP,SUCCESS,2026-09-14 05:27:22.020810
PAY-10EDEE72-9F06,CUST-00662,MERCH-043,96335,NGN,PENDING,2026-09-27 23:19:12.020810
PAY-0A3D02EE-BE1C,CUST-01257,MERCH-043,125749,USD,SUCCESS,2026-09-06 10:30:10.020810
PAY-6B91551D-860B,CUST-01010,MERCH-048,51955,EUR,SUCCESS,2026-09-29 11:43:59.020810
PAY-E93A7B2D-9337,CUST-00258,MERCH-015,34528,EUR,SUCCESS,2026-09-26 17:53:58.020810
PAY-8A632B15-A539,CUST-00293,MERCH-015,25348,USD,SUCCESS,2026-09-05 17:56:52.020810
PAY-40E4BF45-E74C,CUST-01469,MERCH-026,28084,USD,PENDING,2026-09-15 11:05:38.020810
PAY-7AD8204C-8871,CUST-00512,MERCH-015,48898,USD,FAILED,2026-09-13 22:14:36.020810
PAY-A5BD5DD2-D2E0,CUST-01496,MERCH-043,86647,USD,SUCCESS,2026-09-16 09:00:26.020810
PAY-44319D73-CA76,CUST-01456,MERCH-030,136793,USD,SUCCESS,2026-09-30 10:30:17.020810
PAY-F5F7937D-5D95,CUST-01059,MERCH-037,35026,USD,SUCCESS,2026-09-14 16:56:56.020810
PAY-41D1237E-A9A6,CUST-00672,MERCH-028,38568,GBP,SUCCESS,2026-09-19 22:49:49.020810
PAY-D0A46E08-E928,CUST-01187,MERCH-048,101433,USD,FAILED,2026-09-03 10:03:58.020810
PAY-E4F51196-0D41,CUST-01295,MERCH-004,48255,EUR,SUCCESS,2026-09-11 08:45:23.020810
PAY-8B56D6FA-B043,CUST-00030,MERCH-010,62845,USD,PENDING,2026-09-03 09:56:11.020810
PAY-04197382-DB88,CUST-00332,MERCH-026,3570,USD,SUCCESS,2026-09-17 09:58:05.020810
PAY-5ECCED07-D87E,CUST-01172,MERCH-031,90651,USD,FAILED,2026-09-25 05:54:39.020810
PAY-7AECC35D-4CB2,CUST-00385,MERCH-041,106840,USD,PENDING,2026-09-29 18:40:45.020810
PAY-0AABCFAA-952E,CUST-00926,MERCH-014,69392,USD,FAILED,2026-09-23 18:11:58.020810
PAY-F13E70F8-1A62,CUST-01118,MERCH-029,73718,USD,SUCCESS,2026-09-07 11:27:36.020810
PAY-106015FF-A756,CUST-01343,MERCH-050,88934,GBP,SUCCESS,2026-09-26 17:36:58.020810
PAY-50B925F1-49C6,CUST-00691,MERCH-012,89886,USD,SUCCESS,2026-09-14 03:37:07.020810
PAY-7C3FA400-4EAC,CUST-00999,MERCH-050,120120,USD,SUCCESS,2026-09-28 09:42:23.020810
PAY-58743BD7-AE3E,CUST-01359,MERCH-007,136571,EUR,SUCCESS,2026-09-18 09:05:11.020810
PAY-2C54D2D3-2343,CUST-00539,MERCH-005,112308,USD,SUCCESS,2026-09-19 11:56:18.020810
PAY-241FA3A1-D980,CUST-01316,MERCH-002,33589,EUR,FAILED,2026-09-28 03:12:11.020810
PAY-E7C0DA28-AEFF,CUST-00194,MERCH-015,29633,USD,SUCCESS,2026-09-23 23:08:21.020810
PAY-24FBD7EF-D578,CUST-00247,MERCH-036,33608,NGN,SUCCESS,2026-09-16 02:43:19.020810
PAY-148A24EC-DD2F,CUST-00712,MERCH-020,114837,GBP,PENDING,2026-09-23 17:28:01.020810
PAY-3E253E65-27C6,CUST-01134,MERCH-006,48370,GBP,SUCCESS,2026-09-26 06:14:11.020810
PAY-98BC0151-6834,CUST-00815,MERCH-033,37648,GBP,FAILED,2026-09-11 05:14:24.020810
PAY-25242B93-A430,CUST-01394,MERCH-015,52582,USD,SUCCESS,2026-09-02 13:40:12.020810
PAY-2AECA17C-FA15,CUST-00725,MERCH-034,40285,USD,SUCCESS,2026-09-30 22:19:56.020810
PAY-D9899662-29C9,CUST-01153,MERCH-034,12819,USD,SUCCESS,2026-09-27 05:54:46.020810
PAY-757ED30C-7444,CUST-01092,MERCH-024,60904,USD,SUCCESS,2026-09-27 22:42:14.020810
PAY-AA5F776E-11C2,CUST-01421,MERCH-034,98665,USD,SUCCESS,2026-09-09 20:28:21.020810
PAY-8AEAE7F4-40C7,CUST-00326,MERCH-007,59812,NGN,SUCCESS,2026-09-09 19:10:12.020810
PAY-AF1740BF-2092,CUST-01467,MERCH-010,111653,USD,SUCCESS,2026-09-28 00:17:37.020810
PAY-C00E7201-2FC1,CUST-00415,MERCH-018,105586,EUR,FAILED,2026-09-04 03:10:39.020810
PAY-56EEE390-5EE5,CUST-00608,MERCH-025,110931,NGN,SUCCESS,2026-09-27 02:04:19.020810
PAY-DDF1C7E9-6C08,CUST-00976,MERCH-030,36183,NGN,SUCCESS,2026-09-17 09:15:22.020810
PAY-A95E458C-C761,CUST-01478,MERCH-020,20126,EUR,SUCCESS,2026-09-01 18:36:10.020810
PAY-CBB79D2E-EF06,CUST-00515,MERCH-046,82185,GBP,SUCCESS,2026-09-28 17:41:42.020810
PAY-E8C2F7FF-F2F1,CUST-00428,MERCH-047,18015,EUR,FAILED,2026-10-01 12:31:27.020810
PAY-2D87B8E8-3B1F,CUST-00122,MERCH-049,37279,USD,SUCCESS,2026-09-21 16:18:46.020810
PAY-A772AA21-DBE5,CUST-00295,MERCH-031,64060,GBP,SUCCESS,2026-09-09 12:53:56.020810
PAY-40D46327-9FD5,CUST-00802,MERCH-011,102998,USD,SUCCESS,2026-09-22 02:22:19.020810
PAY-D1D9C693-68C8,CUST-01212,MERCH-013,92357,USD,SUCCESS,2026-09-13 19:47:58.020810
PAY-F3E026CF-9A9C,CUST-00145,MERCH-015,37315,USD,SUCCESS,2026-09-15 04:00:28.020810
PAY-11133DB6-3104,CUST-00823,MERCH-008,40305,USD,PENDING,2026-09-30 04:50:54.020810
PAY-C47437E6-C043,CUST-00422,MERCH-029,72712,NGN,SUCCESS,2026-09-08 16:06:31.020810
PAY-7697E3C6-7CEF,CUST-00671,MERCH-001,136977,USD,PENDING,2026-09-07 10:50:45.020810
PAY-3DBB76DD-6A8D,CUST-00638,MERCH-034,123998,USD,SUCCESS,2026-09-06 17:44:33.020810
PAY-A8438DED-1387,CUST-00476,MERCH-043,78834,NGN,FAILED,2026-09-23 00:48:52.020810
PAY-3F3A57C1-9A47,CUST-00256,MERCH-035,119609,EUR,FAILED,2026-10-01 08:56:02.020810
PAY-94974C6A-3346,CUST-00315,MERCH-005,71830,USD,SUCCESS,2026-09-18 07:55:26.020810
PAY-67AE99B4-C982,CUST-00084,MERCH-025,30079,EUR,SUCCESS,2026-09-14 03:48:51.020810
PAY-931562C5-3194,CUST-01284,MERCH-030,44659,USD,FAILED,2026-09-22 10:24:45.020810
PAY-BACA6B72-79E2,CUST-01454,MERCH-045,76811,GBP,SUCCESS,2026-09-25 09:56:28.020810
PAY-887D991C-2CD6,CUST-00461,MERCH-034,23718,GBP,FAILED,2026-09-06 18:15:10.020810
PAY-2F2C92A0-19B8,CUST-01499,MERCH-039,95540,EUR,SUCCESS,2026-09-30 20:07:52.020810
PAY-B381F85E-618B,CUST-00495,MERCH-043,113871,USD,SUCCESS,2026-09-25 18:21:43.020810
PAY-4D11DF9E-8409,CUST-00864,MERCH-004,73953,USD,SUCCESS,2026-09-06 20:44:46.020810
PAY-9A5C8242-0B42,CUST-01483,MERCH-047,66473,USD,SUCCESS,2026-09-15 03:35:51.020810
PAY-0B569A5B-826D,CUST-01312,MERCH-033,110507,NGN,SUCCESS,2026-09-17 17:18:18.020810
PAY-9678EE06-43FD,CUST-01366,MERCH-017,22282,EUR,SUCCESS,2026-09-19 01:43:52.020810
PAY-E31E240E-2774,CUST-00027,MERCH-007,64133,USD,PENDING,2026-09-25 07:53:46.020810
PAY-9C3EC1BE-10E7,CUST-01200,MERCH-032,114209,USD,SUCCESS,2026-09-12 12:07:36.020810
PAY-EC1B46BA-4E89,CUST-01364,MERCH-018,128390,GBP,SUCCESS,2026-09-06 19:19:09.020810
PAY-BBF0507E-EDEA,CUST-01149,MERCH-039,99019,EUR,SUCCESS,2026-09-29 05:11:09.020810
PAY-A366D9A9-38E0,CUST-01243,MERCH-034,11536,GBP,SUCCESS,2026-09-20 07:56:14.020810
PAY-D611C5AC-9B8E,CUST-01233,MERCH-007,26341,EUR,SUCCESS,2026-09-30 09:59:25.020810
PAY-09188771-6987,CUST-01179,MERCH-007,63051,EUR,FAILED,2026-09-07 11:03:25.020810
PAY-1891B0E2-5FAB,CUST-00739,MERCH-038,111080,USD,SUCCESS,2026-10-01 01:40:31.020810
PAY-3831D5A5-D285,CUST-00807,MERCH-046,91543,USD,PENDING,2026-09-03 16:38:12.020810
PAY-CB4DFA92-6569,CUST-01326,MERCH-029,137539,USD,FAILED,2026-09-24 02:59:43.020810
PAY-8718307A-9A3C,CUST-00077,MERCH-026,7221,GBP,SUCCESS,2026-09-22 17:16:16.020810
PAY-0DD2D023-7E3D,CUST-00443,MERCH-037,6829,USD,SUCCESS,2026-09-10 12:45:55.020810
PAY-F603E393-DF6D,CUST-01292,MERCH-022,77118,GBP,SUCCESS,2026-09-06 13:18:21.020810
PAY-27B08E95-6122,CUST-00845,MERCH-002,66957,USD,FAILED,2026-09-23 22:11:43.020810
PAY-B9D2C7BF-D994,CUST-00735,MERCH-044,92873,USD,SUCCESS,2026-09-18 11:02:16.020810
PAY-BF87FFBE-68D0,CUST-00510,MERCH-018,13030,USD,SUCCESS,2026-09-23 09:49:35.020810
PAY-0F1729B9-326D,CUST-00665,MERCH-030,42598,GBP,SUCCESS,2026-09-14 12:48:37.020810
PAY-CE960E3B-D3E7,CUST-00429,MERCH-036,84879,USD,PENDING,2026-09-28 07:48:56.020810
PAY-0D1796DB-6533,CUST-00822,MERCH-049,45603,USD,PENDING,2026-09-18 16:16:06.020810
PAY-2288F10D-566B,CUST-01024,MERCH-006,92723,NGN,SUCCESS,2026-09-17 23:03:11.020810
PAY-842F8641-AB02,CUST-01263,MERCH-035,83477,USD,FAILED,2026-09-12 19:19:48.020810
PAY-AB968610-79F1,CUST-00627,MERCH-007,106947,USD,SUCCESS,2026-09-06 03:33:08.020810
PAY-ACB8FE7C-BC97,CUST-00641,MERCH-040,49309,EUR,SUCCESS,2026-09-25 21:27:44.020810
PAY-B245FD70-78FE,CUST-00784,MERCH-013,127755,GBP,SUCCESS,2026-09-14 14:33:57.020810
PAY-FF3A8BD7-B82E,CUST-00719,MERCH-022,95255,USD,SUCCESS,2026-09-23 00:13:43.020810
PAY-72B79DCD-527D,CUST-00327,MERCH-011,4675,NGN,SUCCESS,2026-09-17 10:13:59.020810
PAY-17FA0729-62E8,CUST-00229,MERCH-013,81902,GBP,SUCCESS,2026-09-30 00:05:29.020810
PAY-C183F1E6-EC8F,CUST-01037,MERCH-045,78148,USD,SUCCESS,2026-09-28 23:12:12.020810
PAY-EE8E2CFF-F467,CUST-01147,MERCH-035,104825,USD,SUCCESS,2026-09-10 09:28:07.020810
PAY-19BE047A-9AD6,CUST-01267,MERCH-045,52566,EUR,SUCCESS,2026-09-05 10:39:42.020810
PAY-6D9CFAD7-18D8,CUST-00192,MERCH-006,106573,NGN,SUCCESS,2026-09-30 18:52:32.020810
PAY-81FC21A5-0279,CUST-00540,MERCH-010,140177,NGN,SUCCESS,2026-09-18 06:30:38.020810
PAY-A878F14B-588C,CUST-00725,MERCH-026,101488,USD,SUCCESS,2026-09-08 05:11:04.020810
PAY-CC6B2FC0-9AD3,CUST-00213,MERCH-048,149950,USD,SUCCESS,2026-09-16 00:37:24.020810
PAY-03FC77BA-594D,CUST-00169,MERCH-021,116508,USD,SUCCESS,2026-09-12 16:07:50.020810
PAY-2CCE9153-681C,CUST-00084,MERCH-016,41135,EUR,SUCCESS,2026-09-28 08:38:31.020810
PAY-12200166-5137,CUST-01368,MERCH-018,130128,GBP,SUCCESS,2026-09-03 00:54:05.020810
PAY-24F11C38-CFD6,CUST-00460,MERCH-045,64817,EUR,SUCCESS,2026-09-12 09:18:55.020810
PAY-7B046364-0F76,CUST-00463,MERCH-029,38609,USD,SUCCESS,2026-09-12 05:48:42.020810
PAY-4D063CEA-63AF,CUST-00026,MERCH-019,5945,USD,SUCCESS,2026-09-13 14:05:55.020810
PAY-066BF322-30A0,CUST-01254,MERCH-031,109165,USD,SUCCESS,2026-09-23 01:36:16.020810
PAY-886337E0-2FF1,CUST-01140,MERCH-036,50894,EUR,SUCCESS,2026-09-29 08:03:31.020810
PAY-F232FAB3-DB3E,CUST-00845,MERCH-012,105257,NGN,FAILED,2026-09-26 22:22:13.020810
PAY-8058A9AD-8B70,CUST-01285,MERCH-037,69048,USD,PENDING,2026-09-20 13:11:57.020810
PAY-3EFF3F88-588D,CUST-01448,MERCH-024,113566,GBP,SUCCESS,2026-09-14 13:15:26.020810
PAY-FA0FA226-536E,CUST-00759,MERCH-024,84426,USD,PENDING,2026-09-13 03:38:34.020810
PAY-700C8576-CFCE,CUST-01107,MERCH-023,35756,USD,PENDING,2026-09-05 11:56:58.020810
PAY-5DB477D7-C42D,CUST-00659,MERCH-045,141605,USD,SUCCESS,2026-09-13 17:50:41.020810
PAY-F4DBB3B2-CB38,CUST-01186,MERCH-009,133525,USD,SUCCESS,2026-09-06 10:45:46.020810
PAY-07A4770D-B481,CUST-01451,MERCH-031,82678,GBP,PENDING,2026-09-27 17:55:49.020810
PAY-84B8546B-1E56,CUST-00215,MERCH-039,91815,USD,SUCCESS,2026-09-12 19:37:31.020810
PAY-82730779-005B,CUST-01470,MERCH-045,59210,GBP,SUCCESS,2026-09-28 15:43:56.020810
PAY-A909FC52-6A6D,CUST-00953,MERCH-018,14446,USD,SUCCESS,2026-09-29 15:15:04.020810
PAY-7FFE5A44-32BF,CUST-00943,MERCH-040,130820,EUR,FAILED,2026-09-23 00:20:50.020810
PAY-E287B672-CAD9,CUST-01211,MERCH-028,45416,USD,SUCCESS,2026-09-04 21:31:21.020810
PAY-A6BCF0A9-4FC4,CUST-00046,MERCH-036,147037,NGN,SUCCESS,2026-09-23 12:41:39.020810
PAY-C9B56381-93FA,CUST-01332,MERCH-004,125444,USD,SUCCESS,2026-09-18 15:10:40.020810
PAY-D0A93457-B9B9,CUST-01447,MERCH-010,93407,EUR,SUCCESS,2026-09-04 20:29:46.020810
PAY-241CD466-E4A4,CUST-00134,MERCH-047,149857,USD,SUCCESS,2026-09-15 03:51:33.020810
PAY-1CA678FF-A73E,CUST-00517,MERCH-047,129162,USD,SUCCESS,2026-09-03 02:19:13.020810
PAY-B371AE43-CC26,CUST-00883,MERCH-046,104373,USD,SUCCESS,2026-09-08 05:33:45.020810
PAY-5821CC2D-46A9,CUST-00441,MERCH-043,81718,USD,SUCCESS,2026-09-23 16:56:21.020810
PAY-F6A87A2C-7B48,CUST-01103,MERCH-045,87147,USD,PENDING,2026-09-16 13:08:48.020810
PAY-7807C7A5-17C2,CUST-00477,MERCH-037,107229,GBP,SUCCESS,2026-09-26 10:00:04.020810
PAY-08853B45-D1A9,CUST-00296,MERCH-050,82933,GBP,SUCCESS,2026-09-27 22:53:06.020810
PAY-501A288D-8147,CUST-00014,MERCH-040,94439,NGN,SUCCESS,2026-09-04 07:54:23.020810
PAY-C2047A62-5A2C,CUST-01204,MERCH-008,17179,EUR,SUCCESS,2026-09-05 04:55:38.020810
PAY-3AD5E76C-7315,CUST-01085,MERCH-027,51518,USD,PENDING,2026-09-09 14:00:39.020810
PAY-28F108AC-E8EF,CUST-00510,MERCH-039,48010,USD,SUCCESS,2026-09-10 11:08:16.020810
PAY-FB60809D-F7AD,CUST-00061,MERCH-042,31826,USD,FAILED,2026-09-25 18:52:42.020810
PAY-CA273300-1090,CUST-00680,MERCH-006,106289,EUR,SUCCESS,2026-09-06 07:53:48.020810
PAY-F476DF0F-1E41,CUST-01176,MERCH-045,107343,NGN,SUCCESS,2026-09-20 13:36:14.020810
PAY-12430090-846E,CUST-00781,MERCH-045,36809,USD,PENDING,2026-09-24 18:54:56.020810
PAY-8236A72E-A083,CUST-00704,MERCH-012,82078,USD,SUCCESS,2026-09-06 09:52:46.020810
PAY-E2BA0707-DABA,CUST-00728,MERCH-012,66563,USD,FAILED,2026-09-22 15:35:51.020810
PAY-04B4ED6F-207A,CUST-01024,MERCH-006,68789,USD,PENDING,2026-09-10 17:13:34.020810
PAY-95283F7E-15DC,CUST-00823,MERCH-013,92565,GBP,SUCCESS,2026-09-12 18:14:44.020810
PAY-A004D8C5-C9D7,CUST-01326,MERCH-041,89555,EUR,SUCCESS,2026-09-05 17:13:29.020810
PAY-1D7CC32B-DBF6,CUST-00926,MERCH-049,137828,USD,FAILED,2026-09-06 07:44:28.020810
PAY-54DAD306-1D2B,CUST-00528,MERCH-002,16464,NGN,SUCCESS,2026-10-01 04:25:03.020810
PAY-0C1C13F8-38B1,CUST-01141,MERCH-004,25532,USD,SUCCESS,2026-09-19 20:56:18.020810
PAY-E4E04984-20AF,CUST-00346,MERCH-001,3797,USD,SUCCESS,2026-09-27 10:39:41.020810
PAY-02E6F6C5-F950,CUST-00010,MERCH-021,80785,USD,SUCCESS,2026-09-20 10:27:40.020810
PAY-953B75AD-A978,CUST-00057,MERCH-037,98761,USD,SUCCESS,2026-09-29 02:33:29.020810
PAY-E7A646DC-A8D2,CUST-00143,MERCH-012,131100,GBP,FAILED,2026-09-10 21:47:18.020810
PAY-DF1EC78D-87A4,CUST-00373,MERCH-035,91004,USD,SUCCESS,2026-09-12 08:36:53.020810
PAY-2ED2C4CC-A939,CUST-00199,MERCH-044,98585,EUR,SUCCESS,2026-09-09 06:23:44.020810
PAY-E9F7A193-7846,CUST-01176,MERCH-012,47028,USD,FAILED,2026-09-23 03:38:26.020810
PAY-1BF011B3-BFEA,CUST-01040,MERCH-010,8453,USD,SUCCESS,2026-09-23 08:46:38.020810
PAY-61BD627C-DBEF,CUST-01275,MERCH-003,32031,USD,SUCCESS,2026-09-27 20:31:42.020810
PAY-DFB0F829-5318,CUST-00639,MERCH-019,92002,USD,PENDING,2026-09-06 23:45:27.020810
PAY-C2632D71-8DB2,CUST-01399,MERCH-012,136418,USD,SUCCESS,2026-09-30 09:42:52.020810
PAY-9F5FD9FA-EB0D,CUST-00343,MERCH-007,51135,USD,PENDING,2026-09-25 21:59:46.020810
PAY-A2D019E9-2D00,CUST-01236,MERCH-010,88946,USD,SUCCESS,2026-10-01 12:36:39.020810
PAY-A154F5DD-4CA7,CUST-00932,MERCH-043,102433,GBP,SUCCESS,2026-09-28 08:38:03.020810
PAY-DBDFC025-A6CB,CUST-00918,MERCH-008,17660,USD,SUCCESS,2026-09-28 16:11:08.020810
PAY-CD8F660C-DEF8,CUST-00693,MERCH-016,37562,USD,SUCCESS,2026-09-19 12:15:16.020810
PAY-69DA4F7E-8965,CUST-00491,MERCH-032,106480,EUR,SUCCESS,2026-09-10 21:37:22.020810
PAY-745E18B2-52F0,CUST-00086,MERCH-023,126440,USD,SUCCESS,2026-09-04 14:29:34.020810
PAY-F82AB46E-147A,CUST-01351,MERCH-046,26394,USD,SUCCESS,2026-09-30 10:54:39.020810
PAY-E33CE11F-FA80,CUST-01065,MERCH-006,138738,NGN,SUCCESS,2026-09-17 07:39:43.020810
PAY-39776460-C767,CUST-01154,MERCH-037,137253,EUR,SUCCESS,2026-09-27 13:55:45.020810
PAY-5A0A82E5-FAA7,CUST-00808,MERCH-049,53173,USD,SUCCESS,2026-09-28 06:46:15.020810
PAY-ED6DD869-EE62,CUST-00579,MERCH-021,117915,USD,SUCCESS,2026-09-08 08:01:53.020810
PAY-3F56FFBF-E8DA,CUST-00406,MERCH-019,106468,USD,FAILED,2026-09-22 10:53:19.020810
PAY-E4B132A9-05CF,CUST-00892,MERCH-025,129072,USD,SUCCESS,2026-09-05 18:10:51.020810
PAY-0B4EB4D1-988F,CUST-00049,MERCH-032,84783,USD,SUCCESS,2026-09-06 19:43:50.020810
PAY-F3F9DFBA-8960,CUST-01150,MERCH-031,102423,USD,SUCCESS,2026-10-01 08:29:59.020810
PAY-086DA1DD-D37D,CUST-00627,MERCH-032,14948,USD,FAILED,2026-09-15 16:47:45.020810
PAY-81909072-EC56,CUST-01081,MERCH-003,23879,GBP,SUCCESS,2026-09-10 21:19:07.020810
PAY-AD795E44-D0EF,CUST-00629,MERCH-038,142788,USD,PENDING,2026-09-29 11:46:27.020810
PAY-98461F8D-0032,CUST-00356,MERCH-042,13071,USD,SUCCESS,2026-09-16 23:37:25.020810
PAY-9EB93929-1121,CUST-01095,MERCH-002,79915,USD,SUCCESS,2026-09-04 01:11:29.020810
PAY-CD7AFA29-9A47,CUST-00789,MERCH-013,141471,USD,SUCCESS,2026-09-18 20:01:38.020810
PAY-A2474C6C-2DDA,CUST-00108,MERCH-044,133767,USD,SUCCESS,2026-09-22 19:36:33.020810
PAY-CA6D0554-C445,CUST-01074,MERCH-012,97709,GBP,SUCCESS,2026-09-26 10:55:20.020810
PAY-47246359-8F25,CUST-01395,MERCH-045,56728,USD,SUCCESS,2026-09-03 22:17:39.020810
PAY-6F6C8289-B484,CUST-00203,MERCH-030,58582,EUR,FAILED,2026-09-10 18:33:11.020810
PAY-6A9CBF5E-3826,CUST-01460,MERCH-021,53874,EUR,SUCCESS,2026-09-05 07:11:58.020810
PAY-A7564494-5250,CUST-01015,MERCH-014,4587,EUR,SUCCESS,2026-09-29 11:37:24.020810
PAY-E1A260B6-8B64,CUST-00093,MERCH-025,30995,USD,SUCCESS,2026-09-11 18:13:58.020810
PAY-5B4AF9D4-AB04,CUST-00595,MERCH-001,87204,USD,SUCCESS,2026-09-13 10:15:44.020810
PAY-8FD228EF-F98E,CUST-00363,MERCH-025,97960,USD,SUCCESS,2026-09-12 20:15:47.020810
PAY-F3C52288-E2D3,CUST-00824,MERCH-003,37637,NGN,FAILED,2026-09-09 07:51:40.020810
PAY-266D3B4B-03B6,CUST-01227,MERCH-016,111345,NGN,PENDING,2026-09-14 06:59:54.020810
PAY-19F463AC-70BA,CUST-01394,MERCH-037,54207,USD,SUCCESS,2026-09-16 19:03:47.020810
PAY-13C15B32-3852,CUST-01339,MERCH-048,107770,USD,PENDING,2026-09-14 23:48:36.020810
PAY-7D6CFAB6-AFBA,CUST-01414,MERCH-001,108933,USD,PENDING,2026-09-21 22:44:05.020810
PAY-BC52FCFA-332C,CUST-00773,MERCH-018,128483,EUR,FAILED,2026-09-10 22:58:12.020810
PAY-537DCFA3-C73D,CUST-00520,MERCH-039,104169,USD,SUCCESS,2026-09-02 06:20:32.020810
PAY-4E1711AF-BA3D,CUST-00086,MERCH-045,34287,GBP,SUCCESS,2026-09-23 13:27:47.020810
PAY-B45D1985-85F7,CUST-01358,MERCH-045,18987,GBP,SUCCESS,2026-09-12 13:58:30.020810
PAY-81F1C571-D556,CUST-01306,MERCH-008,42160,EUR,SUCCESS,2026-09-07 08:29:59.020810
PAY-BD2C2851-6DC5,CUST-01001,MERCH-005,141255,EUR,SUCCESS,2026-09-10 15:49:08.020810
PAY-074A34EB-2B9B,CUST-00671,MERCH-011,104886,USD,SUCCESS,2026-09-14 05:02:02.020810
PAY-BF0314F2-790F,CUST-00584,MERCH-035,75133,USD,SUCCESS,2026-09-15 15:54:59.020810
PAY-F5C77785-C8A7,CUST-01168,MERCH-017,31800,USD,FAILED,2026-09-07 00:35:35.020810
PAY-46F92503-237C,CUST-00809,MERCH-013,145924,USD,SUCCESS,2026-09-05 22:58:27.020810
PAY-60053CB8-6570,CUST-01020,MERCH-013,136349,USD,SUCCESS,2026-09-07 22:17:26.020810
PAY-61221186-1F93,CUST-00074,MERCH-031,29163,USD,PENDING,2026-09-25 00:03:22.020810
PAY-4B2CFA28-73B4,CUST-00229,MERCH-015,102228,GBP,SUCCESS,2026-09-03 14:30:01.020810
PAY-C34DC74F-57E1,CUST-00378,MERCH-006,63873,USD,FAILED,2026-09-05 00:43:04.020810
PAY-67900818-228D,CUST-00893,MERCH-040,115347,USD,SUCCESS,2026-09-19 18:19:22.020810
PAY-C3513A29-7646,CUST-00293,MERCH-029,11261,USD,SUCCESS,2026-09-30 17:44:52.020810
PAY-5295AB56-CD3B,CUST-01358,MERCH-033,55663,NGN,SUCCESS,2026-09-10 22:21:22.020810
PAY-0C4D7771-862B,CUST-01485,MERCH-021,149607,USD,SUCCESS,2026-09-03 21:10:20.020810
PAY-C9BE20AB-B085,CUST-00030,MERCH-010,66246,GBP,FAILED,2026-09-18 07:53:22.020810
PAY-ECEE6FEA-A35D,CUST-00360,MERCH-023,53099,EUR,SUCCESS,2026-09-24 04:30:04.020810
PAY-275404E9-FD56,CUST-01320,MERCH-004,100123,USD,FAILED,2026-09-20 18:06:07.020810
PAY-ADFF8CB1-B1D1,CUST-00314,MERCH-019,17185,GBP,SUCCESS,2026-09-26 07:15:04.020810
PAY-D1223208-E10C,CUST-00462,MERCH-012,88551,EUR,SUCCESS,2026-09-11 04:36:44.020810
PAY-6602702C-656C,CUST-01348,MERCH-047,7134,USD,SUCCESS,2026-09-23 01:30:47.020810
PAY-53412EAB-6CC8,CUST-00903,MERCH-005,139057,USD,SUCCESS,2026-09-13 16:32:26.020810
PAY-234C1DAA-1146,CUST-00590,MERCH-036,38081,USD,SUCCESS,2026-09-09 13:53:00.020810
PAY-65AEA0B6-D0BA,CUST-01121,MERCH-021,29693,USD,SUCCESS,2026-09-04 12:15:59.020810
PAY-8947F44E-8A3A,CUST-01403,MERCH-005,136302,USD,SUCCESS,2026-09-21 15:47:13.020810
PAY-24A4A5AF-23AB,CUST-01095,MERCH-002,84820,USD,SUCCESS,2026-09-10 00:09:23.020810
PAY-BCA1C0C0-4C44,CUST-00759,MERCH-003,27708,GBP,FAILED,2026-09-08 17:21:52.020810
PAY-99CCC762-E91A,CUST-01402,MERCH-015,100432,GBP,SUCCESS,2026-09-02 01:04:00.020810
PAY-2BB8B1F7-F614,CUST-00008,MERCH-037,102087,USD,SUCCESS,2026-09-04 14:15:07.020810
PAY-87F94A5E-D7E4,CUST-01162,MERCH-008,9726,USD,SUCCESS,2026-09-12 15:46:24.020810
PAY-76CBA0F6-72A2,CUST-01155,MERCH-035,5688,USD,FAILED,2026-09-05 08:19:06.020810
PAY-1D914F89-A87E,CUST-01329,MERCH-031,101701,USD,PENDING,2026-09-29 12:01:37.020810
PAY-BB322DA9-B13E,CUST-00579,MERCH-044,101888,GBP,SUCCESS,2026-10-01 15:56:24.020810
PAY-903AE5A6-69B1,CUST-00921,MERCH-048,129097,EUR,SUCCESS,2026-09-13 07:05:43.020810
PAY-9EA470E6-81C9,CUST-01255,MERCH-017,119771,GBP,SUCCESS,2026-09-18 12:18:55.020810
PAY-EC711B2E-008E,CUST-00982,MERCH-010,141128,GBP,SUCCESS,2026-09-23 19:23:57.020810
PAY-AEA54B05-3BFD,CUST-00738,MERCH-015,75699,NGN,SUCCESS,2026-09-08 18:26:15.020810
PAY-6E67E73B-5A6F,CUST-01305,MERCH-047,102330,USD,FAILED,2026-09-10 05:19:37.020810
PAY-66BC537A-A1A2,CUST-00527,MERCH-011,5988,GBP,SUCCESS,2026-09-19 15:01:58.020810
PAY-6F8CA6BF-4063,CUST-00885,MERCH-020,11655,USD,SUCCESS,2026-09-08 17:56:38.020810
PAY-B6BF53DD-E70C,CUST-00942,MERCH-027,60002,NGN,FAILED,2026-09-28 01:04:56.020810
PAY-9FC4B28A-DAD5,CUST-00824,MERCH-009,55052,GBP,SUCCESS,2026-09-18 21:23:50.020810
PAY-39F497AE-3363,CUST-00832,MERCH-027,121238,USD,SUCCESS,2026-09-22 00:52:35.020810
PAY-490B056E-7D68,CUST-00927,MERCH-029,122008,GBP,SUCCESS,2026-09-20 14:45:34.020810
PAY-9C0E9139-C6CF,CUST-00745,MERCH-022,105064,GBP,SUCCESS,2026-09-17 14:01:16.020810
PAY-EA66BA5E-11BE,CUST-00273,MERCH-047,54479,USD,SUCCESS,2026-09-27 11:36:42.020810
PAY-1AAAABE0-501B,CUST-00504,MERCH-014,149499,USD,SUCCESS,2026-09-11 00:40:52.020810
PAY-8D0405B1-A0FF,CUST-00399,MERCH-047,121971,USD,SUCCESS,2026-09-19 09:35:59.020810
PAY-723FF83D-B7CB,CUST-01123,MERCH-049,98755,GBP,SUCCESS,2026-09-21 13:47:15.020810
PAY-D09E4F82-F505,CUST-01319,MERCH-020,103477,USD,SUCCESS,2026-09-12 02:57:08.020810
PAY-4796ED60-FCD0,CUST-00290,MERCH-031,142799,USD,FAILED,2026-09-07 00:46:38.020810
PAY-92DD1C0C-EE57,CUST-01336,MERCH-029,108534,USD,FAILED,2026-09-16 08:05:21.020810
PAY-A80ED3FC-BDDA,CUST-00105,MERCH-013,89021,EUR,SUCCESS,2026-09-12 07:13:18.020810
PAY-EA014B56-58C4,CUST-01130,MERCH-011,136159,USD,SUCCESS,2026-09-20 09:55:18.020810
PAY-7B956B8E-8076,CUST-00885,MERCH-012,6748,USD,FAILED,2026-09-23 06:18:01.020810
PAY-41733C1C-C5C0,CUST-01422,MERCH-014,149238,USD,SUCCESS,2026-09-20 11:52:45.020810
PAY-4D1BA154-9BDD,CUST-01367,MERCH-012,148182,USD,SUCCESS,2026-09-15 00:37:54.020810
PAY-2E90DABD-59D9,CUST-00320,MERCH-042,52354,USD,SUCCESS,2026-09-21 06:24:39.020810
PAY-52CD980D-3A93,CUST-00309,MERCH-027,123335,USD,SUCCESS,2026-09-17 02:55:45.020810
PAY-57557978-37A1,CUST-00504,MERCH-048,128081,EUR,PENDING,2026-09-08 02:17:54.020810
PAY-517492CF-43DF,CUST-00648,MERCH-040,139590,USD,SUCCESS,2026-10-01 11:36:03.020810
PAY-1A29417B-6B1A,CUST-01287,MERCH-003,17633,NGN,SUCCESS,2026-09-06 11:16:45.020810
PAY-CA2FBB79-DBD0,CUST-00176,MERCH-002,14328,USD,SUCCESS,2026-09-02 04:17:26.020810
PAY-343E0AF3-3246,CUST-00679,MERCH-006,94005,EUR,SUCCESS,2026-09-16 23:12:16.020810
PAY-2BDA84CF-8C3A,CUST-00416,MERCH-048,56339,NGN,FAILED,2026-09-09 01:39:21.020810
PAY-9F764ED6-DD6C,CUST-00630,MERCH-005,83206,GBP,FAILED,2026-09-19 09:02:47.020810
PAY-90737E89-AC4E,CUST-01195,MERCH-029,89267,USD,SUCCESS,2026-09-24 19:42:27.020810
PAY-57787D11-159C,CUST-01441,MERCH-012,79992,GBP,PENDING,2026-09-15 19:45:49.020810
PAY-426E86A5-5880,CUST-00208,MERCH-036,40350,USD,PENDING,2026-09-09 12:23:08.020810
PAY-8CD21849-5CF3,CUST-00335,MERCH-027,140040,USD,SUCCESS,2026-09-07 12:11:02.020810
PAY-DA5F1A2E-6FEC,CUST-01267,MERCH-027,147736,USD,SUCCESS,2026-09-09 10:36:03.020810
PAY-1EFB3DCA-A05C,CUST-01132,MERCH-041,74223,USD,SUCCESS,2026-09-24 13:16:36.020810
PAY-0F3CDE41-1094,CUST-01414,MERCH-016,38942,USD,SUCCESS,2026-09-07 06:15:55.020810
PAY-E324451A-C485,CUST-00912,MERCH-007,36046,USD,PENDING,2026-09-03 16:04:11.020810
PAY-438BC208-8548,CUST-00781,MERCH-031,125511,USD,SUCCESS,2026-09-20 04:11:19.020810
PAY-98AB0B8F-1576,CUST-00350,MERCH-050,95496,USD,SUCCESS,2026-09-02 17:26:20.020810
PAY-FC45675C-6B07,CUST-00904,MERCH-038,48166,GBP,SUCCESS,2026-09-29 12:30:52.020810
PAY-9798AB9B-598C,CUST-00917,MERCH-002,149078,GBP,SUCCESS,2026-09-25 15:08:27.020810
PAY-2EC4D0D0-75E9,CUST-00705,MERCH-022,97484,USD,SUCCESS,2026-09-05 21:14:06.020810
PAY-36E1297B-A138,CUST-00142,MERCH-012,79170,USD,SUCCESS,2026-09-08 07:24:40.020810
PAY-B55724DA-97E9,CUST-01388,MERCH-026,29590,USD,SUCCESS,2026-09-09 00:21:16.020810
PAY-52F8CE61-3A69,CUST-01370,MERCH-013,77137,USD,PENDING,2026-09-17 07:49:54.020810
PAY-4948F5F2-AA74,CUST-01457,MERCH-006,130195,USD,SUCCESS,2026-09-18 23:27:36.020810
PAY-B4F5CF9C-DB9A,CUST-00033,MERCH-040,110007,USD,SUCCESS,2026-09-30 09:58:00.020810
PAY-945E3AF1-1494,CUST-00347,MERCH-024,50837,USD,PENDING,2026-09-14 00:37:33.020810
PAY-4AC22E84-CBD4,CUST-01052,MERCH-018,6645,NGN,SUCCESS,2026-09-27 00:32:15.020810
PAY-FB6334FD-F3DD,CUST-01003,MERCH-021,14134,USD,SUCCESS,2026-09-09 20:37:20.020810
PAY-8D199A03-DB69,CUST-01330,MERCH-016,69473,EUR,SUCCESS,2026-09-16 15:26:52.020810
PAY-8526EC54-A1A5,CUST-00920,MERCH-028,11105,USD,SUCCESS,2026-09-18 03:25:39.020810
PAY-1F795E37-8ABC,CUST-00559,MERCH-048,21535,EUR,SUCCESS,2026-09-23 23:54:05.020810
PAY-8E73D9E9-B638,CUST-00682,MERCH-036,34749,USD,SUCCESS,2026-09-03 06:44:38.020810
PAY-35F4DCC6-9397,CUST-01279,MERCH-001,5536,USD,PENDING,2026-09-29 14:32:40.020810
PAY-42DDC699-C4B0,CUST-00620,MERCH-025,123739,USD,FAILED,2026-09-11 10:47:27.020810
PAY-66022F86-2BD3,CUST-00779,MERCH-025,71353,EUR,SUCCESS,2026-09-03 12:06:51.020810
PAY-03E5CE48-7F0E,CUST-01428,MERCH-025,96652,EUR,SUCCESS,2026-09-18 01:14:01.020810
PAY-1844D017-55A3,CUST-01050,MERCH-028,90186,NGN,SUCCESS,2026-09-21 12:36:26.020810
PAY-7C504C4B-6E0A,CUST-00272,MERCH-023,145303,EUR,SUCCESS,2026-09-14 10:57:46.020810
PAY-E081AB4A-976B,CUST-00396,MERCH-032,70406,NGN,SUCCESS,2026-09-15 10:19:35.020810
PAY-A7949134-2E55,CUST-00171,MERCH-029,84022,NGN,PENDING,2026-09-05 20:59:04.020810
PAY-BC60090B-E1CD,CUST-01043,MERCH-008,34192,USD,FAILED,2026-09-02 20:59:47.020810
PAY-180A2E7C-36DD,CUST-00220,MERCH-016,46927,NGN,SUCCESS,2026-09-05 08:53:24.020810
PAY-338D5840-7FC5,CUST-00765,MERCH-005,62613,USD,SUCCESS,2026-09-09 05:37:15.020810
PAY-A07ED4C6-F248,CUST-00179,MERCH-005,4025,USD,SUCCESS,2026-09-02 05:25:42.020810
PAY-DEC9B975-BEB4,CUST-00699,MERCH-040,41458,USD,SUCCESS,2026-09-05 04:11:33.020810
PAY-EE558870-00D7,CUST-01194,MERCH-041,87243,USD,SUCCESS,2026-09-24 03:01:07.020810
PAY-64C97313-437C,CUST-01362,MERCH-007,32475,GBP,FAILED,2026-10-01 11:52:51.020810
PAY-95441617-DE80,CUST-00116,MERCH-046,52803,USD,SUCCESS,2026-09-08 11:48:19.020810
PAY-648A6FB9-184D,CUST-00167,MERCH-012,24508,EUR,PENDING,2026-09-06 05:02:00.020810
PAY-D56E6F9D-21CA,CUST-00008,MERCH-028,55607,USD,SUCCESS,2026-09-13 01:44:37.020810
PAY-4D45D875-5B73,CUST-00103,MERCH-046,101923,NGN,PENDING,2026-09-05 14:42:44.020810
PAY-10533BF9-8329,CUST-00657,MERCH-041,50999,EUR,FAILED,2026-09-27 10:54:32.020810
PAY-0C98376D-D12C,CUST-00975,MERCH-013,49275,USD,SUCCESS,2026-09-25 19:15:27.020810
PAY-BA26E01D-2BDC,CUST-00961,MERCH-019,16560,USD,SUCCESS,2026-09-30 11:42:06.020810
PAY-BC1A0441-9F3B,CUST-00907,MERCH-012,2155,GBP,SUCCESS,2026-09-26 09:34:10.020810
PAY-3E4E5C7D-6DF1,CUST-00163,MERCH-012,69512,USD,PENDING,2026-09-11 08:33:06.020810
PAY-6E195375-1250,CUST-00295,MERCH-035,50135,USD,PENDING,2026-09-29 16:37:12.020810
PAY-7FE0D877-FA14,CUST-01434,MERCH-008,49835,NGN,SUCCESS,2026-09-05 10:28:50.020810
PAY-D89D9085-6081,CUST-00384,MERCH-021,43078,USD,SUCCESS,2026-09-12 19:29:55.020810
PAY-A4E6A44F-D297,CUST-00809,MERCH-041,78283,USD,SUCCESS,2026-09-30 12:16:47.020810
PAY-E5FCF76A-CD0B,CUST-01232,MERCH-027,75316,USD,PENDING,2026-09-26 08:29:09.020810
PAY-BEC7CE1C-EC07,CUST-00447,MERCH-028,90876,USD,FAILED,2026-09-13 22:34:06.020810
PAY-F552BE0E-B0DE,CUST-00494,MERCH-034,66473,USD,SUCCESS,2026-09-02 02:19:36.020810
PAY-44CA7A4E-E3C2,CUST-00577,MERCH-049,17448,NGN,SUCCESS,2026-09-09 14:04:37.020810
PAY-ECD44C37-2EC2,CUST-00127,MERCH-005,90736,USD,SUCCESS,2026-09-25 17:39:10.020810
PAY-68E4EA00-9205,CUST-00124,MERCH-040,21458,EUR,SUCCESS,2026-09-22 15:17:15.020810
PAY-B8BE14E4-7D64,CUST-01381,MERCH-049,3645,USD,SUCCESS,2026-09-23 09:44:21.020810
PAY-81F44D78-EFDB,CUST-01382,MERCH-006,95259,NGN,PENDING,2026-09-17 05:09:05.020810
PAY-F42EE132-27CA,CUST-01430,MERCH-044,17769,USD,FAILED,2026-10-01 03:39:26.020810
PAY-3F4397B7-06A5,CUST-01166,MERCH-017,118671,USD,SUCCESS,2026-09-17 05:55:38.020810
PAY-525172E3-E65D,CUST-00734,MERCH-048,97609,USD,SUCCESS,2026-09-25 01:57:15.020810
PAY-C1E6C5FA-8FE2,CUST-01024,MERCH-020,82675,USD,SUCCESS,2026-09-25 12:01:08.020810
PAY-546F78BE-44E3,CUST-01119,MERCH-048,60298,USD,FAILED,2026-09-10 23:53:20.020810
PAY-2ACBA456-C3C6,CUST-01203,MERCH-011,93009,EUR,SUCCESS,2026-09-03 19:56:21.020810
PAY-920DCF7B-DE57,CUST-00840,MERCH-030,85531,NGN,SUCCESS,2026-09-24 04:02:26.020810
PAY-C8B82B7F-6458,CUST-00826,MERCH-030,119035,USD,FAILED,2026-09-24 07:14:50.020810
PAY-5751A2A9-DCC6,CUST-00313,MERCH-010,110494,USD,SUCCESS,2026-09-20 11:24:20.020810
PAY-7A75282A-F9CC,CUST-00051,MERCH-009,100496,USD,PENDING,2026-09-17 03:12:01.020810
PAY-E0132E1F-8328,CUST-01295,MERCH-010,96368,USD,PENDING,2026-09-21 03:32:48.020810
PAY-FEA74AB1-2EE3,CUST-00029,MERCH-028,40093,USD,SUCCESS,2026-09-10 03:29:38.020810
PAY-C453EBEC-4670,CUST-01215,MERCH-012,25363,GBP,SUCCESS,2026-09-12 07:00:24.020810
PAY-D4D08468-7A04,CUST-00034,MERCH-026,39795,USD,SUCCESS,2026-09-24 16:26:47.020810
PAY-936209C9-BA76,CUST-00555,MERCH-022,6183,GBP,SUCCESS,2026-09-11 08:35:37.020810
PAY-3A84831A-C646,CUST-01019,MERCH-026,80066,USD,SUCCESS,2026-09-09 10:38:33.020810
PAY-0703ADA0-2C05,CUST-01126,MERCH-018,50293,NGN,SUCCESS,2026-09-12 19:31:34.020810
PAY-A77DEBE0-433F,CUST-00997,MERCH-039,113970,EUR,SUCCESS,2026-09-25 23:43:38.020810
PAY-234F7351-D8B9,CUST-00892,MERCH-011,16165,USD,SUCCESS,2026-09-25 09:59:08.020810
PAY-A1E13401-DF3E,CUST-00724,MERCH-007,85246,USD,SUCCESS,2026-09-05 00:08:31.020810
PAY-29DD179A-E82B,CUST-01446,MERCH-031,76343,GBP,FAILED,2026-10-01 06:20:59.020810
PAY-C9BD3635-E8AB,CUST-00290,MERCH-016,130059,USD,PENDING,2026-09-26 22:35:35.020810
PAY-EB713ECE-22F7,CUST-00444,MERCH-027,3899,EUR,PENDING,2026-09-25 13:40:21.020810
PAY-70926538-CA0A,CUST-00631,MERCH-041,89256,USD,SUCCESS,2026-09-09 10:58:33.020810
PAY-E6C5D68E-61C0,CUST-01292,MERCH-020,32441,NGN,PENDING,2026-09-22 14:00:32.020810
PAY-F9E4B87E-E667,CUST-01227,MERCH-009,74397,USD,SUCCESS,2026-09-27 11:15:44.020810
PAY-247FC434-7BC5,CUST-00699,MERCH-047,34089,USD,SUCCESS,2026-09-19 21:10:50.020810
PAY-3802260C-05E0,CUST-00757,MERCH-037,17047,USD,SUCCESS,2026-09-24 17:53:06.020810
PAY-0D15FB66-E9E4,CUST-00037,MERCH-029,109814,GBP,SUCCESS,2026-09-19 17:16:55.020810
PAY-19844C25-C575,CUST-00505,MERCH-014,61694,EUR,SUCCESS,2026-09-17 14:14:31.020810
PAY-52C0ACF9-9124,CUST-00641,MERCH-041,74039,USD,SUCCESS,2026-09-24 20:59:22.020810
PAY-496DEE07-6B00,CUST-01137,MERCH-022,87285,USD,FAILED,2026-09-29 18:42:02.020810
PAY-23B07BF2-24CF,CUST-01431,MERCH-013,84866,GBP,SUCCESS,2026-09-07 22:18:40.020810
PAY-21237AE8-E638,CUST-01296,MERCH-037,62632,USD,SUCCESS,2026-09-12 20:54:35.020810
PAY-FF9E069C-CD73,CUST-00511,MERCH-032,123642,GBP,FAILED,2026-09-29 02:28:50.020810
PAY-C0369E6A-6868,CUST-00040,MERCH-021,25556,USD,SUCCESS,2026-09-26 13:30:10.020810
PAY-935DDF87-43CC,CUST-00787,MERCH-049,84819,GBP,SUCCESS,2026-09-08 23:02:14.020810
PAY-8DBC8E98-20A8,CUST-00167,MERCH-034,121791,USD,PENDING,2026-09-25 14:10:40.020810
PAY-325204BB-3535,CUST-01235,MERCH-047,18044,EUR,SUCCESS,2026-09-14 16:06:42.020810
PAY-15D87B75-750A,CUST-00921,MERCH-025,72906,USD,SUCCESS,2026-09-11 03:15:49.020810
PAY-954ADE2C-8F3D,CUST-01458,MERCH-010,15972,USD,SUCCESS,2026-09-19 10:01:41.020810
PAY-0C306791-254B,CUST-00971,MERCH-016,1300,USD,FAILED,2026-09-12 14:23:34.020810
PAY-652D7A1E-D5D8,CUST-00671,MERCH-023,147792,GBP,SUCCESS,2026-09-25 04:24:21.020810
PAY-FFE53736-5049,CUST-00300,MERCH-018,127560,USD,SUCCESS,2026-09-17 07:03:33.020810
PAY-BBCB82B0-1F12,CUST-00644,MERCH-039,52944,EUR,SUCCESS,2026-09-27 19:02:14.020810
PAY-F902EED4-030D,CUST-01323,MERCH-013,32052,EUR,PENDING,2026-09-30 18:25:49.020810
PAY-41929EF9-AA84,CUST-00606,MERCH-047,51603,USD,PENDING,2026-09-04 16:45:06.020810
PAY-068CEA8A-ED45,CUST-01073,MERCH-033,65571,NGN,SUCCESS,2026-09-15 11:16:34.020810
PAY-C0F11E20-7B8A,CUST-00771,MERCH-028,78665,USD,PENDING,2026-09-02 06:54:23.020810
PAY-0D21BF99-19EB,CUST-00535,MERCH-014,78121,NGN,SUCCESS,2026-09-08 18:01:56.020810
PAY-7612D5E3-2AA4,CUST-00052,MERCH-002,21133,USD,SUCCESS,2026-09-22 05:11:04.020810
PAY-B6CCC090-C221,CUST-00755,MERCH-030,117595,NGN,SUCCESS,2026-09-08 22:10:28.020810
PAY-D0C0C8D5-89A0,CUST-01282,MERCH-025,41650,USD,FAILED,2026-09-28 17:07:14.020810
PAY-7BF3018F-CEFA,CUST-01217,MERCH-029,28744,USD,SUCCESS,2026-09-17 00:07:43.020810
PAY-7D16BDB6-DD5D,CUST-00561,MERCH-030,52347,USD,PENDING,2026-09-15 03:41:42.020810
PAY-A91D7CB2-C8F4,CUST-01447,MERCH-039,75148,USD,SUCCESS,2026-09-23 18:21:45.020810
PAY-86A62C82-BB30,CUST-00334,MERCH-038,85121,EUR,SUCCESS,2026-09-07 23:56:44.020810
PAY-D0581B3B-319B,CUST-00035,MERCH-008,86099,USD,SUCCESS,2026-09-04 07:16:07.020810
PAY-9497AF2F-CFBE,CUST-01132,MERCH-031,37659,USD,FAILED,2026-09-19 15:53:58.020810
PAY-5123E842-F07A,CUST-00646,MERCH-047,144712,GBP,SUCCESS,2026-09-19 23:07:52.020810
PAY-3ED307FD-DDD0,CUST-00053,MERCH-041,85404,EUR,SUCCESS,2026-09-22 20:08:23.020810
PAY-97ACDFFE-668A,CUST-00811,MERCH-012,9552,GBP,SUCCESS,2026-09-17 14:43:10.020810
PAY-E64314E7-34E1,CUST-01319,MERCH-019,148773,USD,SUCCESS,2026-09-17 11:41:40.020810
PAY-988834E3-3D9E,CUST-01165,MERCH-003,15143,USD,SUCCESS,2026-09-26 14:22:27.020810
PAY-488E6CE0-FA43,CUST-01481,MERCH-046,130700,USD,SUCCESS,2026-09-08 03:49:36.020810
PAY-E2B91647-C3B0,CUST-00131,MERCH-005,40233,EUR,SUCCESS,2026-09-08 13:11:58.020810
PAY-3D5A6DC2-90F9,CUST-00210,MERCH-034,62107,USD,SUCCESS,2026-09-09 16:32:39.020810
PAY-51EF9EE1-283F,CUST-00189,MERCH-049,94106,USD,SUCCESS,2026-09-19 05:59:25.020810
PAY-87CE6F75-E78F,CUST-00693,MERCH-006,90565,USD,SUCCESS,2026-09-21 18:57:12.020810
PAY-DF111977-8EC5,CUST-00143,MERCH-032,143397,USD,SUCCESS,2026-09-21 04:52:36.020810
PAY-152D38AD-499F,CUST-00128,MERCH-034,104306,USD,PENDING,2026-09-21 23:16:37.020810
PAY-9EBC3C8A-6E61,CUST-01423,MERCH-010,23954,USD,SUCCESS,2026-09-28 08:46:14.020810
PAY-2652475E-EB2D,CUST-00425,MERCH-029,30711,USD,SUCCESS,2026-09-09 11:30:34.020810
PAY-9D769495-C2D3,CUST-00535,MERCH-015,15314,USD,SUCCESS,2026-09-13 08:57:18.020810
PAY-96497500-6E6D,CUST-01321,MERCH-044,6850,EUR,SUCCESS,2026-09-28 19:56:25.020810
PAY-27A37BBB-2726,CUST-00108,MERCH-042,125986,USD,FAILED,2026-09-12 16:56:25.020810
PAY-0EDA7541-5B64,CUST-00087,MERCH-003,61491,NGN,SUCCESS,2026-09-12 09:20:43.020810
PAY-838FC7C5-5A99,CUST-00313,MERCH-009,84244,USD,SUCCESS,2026-09-26 01:24:47.020810
PAY-30012EE3-7EE9,CUST-00662,MERCH-025,5547,USD,SUCCESS,2026-09-20 23:20:29.020810
PAY-8C156AE1-1846,CUST-01045,MERCH-049,129534,USD,FAILED,2026-09-15 19:38:42.020810
PAY-D31ED535-30B0,CUST-00049,MERCH-043,144687,USD,SUCCESS,2026-09-21 21:37:46.020810
PAY-B4D53EA0-C9E6,CUST-00140,MERCH-003,9938,USD,FAILED,2026-09-11 11:21:09.020810
PAY-145B61FA-8653,CUST-00428,MERCH-015,129334,USD,SUCCESS,2026-09-30 01:07:52.020810
PAY-2B0039D4-9781,CUST-00015,MERCH-023,96999,USD,SUCCESS,2026-09-05 16:07:42.020810
PAY-62D46143-C2DC,CUST-01043,MERCH-011,56278,USD,SUCCESS,2026-09-21 00:56:26.020810
PAY-781C050C-C93A,CUST-00312,MERCH-035,74271,USD,SUCCESS,2026-09-02 02:45:14.020810
PAY-F1AFAA62-EA4B,CUST-00545,MERCH-036,134424,USD,SUCCESS,2026-09-19 22:16:57.020810
PAY-8BC39828-6A20,CUST-00796,MERCH-011,67681,USD,SUCCESS,2026-09-11 13:03:19.020810
PAY-4F63922A-D6DB,CUST-00686,MERCH-013,68747,USD,SUCCESS,2026-09-17 15:14:28.020810
PAY-F66BC2B4-D479,CUST-00805,MERCH-008,118897,NGN,SUCCESS,2026-09-15 14:41:04.020810
PAY-3DF08660-B094,CUST-00060,MERCH-029,134666,USD,SUCCESS,2026-10-01 01:09:55.020810
PAY-2B3792F9-D7EA,CUST-00831,MERCH-014,30041,NGN,FAILED,2026-09-10 17:32:08.020810
PAY-81778C15-FC6C,CUST-00086,MERCH-025,54392,USD,SUCCESS,2026-09-06 22:32:23.020810
PAY-FF8984E4-84EF,CUST-00410,MERCH-049,78778,USD,SUCCESS,2026-09-29 10:31:48.020810
PAY-DD76D499-3272,CUST-01413,MERCH-044,80026,EUR,SUCCESS,2026-09-12 03:55:04.020810
PAY-9CA6AF4E-A1AA,CUST-00740,MERCH-030,60743,USD,FAILED,2026-09-04 09:32:01.020810
PAY-4577420D-381C,CUST-01161,MERCH-017,134481,GBP,SUCCESS,2026-09-12 06:47:17.020810
PAY-A06101D5-DAFD,CUST-00049,MERCH-020,57234,EUR,SUCCESS,2026-09-02 08:35:30.020810
PAY-F4254B98-03AB,CUST-00371,MERCH-022,131465,GBP,FAILED,2026-09-11 18:36:32.020810
PAY-CB0E0FF7-EF27,CUST-01475,MERCH-025,120531,USD,SUCCESS,2026-09-17 15:35:29.020810
PAY-D8FFCC6E-D45E,CUST-00801,MERCH-039,129391,GBP,SUCCESS,2026-09-09 18:43:46.020810
PAY-95E26243-B734,CUST-00984,MERCH-036,75300,USD,FAILED,2026-09-30 17:26:37.020810
PAY-26F6CA02-517C,CUST-01367,MERCH-016,28617,USD,SUCCESS,2026-09-05 12:41:15.020810
PAY-5B539C50-B9A1,CUST-00001,MERCH-002,3439,GBP,FAILED,2026-09-04 04:28:39.020810
PAY-CF4DF45A-BE4B,CUST-00562,MERCH-001,117169,USD,SUCCESS,2026-09-16 11:43:54.020810
PAY-CC5AED85-A0EE,CUST-00782,MERCH-047,42308,USD,SUCCESS,2026-09-29 08:05:16.020810
PAY-F1ABA420-E540,CUST-00200,MERCH-004,56941,USD,FAILED,2026-09-19 14:59:59.020810
PAY-7100C607-19FC,CUST-01323,MERCH-013,98232,USD,SUCCESS,2026-09-22 07:12:52.020810
PAY-B42D2F4E-AF04,CUST-00156,MERCH-018,6370,USD,PENDING,2026-09-22 00:35:54.020810
PAY-9736DE2D-760D,CUST-00610,MERCH-050,31977,USD,SUCCESS,2026-09-03 10:57:37.020810
PAY-8AD9ED46-D356,CUST-00619,MERCH-010,120280,USD,SUCCESS,2026-09-14 12:17:18.020810
PAY-D5191CD6-2ED0,CUST-00420,MERCH-008,125412,USD,SUCCESS,2026-09-03 05:34:17.020810
PAY-112D5F4C-0159,CUST-00358,MERCH-001,23069,USD,SUCCESS,2026-09-07 05:21:50.020810
PAY-2CD27A9F-343D,CUST-01485,MERCH-016,146630,USD,SUCCESS,2026-09-23 20:35:21.020810
PAY-382C6D76-C575,CUST-00560,MERCH-018,148147,USD,SUCCESS,2026-09-02 20:28:26.020810
PAY-28196882-2D7F,CUST-00983,MERCH-005,56985,USD,SUCCESS,2026-09-09 04:47:32.020810
PAY-597A1E23-65B6,CUST-00134,MERCH-026,8337,EUR,SUCCESS,2026-09-20 01:55:22.020810
PAY-E1A5B363-2CA3,CUST-00077,MERCH-032,122580,USD,SUCCESS,2026-09-22 18:04:31.020810
PAY-386A08F6-B63A,CUST-00845,MERCH-012,12043,NGN,PENDING,2026-09-02 09:39:01.020810
PAY-93C684E8-A7D8,CUST-01345,MERCH-005,74311,USD,SUCCESS,2026-09-15 09:22:23.020810
PAY-68226157-98EC,CUST-01473,MERCH-031,70567,USD,SUCCESS,2026-09-11 14:21:06.020810
PAY-A756055D-E44D,CUST-00050,MERCH-043,49801,USD,SUCCESS,2026-09-14 23:03:00.020810
PAY-581BE38C-1909,CUST-00481,MERCH-045,1010,USD,PENDING,2026-09-23 12:08:09.020810
PAY-1040A21A-6377,CUST-01332,MERCH-003,114622,USD,FAILED,2026-09-29 02:22:49.020810
PAY-AA147329-5654,CUST-01145,MERCH-045,61191,GBP,SUCCESS,2026-09-25 11:22:00.020810
PAY-DFA1AB17-1985,CUST-01466,MERCH-048,75608,USD,SUCCESS,2026-09-04 01:17:34.020810
PAY-9EDA947A-C9B9,CUST-00746,MERCH-006,96784,USD,SUCCESS,2026-09-30 18:58:06.020810
PAY-7FAC49F0-25FB,CUST-00935,MERCH-031,43464,USD,SUCCESS,2026-09-28 04:41:06.020810
PAY-2F183615-CED1,CUST-00765,MERCH-043,144947,NGN,SUCCESS,2026-09-19 18:45:15.020810
PAY-D07DC659-6CD6,CUST-01108,MERCH-010,91408,NGN,SUCCESS,2026-09-17 07:50:47.020810
PAY-E88180CE-8207,CUST-00834,MERCH-012,105824,GBP,SUCCESS,2026-09-29 22:11:11.020810
PAY-00808AC7-7204,CUST-00763,MERCH-030,77163,USD,PENDING,2026-09-18 14:59:03.020810
PAY-BB027762-01BE,CUST-00303,MERCH-044,142652,USD,SUCCESS,2026-09-25 18:20:15.020810
PAY-CDC77A6A-02DC,CUST-00836,MERCH-024,23161,USD,SUCCESS,2026-09-22 17:10:15.020810
PAY-1879823C-9C3D,CUST-01234,MERCH-017,87742,USD,FAILED,2026-09-08 10:33:17.020810
PAY-2A2B3A5F-8637,CUST-00735,MERCH-042,118666,USD,SUCCESS,2026-09-24 09:46:01.020810
PAY-7121FAED-C624,CUST-01105,MERCH-044,11708,GBP,SUCCESS,2026-09-09 17:35:11.020810
PAY-3B088020-09C6,CUST-00704,MERCH-033,90061,USD,FAILED,2026-09-08 19:11:12.020810
PAY-9154B313-DE5C,CUST-01107,MERCH-041,37074,USD,SUCCESS,2026-09-09 11:56:16.020810
PAY-1D9BA67D-8F0A,CUST-00422,MERCH-045,21928,USD,SUCCESS,2026-09-20 23:58:20.020810
PAY-8B0DA08E-FB03,CUST-00859,MERCH-008,143105,USD,SUCCESS,2026-09-26 02:20:42.020810
PAY-10D4996B-DE3A,CUST-00086,MERCH-034,1559,GBP,SUCCESS,2026-09-06 19:08:39.020810
PAY-DC6A7CC9-41B9,CUST-00522,MERCH-036,59949,USD,PENDING,2026-09-09 18:04:56.020810
PAY-D34559AE-2265,CUST-01401,MERCH-046,128735,EUR,FAILED,2026-09-18 00:22:38.020810
PAY-E7DAE6AF-DDD8,CUST-00240,MERCH-021,144273,USD,FAILED,2026-09-19 21:08:33.020810
PAY-F219A1B1-ACC1,CUST-00809,MERCH-034,57928,USD,SUCCESS,2026-09-20 19:50:08.020810
PAY-0B0CE411-659E,CUST-01182,MERCH-023,28399,USD,SUCCESS,2026-09-21 13:32:36.020810
PAY-03320F15-6506,CUST-00463,MERCH-041,41316,GBP,SUCCESS,2026-09-23 18:44:10.020810
PAY-E9C2D83E-8A51,CUST-01422,MERCH-049,656,EUR,FAILED,2026-09-10 21:36:45.020810
PAY-4BEBDAE5-245B,CUST-01034,MERCH-007,38341,USD,SUCCESS,2026-09-25 19:08:38.020810
PAY-C00D1687-1C08,CUST-00148,MERCH-045,63895,USD,SUCCESS,2026-09-16 15:21:15.020810
PAY-DB628004-90AD,CUST-00832,MERCH-020,142573,USD,PENDING,2026-09-11 21:58:40.020810
PAY-6B700E20-8E3E,CUST-01308,MERCH-007,6661,USD,SUCCESS,2026-09-11 00:43:46.020810
PAY-9CABCE85-CE8A,CUST-00034,MERCH-002,32239,GBP,SUCCESS,2026-09-16 02:48:15.020810
PAY-68D31029-4BD5,CUST-00425,MERCH-012,18069,EUR,SUCCESS,2026-09-05 05:18:12.020810
PAY-2D9DA045-38F6,CUST-00520,MERCH-029,111103,USD,SUCCESS,2026-09-07 12:46:51.020810
PAY-9546FD32-71D3,CUST-00733,MERCH-043,3270,USD,SUCCESS,2026-09-21 07:43:14.020810
PAY-D9899EA0-A9FB,CUST-01430,MERCH-039,90459,EUR,SUCCESS,2026-09-16 07:58:01.020810
PAY-4B7FB111-F7D1,CUST-00795,MERCH-024,80135,NGN,SUCCESS,2026-09-11 21:03:02.020810
PAY-AF7C6406-0724,CUST-00878,MERCH-040,125920,USD,SUCCESS,2026-09-30 09:13:49.020810
PAY-6B83DB90-A2C4,CUST-01301,MERCH-040,11477,NGN,SUCCESS,2026-09-30 13:28:39.020810
PAY-FB7495EE-57D1,CUST-01391,MERCH-032,131570,USD,PENDING,2026-09-03 06:54:43.020810
PAY-52EC9DC7-F05B,CUST-00655,MERCH-023,67551,USD,PENDING,2026-09-03 06:21:19.020810
PAY-E3948A46-0055,CUST-01435,MERCH-031,141800,USD,FAILED,2026-09-20 09:17:53.020810
PAY-5B628AED-89C5,CUST-00201,MERCH-028,92526,NGN,SUCCESS,2026-09-30 06:14:26.020810
PAY-5DFCC436-5867,CUST-01403,MERCH-032,100106,USD,SUCCESS,2026-09-03 02:01:49.020810
PAY-4321A244-658A,CUST-00080,MERCH-032,124984,NGN,SUCCESS,2026-09-05 23:21:12.020810
PAY-8DA0A689-A398,CUST-00517,MERCH-035,22248,USD,SUCCESS,2026-09-06 05:26:07.020810
PAY-DD9BD6F7-1AD0,CUST-00503,MERCH-047,119693,USD,SUCCESS,2026-09-06 07:42:55.020810
PAY-71142EE9-DAD3,CUST-00778,MERCH-048,63775,USD,SUCCESS,2026-09-18 03:16:12.020810
PAY-0DF405B2-F058,CUST-01237,MERCH-031,85139,USD,SUCCESS,2026-09-03 10:12:08.020810
PAY-46D512DF-E4E7,CUST-00635,MERCH-036,57268,USD,FAILED,2026-09-23 15:52:32.020810
PAY-B8D0D12B-7BA7,CUST-01257,MERCH-027,3198,GBP,SUCCESS,2026-09-06 08:49:11.020810
PAY-414C4EE9-2960,CUST-01401,MERCH-009,7901,USD,SUCCESS,2026-09-30 13:35:08.020810
PAY-1BDE417A-F494,CUST-01037,MERCH-029,132115,USD,SUCCESS,2026-09-05 02:41:51.020810
PAY-0D2BF1A6-3BCA,CUST-00372,MERCH-030,148624,EUR,SUCCESS,2026-09-15 02:17:14.020810
PAY-DCEA05C5-33D1,CUST-00795,MERCH-035,66875,NGN,SUCCESS,2026-09-04 02:56:52.020810
PAY-CC697163-1019,CUST-01200,MERCH-008,129238,EUR,SUCCESS,2026-09-26 20:13:56.020810
PAY-7F6F209D-4A63,CUST-00357,MERCH-029,43162,NGN,SUCCESS,2026-09-16 00:00:51.020810
PAY-80DD3B88-AD52,CUST-00082,MERCH-019,87378,USD,SUCCESS,2026-09-30 22:32:48.020810
PAY-1624453E-FBA9,CUST-00874,MERCH-008,20638,USD,SUCCESS,2026-09-09 06:32:29.020810
PAY-57EB7A3D-D038,CUST-00408,MERCH-031,65785,USD,SUCCESS,2026-09-25 08:42:36.020810
PAY-99D3650A-5502,CUST-00012,MERCH-025,99254,USD,SUCCESS,2026-09-10 07:58:53.020810
PAY-34F6BD77-C6BE,CUST-00090,MERCH-020,59068,GBP,SUCCESS,2026-09-10 15:01:33.020810
PAY-7801C434-F9AB,CUST-00697,MERCH-044,129829,EUR,SUCCESS,2026-09-30 02:05:56.020810
PAY-4949A860-D07B,CUST-00469,MERCH-046,30932,USD,SUCCESS,2026-09-23 08:15:53.020810
PAY-49BE4C9E-3A9D,CUST-00208,MERCH-011,35102,USD,FAILED,2026-09-08 12:22:36.020810
PAY-E8DB15C0-105F,CUST-01240,MERCH-037,115344,NGN,SUCCESS,2026-09-02 21:46:40.020810
PAY-963ABC05-55BF,CUST-01017,MERCH-024,5883,USD,SUCCESS,2026-09-22 15:08:46.020810
PAY-117483E2-66B0,CUST-01451,MERCH-034,142971,USD,SUCCESS,2026-09-19 15:16:40.020810
PAY-74631B24-1FB6,CUST-00218,MERCH-027,9291,USD,PENDING,2026-09-24 18:02:32.020810
PAY-2D956F9F-2728,CUST-00572,MERCH-028,111191,USD,PENDING,2026-09-28 19:28:15.020810
PAY-F38D267A-AD6B,CUST-00138,MERCH-005,69385,GBP,FAILED,2026-09-05 23:50:10.020810
PAY-5B50BEBC-506B,CUST-01362,MERCH-023,105705,EUR,SUCCESS,2026-09-24 19:10:10.020810
PAY-9661C4AD-C2A6,CUST-01039,MERCH-016,32222,EUR,SUCCESS,2026-09-08 10:25:18.020810
PAY-81019ABB-212F,CUST-00050,MERCH-011,49466,USD,PENDING,2026-09-05 22:49:40.020810
PAY-622D6AB3-D4BF,CUST-01362,MERCH-013,143609,EUR,FAILED,2026-09-23 09:56:14.020810
PAY-649B9476-09A3,CUST-00765,MERCH-036,125773,GBP,SUCCESS,2026-09-14 12:36:56.020810
PAY-4AA8A354-F8A6,CUST-00137,MERCH-043,108832,USD,SUCCESS,2026-09-10 18:19:33.020810
PAY-D4BD2BB7-C479,CUST-00238,MERCH-036,61382,USD,FAILED,2026-09-03 16:30:34.020810
PAY-F19488C4-9F17,CUST-00415,MERCH-010,35421,USD,SUCCESS,2026-09-16 08:06:57.020810
PAY-1E0F6556-28F2,CUST-01437,MERCH-026,97980,USD,SUCCESS,2026-09-02 07:13:56.020810
PAY-624B5F71-2406,CUST-00123,MERCH-033,30057,EUR,FAILED,2026-09-02 08:21:52.020810
PAY-0DF5D16D-27F4,CUST-01075,MERCH-043,139572,USD,SUCCESS,2026-09-14 15:58:20.020810
PAY-8B0C78E3-391C,CUST-00019,MERCH-020,84262,USD,SUCCESS,2026-09-08 09:52:45.020810
PAY-BE7EC5A9-0B07,CUST-00500,MERCH-031,49957,USD,PENDING,2026-09-12 03:00:26.020810
PAY-17E2849F-6E5F,CUST-01360,MERCH-031,125997,USD,SUCCESS,2026-09-24 23:25:19.020810
PAY-81133BF8-A8BF,CUST-00439,MERCH-007,102174,USD,SUCCESS,2026-09-10 03:04:20.020810
PAY-6916D083-0C62,CUST-01133,MERCH-041,19090,EUR,SUCCESS,2026-09-28 00:58:15.020810
PAY-3511D376-4D09,CUST-00300,MERCH-043,134158,USD,PENDING,2026-09-07 22:06:17.020810
PAY-7809C6B2-7D86,CUST-00298,MERCH-049,125723,USD,SUCCESS,2026-09-05 01:24:34.020810
PAY-CAE1E0BC-E644,CUST-01052,MERCH-005,43683,USD,SUCCESS,2026-09-29 05:48:43.020810
PAY-71A626AC-5F8D,CUST-00506,MERCH-041,95323,GBP,PENDING,2026-09-21 19:57:47.020810
PAY-6CACFD07-7BAE,CUST-00462,MERCH-017,16142,USD,PENDING,2026-09-21 11:40:16.020810
PAY-9DD9D6F2-DC7D,CUST-00885,MERCH-003,103949,GBP,PENDING,2026-09-17 07:35:09.020810
PAY-EAAB2EFD-B3CF,CUST-00057,MERCH-013,102939,USD,SUCCESS,2026-09-19 21:33:43.020810
PAY-81820AD7-498C,CUST-00922,MERCH-039,33877,USD,FAILED,2026-09-12 16:00:35.020810
PAY-1D5A7B35-CB26,CUST-00982,MERCH-040,107069,USD,SUCCESS,2026-09-26 11:51:23.020810
PAY-8B00AFF3-A0E2,CUST-01324,MERCH-049,63765,USD,SUCCESS,2026-09-09 09:26:28.020810
PAY-FA113E08-FFDB,CUST-01227,MERCH-034,130820,EUR,PENDING,2026-09-15 17:18:04.020810
PAY-E08F6291-BDBE,CUST-00154,MERCH-028,8603,EUR,PENDING,2026-09-30 21:02:01.020810
PAY-FA6A2CE3-4B93,CUST-00855,MERCH-005,22740,USD,SUCCESS,2026-09-29 00:36:11.020810
PAY-A874CD49-B56D,CUST-01443,MERCH-050,10972,USD,SUCCESS,2026-09-08 19:47:05.020810
PAY-B8583860-9A10,CUST-00757,MERCH-018,74118,USD,SUCCESS,2026-09-20 20:22:49.020810
PAY-4692332D-D34B,CUST-00952,MERCH-042,80059,USD,FAILED,2026-09-18 08:02:48.020810
PAY-EAD1A6C8-720C,CUST-01097,MERCH-039,81277,USD,SUCCESS,2026-09-17 15:16:32.020810
PAY-5B57FD81-7F4E,CUST-00963,MERCH-033,101712,USD,SUCCESS,2026-09-25 10:30:16.020810
PAY-E3346821-7628,CUST-01410,MERCH-038,36483,USD,SUCCESS,2026-09-28 22:51:24.020810
PAY-B612819F-C4E2,CUST-00962,MERCH-022,128865,USD,SUCCESS,2026-09-06 04:11:57.020810
PAY-BB3095BB-AB6B,CUST-00702,MERCH-035,16997,USD,FAILED,2026-09-26 20:32:12.020810
PAY-CCC742A6-6E75,CUST-00516,MERCH-041,71606,EUR,SUCCESS,2026-09-14 18:40:48.020810
PAY-1B361CCA-F2D7,CUST-00592,MERCH-039,60227,GBP,SUCCESS,2026-09-26 16:28:57.020810
PAY-CD9F4E31-7F2E,CUST-00642,MERCH-021,148877,EUR,SUCCESS,2026-09-13 09:07:45.020810
PAY-F7529873-8CEC,CUST-00392,MERCH-023,50791,USD,SUCCESS,2026-09-16 15:06:42.020810
PAY-8463FE31-E2ED,CUST-00687,MERCH-034,73512,USD,PENDING,2026-09-21 17:40:07.020810
PAY-9463C5F7-5713,CUST-00541,MERCH-039,49875,GBP,SUCCESS,2026-09-22 08:00:34.020810
PAY-6BA1D673-73CA,CUST-01256,MERCH-009,50298,USD,SUCCESS,2026-09-16 01:54:30.020810
PAY-FEA21481-B793,CUST-01408,MERCH-044,142785,USD,SUCCESS,2026-09-19 07:21:13.020810
PAY-D2D85F68-DB9B,CUST-01133,MERCH-021,121791,USD,SUCCESS,2026-09-11 16:24:33.020810
PAY-E57D29FF-461B,CUST-01192,MERCH-034,31226,USD,PENDING,2026-09-10 04:14:04.020810
PAY-2CAB3C70-7769,CUST-01484,MERCH-047,65256,USD,PENDING,2026-09-15 21:46:03.020810
PAY-35B0B947-38B2,CUST-00422,MERCH-039,48492,NGN,SUCCESS,2026-09-18 03:15:28.020810
PAY-F8A99F4E-2076,CUST-01327,MERCH-032,64891,EUR,SUCCESS,2026-09-19 23:05:45.020810
PAY-94DC3F81-0F80,CUST-00803,MERCH-031,149447,EUR,SUCCESS,2026-09-14 21:37:34.020810
PAY-FBF39241-E06B,CUST-00941,MERCH-035,38862,USD,SUCCESS,2026-09-18 07:57:00.020810
PAY-D19278E1-6C4A,CUST-00522,MERCH-039,66700,USD,SUCCESS,2026-09-05 06:08:07.020810
PAY-7B6C0D48-35E8,CUST-00255,MERCH-025,103543,USD,SUCCESS,2026-09-28 11:47:00.020810
PAY-3B5F8945-00B2,CUST-00007,MERCH-005,67297,USD,SUCCESS,2026-09-10 22:18:28.020810
PAY-5A676224-C014,CUST-01014,MERCH-030,73137,USD,SUCCESS,2026-09-28 11:44:16.020810
PAY-A84296B5-260F,CUST-01047,MERCH-037,52716,USD,FAILED,2026-09-22 04:06:03.020810
PAY-01A1C96B-5187,CUST-00545,MERCH-004,128835,USD,SUCCESS,2026-09-22 12:30:21.020810
PAY-33ACF718-BA66,CUST-01220,MERCH-007,115102,USD,PENDING,2026-09-24 21:11:59.020810
PAY-118AA8AB-F8BE,CUST-00793,MERCH-021,37128,USD,SUCCESS,2026-09-07 13:21:14.020810
PAY-B2365766-A1BE,CUST-00371,MERCH-008,14787,USD,SUCCESS,2026-09-19 07:10:35.020810
PAY-D376F6C8-F275,CUST-00085,MERCH-005,28670,USD,SUCCESS,2026-09-15 05:20:02.020810
PAY-C4945A69-5844,CUST-01124,MERCH-035,33902,NGN,SUCCESS,2026-09-14 18:54:58.020810
PAY-D8145945-229A,CUST-00197,MERCH-048,54211,USD,FAILED,2026-09-22 07:19:44.020810
PAY-374E7477-AA1A,CUST-00082,MERCH-043,16197,USD,FAILED,2026-09-29 06:17:22.020810
PAY-288D1E68-1554,CUST-00021,MERCH-008,73159,USD,FAILED,2026-09-18 03:31:48.020810
PAY-85DDAC5D-2388,CUST-00583,MERCH-028,60921,USD,FAILED,2026-09-13 10:36:13.020810
PAY-3E78E934-87F1,CUST-00452,MERCH-040,70423,EUR,SUCCESS,2026-10-01 01:30:25.020810
PAY-0F63BA9E-1CBB,CUST-01132,MERCH-023,40268,USD,SUCCESS,2026-09-13 05:34:22.020810
PAY-72B3577D-138C,CUST-00048,MERCH-036,83525,NGN,SUCCESS,2026-09-30 02:44:23.020810
PAY-090A7A93-D8ED,CUST-00451,MERCH-011,53752,USD,SUCCESS,2026-09-20 08:44:06.020810
PAY-3141F527-1D8A,CUST-01110,MERCH-040,42546,USD,SUCCESS,2026-09-02 14:30:38.020810
PAY-A5856EF5-CC21,CUST-00187,MERCH-037,71207,NGN,SUCCESS,2026-10-01 13:42:24.020810
PAY-B1227C38-D412,CUST-00996,MERCH-008,65038,GBP,SUCCESS,2026-09-06 09:40:13.020810
PAY-F5F5C107-C3F5,CUST-00833,MERCH-015,120956,USD,SUCCESS,2026-09-13 12:10:11.020810
PAY-6552BAB4-9011,CUST-01249,MERCH-011,58261,USD,PENDING,2026-09-10 04:22:59.020810
PAY-341670F2-461F,CUST-00573,MERCH-007,63092,GBP,SUCCESS,2026-09-01 21:52:56.020810
PAY-AA5BF8B7-788F,CUST-01375,MERCH-020,101871,USD,SUCCESS,2026-09-22 21:13:39.020810
PAY-4C5BEBE8-9D2B,CUST-00914,MERCH-014,26810,NGN,PENDING,2026-09-13 00:42:03.020810
PAY-27CE31AA-6A61,CUST-00168,MERCH-027,116505,GBP,SUCCESS,2026-09-23 07:38:36.020810
PAY-07E2D946-EFF0,CUST-00308,MERCH-048,100157,USD,SUCCESS,2026-09-20 10:08:14.020810
PAY-C616C7AD-3DAA,CUST-00048,MERCH-035,54273,USD,SUCCESS,2026-09-14 22:46:17.020810
PAY-257A98FF-D3F9,CUST-01379,MERCH-032,137846,USD,SUCCESS,2026-09-22 22:55:31.020810
PAY-86A9BF20-4FBF,CUST-00702,MERCH-021,131318,GBP,FAILED,2026-09-02 18:19:35.020810
PAY-C352CA00-BFEF,CUST-01040,MERCH-040,116417,USD,SUCCESS,2026-09-20 14:07:40.020810
PAY-B73DEC81-2215,CUST-01243,MERCH-014,38383,USD,FAILED,2026-09-19 20:43:19.020810
PAY-E85D7A72-D088,CUST-01441,MERCH-005,99502,GBP,FAILED,2026-09-30 22:21:08.020810
PAY-94B5E9E8-9FC3,CUST-00345,MERCH-026,57628,EUR,SUCCESS,2026-09-11 19:30:57.020810
PAY-9C9B38D3-635A,CUST-00644,MERCH-023,72364,USD,SUCCESS,2026-09-21 10:10:09.020810
PAY-2CD1D32F-F468,CUST-00510,MERCH-046,61027,USD,FAILED,2026-09-15 20:51:22.020810
PAY-AF476112-9417,CUST-00778,MERCH-039,6863,USD,SUCCESS,2026-09-24 13:26:46.020810
PAY-C7900E5E-A742,CUST-01406,MERCH-037,17459,USD,PENDING,2026-09-13 14:33:22.020810
PAY-74F13DE0-EB76,CUST-00927,MERCH-046,102439,USD,SUCCESS,2026-09-02 19:40:55.020810
PAY-CC0A049A-A56B,CUST-01171,MERCH-023,100369,USD,SUCCESS,2026-09-19 05:03:45.020810
PAY-C2AA0209-C643,CUST-00042,MERCH-032,117239,USD,FAILED,2026-09-22 22:30:27.020810
PAY-D6827480-C691,CUST-00869,MERCH-006,67327,USD,PENDING,2026-09-22 23:45:17.020810
PAY-3FEBE1A9-5D9F,CUST-00714,MERCH-015,96600,USD,SUCCESS,2026-09-14 19:44:24.020810
PAY-72103603-1094,CUST-00533,MERCH-031,44682,NGN,SUCCESS,2026-09-09 10:23:18.020810
PAY-08AB7569-D31D,CUST-00449,MERCH-038,139681,USD,FAILED,2026-09-26 20:44:14.020810
PAY-25BE411C-8250,CUST-00401,MERCH-003,96070,USD,FAILED,2026-09-20 06:36:19.020810
PAY-BD8172B2-B2E7,CUST-00099,MERCH-049,24085,USD,SUCCESS,2026-09-12 20:30:21.020810
PAY-21CCFC41-12C0,CUST-01449,MERCH-011,145419,USD,FAILED,2026-09-06 05:49:03.020810
PAY-F6FAE7E6-538F,CUST-00103,MERCH-017,138192,USD,FAILED,2026-09-05 14:31:48.020810
PAY-6426116A-D74C,CUST-00523,MERCH-029,77348,NGN,SUCCESS,2026-09-08 23:49:21.020810
PAY-471136A2-5D22,CUST-00291,MERCH-028,49264,USD,SUCCESS,2026-09-15 06:40:57.020810
PAY-6F2157E2-6106,CUST-00470,MERCH-027,44180,USD,SUCCESS,2026-09-16 21:13:45.020810
PAY-914D7CF5-9DD9,CUST-01067,MERCH-005,24688,EUR,PENDING,2026-09-13 00:16:32.020810
PAY-2005E4B4-DBB7,CUST-01272,MERCH-004,46622,NGN,PENDING,2026-09-29 13:19:43.020810
PAY-C12C1105-2F65,CUST-00591,MERCH-036,111456,GBP,SUCCESS,2026-09-24 14:04:11.020810
PAY-15E92042-B681,CUST-00344,MERCH-016,51719,EUR,PENDING,2026-09-02 14:12:32.020810
PAY-9C10C068-749E,CUST-01235,MERCH-046,18163,USD,PENDING,2026-09-05 11:57:27.020810
PAY-1D0F3253-C69C,CUST-00208,MERCH-018,140472,USD,SUCCESS,2026-09-10 10:25:37.020810
PAY-4616AAFA-007E,CUST-00255,MERCH-050,145580,EUR,PENDING,2026-09-24 05:05:08.020810
PAY-12555CAA-33A9,CUST-00756,MERCH-047,40534,USD,FAILED,2026-09-10 10:39:08.020810
PAY-C705BF87-4A21,CUST-01093,MERCH-012,2792,USD,SUCCESS,2026-09-13 16:23:23.020810
PAY-94B04DB8-CA27,CUST-00667,MERCH-011,135044,GBP,SUCCESS,2026-09-14 23:29:13.020810
PAY-7ABCAE6E-73E4,CUST-00043,MERCH-033,15402,EUR,SUCCESS,2026-09-26 05:59:14.020810
PAY-76C8F6E6-4F68,CUST-00807,MERCH-009,13173,USD,SUCCESS,2026-09-09 20:45:41.020810
PAY-D0C54696-0756,CUST-00961,MERCH-010,63919,USD,SUCCESS,2026-09-08 04:19:15.020810
PAY-5839F8FF-525F,CUST-01248,MERCH-024,73710,NGN,SUCCESS,2026-09-29 14:47:29.020810
PAY-D7F07B83-177A,CUST-00948,MERCH-016,46413,EUR,SUCCESS,2026-09-23 20:14:21.020810
PAY-950E516A-D87A,CUST-01455,MERCH-008,42990,USD,SUCCESS,2026-09-13 19:22:55.020810
PAY-05723E64-4585,CUST-01311,MERCH-039,18083,USD,SUCCESS,2026-09-03 19:26:35.020810
PAY-179AFCEB-E841,CUST-00773,MERCH-009,75788,USD,SUCCESS,2026-09-01 18:51:31.020810
PAY-E5976059-354F,CUST-00944,MERCH-034,104051,USD,SUCCESS,2026-09-25 13:01:53.020810
PAY-C3496ABC-CB6D,CUST-01128,MERCH-035,138138,USD,SUCCESS,2026-09-21 08:45:59.020810
PAY-C28DA2BE-E7D2,CUST-00956,MERCH-042,93282,NGN,SUCCESS,2026-09-26 23:38:02.020810
PAY-73E95142-F46B,CUST-01241,MERCH-037,66410,EUR,SUCCESS,2026-09-21 10:16:53.020810
PAY-98AEDD81-B853,CUST-01073,MERCH-027,132398,NGN,SUCCESS,2026-09-09 20:38:17.020810
PAY-4DA085AB-321D,CUST-01024,MERCH-009,54735,GBP,SUCCESS,2026-09-03 12:37:09.020810
PAY-996D03B3-DF39,CUST-00151,MERCH-039,78734,NGN,FAILED,2026-09-19 14:21:39.020810
PAY-8D917D67-170C,CUST-00237,MERCH-039,100789,GBP,SUCCESS,2026-09-21 18:41:12.020810
PAY-F45CD72F-87DF,CUST-00770,MERCH-020,6758,USD,SUCCESS,2026-09-19 21:29:37.020810
PAY-6A14FE17-3167,CUST-00645,MERCH-032,4705,USD,PENDING,2026-09-11 09:41:47.020810
PAY-9626032E-7068,CUST-00442,MERCH-028,118449,USD,SUCCESS,2026-09-08 21:39:23.020810
PAY-49DEA883-D0EC,CUST-01210,MERCH-049,79660,USD,SUCCESS,2026-09-08 13:07:19.020810
PAY-58BBD05F-F999,CUST-00812,MERCH-016,4793,USD,FAILED,2026-09-08 16:00:00.020810
PAY-633A840E-E760,CUST-00466,MERCH-029,128105,USD,SUCCESS,2026-09-14 00:51:50.020810
PAY-600E19D4-5452,CUST-00818,MERCH-030,97904,USD,SUCCESS,2026-09-24 08:11:36.020810
PAY-96120565-D99C,CUST-00420,MERCH-030,109499,USD,SUCCESS,2026-09-08 02:08:03.020810
PAY-2FBE6485-A91F,CUST-00106,MERCH-016,27051,EUR,FAILED,2026-09-08 19:45:15.020810
PAY-853C2713-5501,CUST-00606,MERCH-024,92395,EUR,SUCCESS,2026-09-04 08:04:45.020810
PAY-DBBCC9B4-AB1C,CUST-00953,MERCH-025,20979,NGN,FAILED,2026-09-22 19:07:04.020810
PAY-991B350F-3E58,CUST-01226,MERCH-019,134864,NGN,SUCCESS,2026-09-18 23:31:58.020810
PAY-C3BDE280-05D1,CUST-01130,MERCH-031,126187,NGN,FAILED,2026-09-03 17:24:18.020810
PAY-270A08E1-7DA5,CUST-00139,MERCH-023,51219,GBP,SUCCESS,2026-09-17 20:21:39.020810
PAY-20A33247-F82B,CUST-00636,MERCH-033,3398,EUR,PENDING,2026-09-09 19:31:52.020810
PAY-648DF30C-8435,CUST-00208,MERCH-010,71176,EUR,SUCCESS,2026-09-29 00:29:26.020810
PAY-2297AD52-A2D6,CUST-00123,MERCH-002,57829,NGN,SUCCESS,2026-09-26 11:48:33.020810
PAY-701E41CE-40A7,CUST-01292,MERCH-034,6828,USD,SUCCESS,2026-09-19 18:44:51.020810
PAY-97E4AD45-4964,CUST-00919,MERCH-026,121162,NGN,SUCCESS,2026-09-17 23:22:36.020810
PAY-F7F14A32-CF5B,CUST-00711,MERCH-040,75191,USD,SUCCESS,2026-09-17 14:38:34.020810
PAY-8CE7DF9B-1E92,CUST-00754,MERCH-004,32821,GBP,SUCCESS,2026-09-26 20:32:11.020810
PAY-6C530172-7CC5,CUST-00898,MERCH-049,114115,NGN,PENDING,2026-09-25 10:11:20.020810
PAY-B0F40A65-EE35,CUST-01053,MERCH-003,148965,USD,SUCCESS,2026-09-28 08:38:42.020810
PAY-FDF22CA8-172E,CUST-01037,MERCH-005,99570,USD,SUCCESS,2026-09-09 04:49:59.020810
PAY-1205FAE7-976E,CUST-00677,MERCH-043,70520,USD,PENDING,2026-09-23 02:39:59.020810
PAY-C5983E0D-5386,CUST-00295,MERCH-010,24929,GBP,SUCCESS,2026-09-11 06:56:12.020810
PAY-64747E50-8070,CUST-01264,MERCH-025,103889,USD,SUCCESS,2026-09-15 03:28:27.020810
PAY-0CA36255-CB3A,CUST-00452,MERCH-003,79906,USD,SUCCESS,2026-09-03 21:28:12.020810
PAY-9010F804-035C,CUST-00025,MERCH-009,110174,GBP,PENDING,2026-09-11 04:47:31.020810
PAY-A563357F-036E,CUST-01166,MERCH-013,40253,USD,PENDING,2026-09-22 00:43:02.020810
PAY-C5D2CBE5-85C8,CUST-00875,MERCH-036,67385,USD,FAILED,2026-09-29 08:10:35.020810
PAY-9EB08E6B-FA39,CUST-00432,MERCH-001,43332,USD,SUCCESS,2026-09-04 23:21:08.020810
PAY-4EA67456-A23E,CUST-00077,MERCH-017,17824,NGN,SUCCESS,2026-09-25 04:32:08.020810
PAY-A0B7AC4F-608A,CUST-00449,MERCH-030,129863,EUR,SUCCESS,2026-09-09 19:08:00.020810
PAY-0A75C179-B5E8,CUST-00234,MERCH-006,90346,USD,SUCCESS,2026-09-24 01:40:15.020810
PAY-D0232316-CE84,CUST-01264,MERCH-047,123426,USD,SUCCESS,2026-09-19 19:44:16.020810
PAY-B620AB47-B4AB,CUST-00529,MERCH-037,144135,USD,SUCCESS,2026-09-28 20:58:13.020810
PAY-AD442A62-AF0A,CUST-00678,MERCH-041,138573,EUR,FAILED,2026-09-17 14:37:45.020810
PAY-08EDCD04-7409,CUST-00319,MERCH-043,136827,USD,PENDING,2026-09-30 09:20:01.020810
PAY-10532986-E913,CUST-01398,MERCH-018,64803,USD,SUCCESS,2026-09-30 14:04:35.020810
PAY-02C2C2CC-050C,CUST-00464,MERCH-002,127219,USD,SUCCESS,2026-09-22 19:41:23.020810
PAY-0A2826E3-3DF8,CUST-00558,MERCH-022,79292,USD,SUCCESS,2026-09-26 11:01:35.020810
PAY-B8837245-504B,CUST-01022,MERCH-047,13944,USD,SUCCESS,2026-09-21 09:42:39.020810
PAY-BB17CCC2-3F28,CUST-01212,MERCH-020,28417,GBP,SUCCESS,2026-09-14 06:21:57.020810
PAY-3686FB92-EDD4,CUST-00304,MERCH-036,57897,USD,SUCCESS,2026-09-12 14:43:59.020810
PAY-E5EFCAF6-E82D,CUST-00510,MERCH-030,26346,GBP,SUCCESS,2026-09-09 04:44:58.020810
PAY-ABB44BEE-38F1,CUST-01429,MERCH-035,95656,USD,SUCCESS,2026-09-26 07:32:29.020810
PAY-B6554BC5-4520,CUST-00846,MERCH-048,110414,EUR,SUCCESS,2026-09-21 04:03:02.020810
PAY-1F362AB3-E39A,CUST-01161,MERCH-022,21767,GBP,SUCCESS,2026-09-16 06:38:58.020810
PAY-6F3DA43B-3035,CUST-00497,MERCH-011,17885,USD,SUCCESS,2026-09-25 02:47:55.020810
PAY-A2889FBD-78C3,CUST-00643,MERCH-004,106910,USD,SUCCESS,2026-09-22 21:43:44.020810
PAY-6C4DD24C-CB4A,CUST-00886,MERCH-010,124539,USD,SUCCESS,2026-09-21 20:47:43.020810
PAY-90D8C7C2-3837,CUST-00063,MERCH-022,31492,EUR,SUCCESS,2026-09-19 17:42:53.020810
PAY-6314F230-8CB6,CUST-00631,MERCH-016,129438,EUR,SUCCESS,2026-09-25 09:01:39.020810
PAY-9FD4151B-62A0,CUST-00812,MERCH-038,106751,USD,SUCCESS,2026-09-12 03:33:07.020810
PAY-11E2C484-FE18,CUST-00881,MERCH-016,64262,USD,SUCCESS,2026-09-15 15:56:59.020810
PAY-5628CAF3-BEF2,CUST-01251,MERCH-011,42231,USD,PENDING,2026-09-18 01:47:19.020810
PAY-E2D5776B-E17C,CUST-01225,MERCH-021,99288,EUR,SUCCESS,2026-09-30 13:36:20.020810
PAY-E851C029-71EA,CUST-00170,MERCH-007,22077,GBP,FAILED,2026-09-05 17:50:17.020810
PAY-414E5909-D92D,CUST-00018,MERCH-010,112839,EUR,FAILED,2026-09-27 23:46:04.020810
PAY-85385693-6D71,CUST-01009,MERCH-006,13963,USD,SUCCESS,2026-09-09 03:09:10.020810
PAY-2D3F08A2-4983,CUST-00005,MERCH-031,9068,USD,SUCCESS,2026-09-10 09:04:42.020810
PAY-A9008A97-E547,CUST-00274,MERCH-019,94151,USD,SUCCESS,2026-09-19 13:30:19.020810
PAY-E704F85D-8499,CUST-01365,MERCH-037,11098,NGN,PENDING,2026-09-06 00:09:33.020810
PAY-8EDD619F-A226,CUST-00339,MERCH-020,26706,GBP,FAILED,2026-09-17 18:50:01.020810
PAY-D6FB8BF2-DEB1,CUST-00080,MERCH-038,10858,NGN,SUCCESS,2026-09-05 18:07:50.020810
PAY-E3086DF8-F88E,CUST-01259,MERCH-001,45047,USD,SUCCESS,2026-09-11 02:10:34.020810
PAY-A581B364-CB88,CUST-00801,MERCH-032,70579,GBP,SUCCESS,2026-09-06 23:28:56.020810
PAY-3DEC07D3-A15F,CUST-01216,MERCH-019,138410,EUR,SUCCESS,2026-10-01 15:13:28.020810
PAY-BC92FEBE-65BC,CUST-00147,MERCH-040,36837,USD,FAILED,2026-09-15 13:35:35.020810
PAY-800435FC-933E,CUST-00134,MERCH-030,68652,USD,SUCCESS,2026-10-01 04:25:38.020810
PAY-7B0521A3-7A10,CUST-00323,MERCH-042,25697,USD,SUCCESS,2026-09-26 18:04:58.020810
PAY-DF3CE2D4-ED1B,CUST-01017,MERCH-039,74869,EUR,SUCCESS,2026-09-12 14:55:38.020810
PAY-BF8AAB43-0B32,CUST-00066,MERCH-026,43178,USD,SUCCESS,2026-09-18 04:45:19.020810
PAY-FD8FC985-5455,CUST-01424,MERCH-031,94544,GBP,SUCCESS,2026-09-23 17:24:05.020810
PAY-26563F59-76DC,CUST-01043,MERCH-020,105644,EUR,FAILED,2026-09-16 00:19:18.020810
PAY-E41D35C3-400A,CUST-00857,MERCH-016,86118,USD,PENDING,2026-09-16 18:34:54.020810
PAY-44C20507-A5C6,CUST-00432,MERCH-016,39486,EUR,SUCCESS,2026-09-24 03:37:43.020810
PAY-FCEDAB29-F1D4,CUST-01441,MERCH-010,21328,USD,PENDING,2026-09-03 13:03:47.020810
PAY-A9CB7834-5FAD,CUST-00121,MERCH-038,39213,GBP,SUCCESS,2026-09-07 11:20:32.020810
PAY-55B2285C-B570,CUST-00221,MERCH-029,39645,USD,FAILED,2026-09-07 21:07:09.020810
PAY-15F41BDD-52D9,CUST-01481,MERCH-005,87722,EUR,FAILED,2026-09-15 11:17:54.020810
PAY-062CC89F-52AB,CUST-01409,MERCH-021,63219,USD,FAILED,2026-09-29 21:05:22.020810
PAY-B0F8EDB3-117B,CUST-01472,MERCH-031,107947,USD,SUCCESS,2026-09-22 21:23:33.020810
PAY-E6B722AD-3A7E,CUST-00252,MERCH-042,79810,EUR,PENDING,2026-09-28 13:27:27.020810
PAY-3C89023E-11C9,CUST-01453,MERCH-014,9369,USD,SUCCESS,2026-09-24 17:32:30.020810
PAY-15E21D70-9228,CUST-00746,MERCH-011,50697,EUR,SUCCESS,2026-09-20 17:29:57.020810
PAY-2AE494E3-F31F,CUST-00707,MERCH-005,8725,GBP,FAILED,2026-09-04 03:10:39.020810
PAY-AEF0939E-F584,CUST-00517,MERCH-025,130947,USD,PENDING,2026-09-10 19:33:06.020810
PAY-B10BBA9B-47EE,CUST-00950,MERCH-043,85324,GBP,PENDING,2026-09-21 01:17:59.020810
PAY-8ABA7ECB-C357,CUST-00921,MERCH-009,111216,EUR,PENDING,2026-09-17 15:03:59.020810
PAY-ED54C165-99BA,CUST-01349,MERCH-021,48724,USD,SUCCESS,2026-09-29 06:17:28.020810
PAY-5902E367-E73B,CUST-00016,MERCH-011,109499,GBP,SUCCESS,2026-09-13 22:09:41.020810
PAY-A49E3EE8-20BC,CUST-00191,MERCH-032,39341,USD,FAILED,2026-09-17 23:58:37.020810
PAY-EE0BFAAF-57CB,CUST-00087,MERCH-009,134923,GBP,SUCCESS,2026-09-13 09:50:18.020810
PAY-8AE44432-BB2C,CUST-01237,MERCH-032,53520,GBP,SUCCESS,2026-09-15 05:55:25.020810
PAY-44381118-2DD5,CUST-01477,MERCH-012,10579,USD,FAILED,2026-09-22 01:02:41.020810
PAY-9841A0C1-83FB,CUST-00019,MERCH-041,90405,USD,SUCCESS,2026-09-19 06:28:07.020810
PAY-07F0339E-F79B,CUST-01260,MERCH-024,1217,USD,SUCCESS,2026-09-18 03:02:01.020810
PAY-B6BC0C7A-1C9B,CUST-00215,MERCH-031,53377,USD,FAILED,2026-09-26 01:59:15.020810
PAY-C6D7EEF5-1DD4,CUST-00433,MERCH-010,132877,GBP,SUCCESS,2026-09-17 21:36:08.020810
PAY-3809D6A7-DC23,CUST-00561,MERCH-034,139104,GBP,SUCCESS,2026-09-20 17:22:40.020810
PAY-19564590-E9B1,CUST-01210,MERCH-040,52053,USD,PENDING,2026-10-01 11:29:02.020810
PAY-5C84AD93-0427,CUST-00891,MERCH-050,119763,USD,SUCCESS,2026-09-03 16:07:28.020810
PAY-209AD55A-1118,CUST-01473,MERCH-038,76572,EUR,SUCCESS,2026-09-28 07:38:07.020810
PAY-CB91082B-3A4B,CUST-01104,MERCH-049,12168,GBP,SUCCESS,2026-09-23 21:58:39.020810
PAY-08DDB5DC-E9FE,CUST-00583,MERCH-022,107280,USD,SUCCESS,2026-09-02 15:03:47.020810
PAY-8B6D4A98-17F1,CUST-01207,MERCH-041,124891,USD,SUCCESS,2026-09-04 19:21:22.020810
PAY-B2F9108B-0E85,CUST-00855,MERCH-030,61040,USD,PENDING,2026-10-01 07:26:53.020810
PAY-EBDEB7F5-BB34,CUST-00646,MERCH-038,118273,NGN,SUCCESS,2026-09-12 13:53:15.020810
PAY-EB1D9F3F-0461,CUST-00543,MERCH-020,60654,USD,SUCCESS,2026-09-03 15:17:30.020810
PAY-EE8D3809-979E,CUST-01369,MERCH-038,103997,NGN,PENDING,2026-09-14 02:17:15.020810
PAY-3D85EDA2-B97C,CUST-00544,MERCH-001,60588,USD,FAILED,2026-09-27 12:33:03.020810
PAY-E5FDF88E-B483,CUST-00084,MERCH-015,63147,USD,SUCCESS,2026-09-23 13:36:17.020810
PAY-72721C68-EE08,CUST-00814,MERCH-001,13020,USD,SUCCESS,2026-09-22 15:11:22.020810
PAY-C3BFFFAD-8CBF,CUST-00156,MERCH-018,143773,USD,SUCCESS,2026-09-27 17:48:40.020810
PAY-EEA96A59-EAD8,CUST-00854,MERCH-002,80769,EUR,SUCCESS,2026-09-26 02:46:26.020810
PAY-ED673C7B-ACA6,CUST-01230,MERCH-043,130690,USD,SUCCESS,2026-09-04 05:50:17.020810
PAY-9D5F9EDC-E32D,CUST-01189,MERCH-014,145297,USD,SUCCESS,2026-09-27 16:27:02.020810
PAY-D383ABB5-1679,CUST-00589,MERCH-050,62060,USD,SUCCESS,2026-09-07 09:11:27.020810
PAY-C1D2A78A-AD4B,CUST-00797,MERCH-036,46961,USD,SUCCESS,2026-09-17 17:01:22.020810
PAY-FA25FE06-C0F5,CUST-01117,MERCH-042,4225,USD,SUCCESS,2026-09-11 11:30:26.020810
PAY-FDA1BC28-485B,CUST-01404,MERCH-028,86686,GBP,SUCCESS,2026-09-05 15:01:16.020810
PAY-C904A154-5656,CUST-01325,MERCH-016,5923,USD,SUCCESS,2026-09-25 01:16:24.020810
PAY-924BB3D8-6AB0,CUST-00204,MERCH-009,44808,USD,SUCCESS,2026-09-14 07:00:27.020810
PAY-D53E738E-A7AB,CUST-01347,MERCH-019,109440,USD,SUCCESS,2026-09-14 05:43:31.020810
PAY-96FD63E8-9614,CUST-00332,MERCH-028,43467,NGN,SUCCESS,2026-09-11 15:58:36.020810
PAY-1CF2FB38-EB52,CUST-00741,MERCH-007,81631,USD,SUCCESS,2026-09-15 18:38:31.020810
PAY-7EA734AB-372C,CUST-01111,MERCH-045,18480,NGN,FAILED,2026-09-28 09:27:00.020810
PAY-E29FC75A-2B7C,CUST-00157,MERCH-010,1372,USD,FAILED,2026-09-07 15:40:46.020810
PAY-0793C92E-6369,CUST-00491,MERCH-005,47416,USD,FAILED,2026-09-14 20:49:23.020810
PAY-DE1210C8-46A3,CUST-00233,MERCH-049,88981,GBP,SUCCESS,2026-09-23 15:59:01.020810
PAY-DD4F2C9E-E96E,CUST-00249,MERCH-033,122474,EUR,SUCCESS,2026-09-27 17:02:07.020810
PAY-6763C5C0-7840,CUST-01047,MERCH-008,73454,USD,SUCCESS,2026-09-25 02:52:41.020810
PAY-CE2161CB-BB48,CUST-00171,MERCH-023,93099,EUR,SUCCESS,2026-09-06 05:24:49.020810
PAY-8E521334-0431,CUST-00362,MERCH-025,143448,USD,FAILED,2026-09-10 22:44:29.020810
PAY-ED3F5E2E-D701,CUST-00513,MERCH-047,23155,USD,SUCCESS,2026-09-02 15:25:38.020810
PAY-77B5DD29-117C,CUST-00130,MERCH-011,90179,USD,SUCCESS,2026-09-08 20:04:30.020810
PAY-4A77AC96-6249,CUST-00329,MERCH-034,51400,USD,SUCCESS,2026-09-27 17:17:19.020810
PAY-AC47A647-28DB,CUST-00981,MERCH-049,8309,NGN,FAILED,2026-09-18 19:34:52.020810
PAY-253301D6-3600,CUST-00697,MERCH-025,27650,USD,SUCCESS,2026-09-22 17:58:30.020810
PAY-85C24C1D-7913,CUST-01050,MERCH-050,56168,USD,SUCCESS,2026-09-21 07:05:24.020810
PAY-E2CABD99-C927,CUST-00344,MERCH-013,18037,USD,SUCCESS,2026-09-25 05:25:10.020810
PAY-321F16A0-227C,CUST-00465,MERCH-043,146634,GBP,SUCCESS,2026-09-25 18:10:46.020810
PAY-2DEFAFB4-5797,CUST-00938,MERCH-025,97197,USD,PENDING,2026-09-17 09:35:50.020810
PAY-7F8DB621-D9E9,CUST-00408,MERCH-003,119227,EUR,SUCCESS,2026-09-03 12:34:33.020810
PAY-641469D1-F16A,CUST-00386,MERCH-001,93671,EUR,SUCCESS,2026-09-29 11:22:59.020810
PAY-BC20AB1B-8D86,CUST-00036,MERCH-043,89294,EUR,SUCCESS,2026-09-19 20:13:42.020810
PAY-72F82C5F-F335,CUST-00852,MERCH-048,83119,GBP,PENDING,2026-09-02 02:51:23.020810
PAY-B6FEDA56-F984,CUST-00950,MERCH-006,25659,NGN,PENDING,2026-09-08 06:24:17.020810
PAY-4657D847-9782,CUST-01218,MERCH-034,31038,USD,SUCCESS,2026-09-29 00:17:00.020810
PAY-04DA564E-EF3E,CUST-01215,MERCH-009,130089,USD,SUCCESS,2026-09-24 17:46:35.020810
PAY-9876FDA0-E1DF,CUST-01134,MERCH-036,31892,GBP,SUCCESS,2026-09-18 07:08:20.020810
PAY-A96759E3-B191,CUST-01280,MERCH-003,64997,NGN,FAILED,2026-09-17 03:36:02.020810
PAY-8B9718D7-5706,CUST-00640,MERCH-035,77426,NGN,PENDING,2026-09-22 10:05:53.020810
PAY-8628E486-F4E8,CUST-00080,MERCH-007,79196,USD,SUCCESS,2026-09-04 10:10:08.020810
PAY-92545229-56AF,CUST-01362,MERCH-009,100004,USD,SUCCESS,2026-09-14 07:06:37.020810
PAY-05B0B39E-FED8,CUST-00314,MERCH-018,108511,EUR,FAILED,2026-09-18 06:15:03.020810
PAY-F690FF9A-B106,CUST-00153,MERCH-034,20190,GBP,SUCCESS,2026-09-19 10:01:52.020810
PAY-374B65A1-029C,CUST-01021,MERCH-020,107158,USD,SUCCESS,2026-09-16 07:30:23.020810
PAY-917AD67E-6BD7,CUST-00047,MERCH-002,86418,USD,SUCCESS,2026-09-15 14:25:14.020810
PAY-C532EE85-D7C7,CUST-00379,MERCH-046,36525,USD,SUCCESS,2026-09-06 06:37:57.020810
PAY-F50D3630-01EF,CUST-01076,MERCH-039,26746,USD,SUCCESS,2026-09-30 20:42:44.020810
PAY-AA202BF7-E15F,CUST-00743,MERCH-008,69758,EUR,SUCCESS,2026-09-06 09:03:25.020810
PAY-65324EBC-FE72,CUST-00684,MERCH-021,48372,USD,SUCCESS,2026-09-07 18:20:35.020810
PAY-F9BB2835-2720,CUST-01181,MERCH-014,21167,NGN,SUCCESS,2026-09-30 00:32:09.020810
PAY-4502039F-DBF7,CUST-00475,MERCH-004,82154,USD,FAILED,2026-09-15 04:21:14.020810
PAY-6917A836-9A48,CUST-01127,MERCH-049,21383,USD,PENDING,2026-09-28 00:51:30.020810
PAY-FEC291AB-9521,CUST-01460,MERCH-036,143647,USD,SUCCESS,2026-09-29 18:51:58.020810
PAY-064871EA-48FB,CUST-00609,MERCH-036,26828,USD,SUCCESS,2026-09-16 04:51:25.020810
PAY-81F3C7DE-C728,CUST-00827,MERCH-049,82260,USD,SUCCESS,2026-09-03 17:39:12.020810
PAY-1F8BF0B3-B02A,CUST-00861,MERCH-006,71029,USD,SUCCESS,2026-09-17 22:28:28.020810
PAY-5648DC78-A09E,CUST-00107,MERCH-009,25224,USD,SUCCESS,2026-09-05 02:17:15.020810
PAY-DC9BEDA9-E56F,CUST-01205,MERCH-001,125536,EUR,SUCCESS,2026-09-06 22:39:19.020810
PAY-D83837D7-1FD9,CUST-00088,MERCH-031,106927,USD,FAILED,2026-09-19 06:56:08.020810
PAY-255A254C-11D1,CUST-01110,MERCH-007,42130,USD,SUCCESS,2026-09-14 14:06:07.020810
PAY-C021D87E-22E9,CUST-01211,MERCH-036,21998,USD,SUCCESS,2026-09-13 18:38:15.020810
PAY-F82905EC-0BC5,CUST-00685,MERCH-011,149663,NGN,SUCCESS,2026-09-10 17:52:55.020810
PAY-4AF6A6C2-7A04,CUST-01436,MERCH-007,123790,USD,SUCCESS,2026-09-02 13:49:02.020810
PAY-9A33A8F8-5535,CUST-00448,MERCH-047,44899,GBP,SUCCESS,2026-09-07 21:45:43.020810
PAY-5CD3E1C7-50B0,CUST-01398,MERCH-033,107431,NGN,PENDING,2026-09-13 08:09:51.020810
PAY-C21ABFD2-DA47,CUST-00011,MERCH-044,72147,USD,PENDING,2026-09-27 03:30:03.020810
PAY-66A98AE8-1329,CUST-01182,MERCH-047,129645,USD,FAILED,2026-09-10 20:42:08.020810
PAY-592ECBDA-FF24,CUST-01122,MERCH-016,113149,USD,SUCCESS,2026-09-04 15:21:49.020810
PAY-0DDC37F8-BFF2,CUST-00433,MERCH-040,50955,EUR,FAILED,2026-09-20 14:45:27.020810
PAY-0CADA700-E3C3,CUST-01081,MERCH-019,36206,USD,SUCCESS,2026-09-18 11:17:31.020810
PAY-E35B0509-1E77,CUST-00829,MERCH-038,75909,USD,SUCCESS,2026-09-21 17:40:23.020810
PAY-DF68E741-475B,CUST-00552,MERCH-016,33175,USD,SUCCESS,2026-10-01 16:19:52.020810
PAY-A78F8F9E-4C89,CUST-01448,MERCH-027,130963,USD,SUCCESS,2026-09-14 03:17:11.020810
PAY-BEE51DFE-E774,CUST-00003,MERCH-008,50612,USD,SUCCESS,2026-09-21 10:41:05.020810
PAY-BA959FC6-BCB5,CUST-00519,MERCH-045,48828,USD,PENDING,2026-09-07 23:32:39.020810
PAY-38CB684A-89CD,CUST-01313,MERCH-038,65716,USD,PENDING,2026-09-07 13:58:27.020810
PAY-E5A6AA7B-0771,CUST-00272,MERCH-046,61017,EUR,SUCCESS,2026-09-03 17:02:04.020810
PAY-4619C435-EAFC,CUST-00512,MERCH-048,19426,EUR,FAILED,2026-09-04 00:26:31.020810
PAY-7E3D36C1-B6CF,CUST-01401,MERCH-026,57682,USD,SUCCESS,2026-09-08 05:06:10.020810
PAY-9BD02B99-F7D7,CUST-00567,MERCH-008,1238,EUR,SUCCESS,2026-09-29 15:37:08.020810
PAY-33876BAF-CE54,CUST-01335,MERCH-014,4107,GBP,SUCCESS,2026-09-07 03:15:08.020810
PAY-DCDF521C-9E0A,CUST-00847,MERCH-007,54589,EUR,SUCCESS,2026-09-18 07:54:01.020810
PAY-61EA305D-6DCC,CUST-00916,MERCH-010,32807,USD,SUCCESS,2026-09-08 21:26:37.020810
PAY-43478E44-9DA5,CUST-00756,MERCH-021,99780,EUR,PENDING,2026-09-21 17:11:17.020810
PAY-66F48076-E25B,CUST-01351,MERCH-034,116737,USD,FAILED,2026-09-15 02:39:51.020810
PAY-B0651020-F4C5,CUST-01359,MERCH-013,54706,USD,SUCCESS,2026-09-08 20:11:40.020810
PAY-E15C63D6-40E9,CUST-00798,MERCH-023,64140,USD,SUCCESS,2026-09-10 21:13:39.020810
PAY-EE310833-5AE2,CUST-01004,MERCH-032,115175,USD,SUCCESS,2026-09-15 01:18:16.020810
PAY-158D51B9-2B1C,CUST-00101,MERCH-017,114085,EUR,FAILED,2026-09-01 21:45:10.020810
PAY-BB3DF443-C555,CUST-00950,MERCH-011,16121,USD,SUCCESS,2026-09-04 17:43:56.020810
PAY-B7948FBE-8F01,CUST-00940,MERCH-034,53935,USD,SUCCESS,2026-09-15 18:59:06.020810
PAY-DDDA6CDC-0697,CUST-00847,MERCH-008,37383,USD,SUCCESS,2026-09-15 16:48:52.020810
PAY-78E0DE21-C56A,CUST-00581,MERCH-018,112213,NGN,FAILED,2026-09-10 08:28:50.020810
PAY-8961D2FC-1953,CUST-00029,MERCH-031,17616,USD,SUCCESS,2026-09-27 11:12:38.020810
PAY-EE33AFF4-5340,CUST-01202,MERCH-030,79980,USD,FAILED,2026-09-18 15:27:26.020810
PAY-ED32BADB-D841,CUST-01320,MERCH-015,53171,USD,SUCCESS,2026-09-23 13:42:48.020810
PAY-A26DD197-F6A6,CUST-01410,MERCH-018,102892,EUR,SUCCESS,2026-09-24 21:44:38.020810
PAY-EEE554D7-10AF,CUST-00553,MERCH-011,58319,USD,SUCCESS,2026-09-25 01:50:22.020810
PAY-F0AA9E2A-E6EE,CUST-00898,MERCH-009,61952,USD,SUCCESS,2026-09-02 14:10:01.020810
PAY-D2EC6344-0E90,CUST-01322,MERCH-032,57876,USD,SUCCESS,2026-09-20 10:15:39.020810
PAY-BC195472-681E,CUST-01130,MERCH-033,29289,USD,FAILED,2026-09-08 18:46:09.020810
PAY-81BF5FB0-FD54,CUST-00549,MERCH-047,137346,USD,SUCCESS,2026-09-19 18:14:37.020810
PAY-7671B855-D05E,CUST-00522,MERCH-045,71753,EUR,FAILED,2026-09-06 13:20:29.020810
PAY-7ABD3D48-3684,CUST-01349,MERCH-034,106331,GBP,SUCCESS,2026-09-16 19:37:12.020810
PAY-C30B80F5-E68E,CUST-00042,MERCH-005,28580,USD,FAILED,2026-09-29 06:58:31.020810
PAY-E2ACBC1F-0935,CUST-00495,MERCH-019,64540,EUR,SUCCESS,2026-09-13 23:54:25.020810
PAY-88A5A7C6-DC2F,CUST-01369,MERCH-036,139415,NGN,SUCCESS,2026-10-01 13:04:47.020810
PAY-D9AE7DE4-D25D,CUST-00375,MERCH-041,138997,NGN,PENDING,2026-09-25 21:16:49.020810
PAY-4804F90F-E3D6,CUST-00007,MERCH-010,86319,EUR,PENDING,2026-09-02 16:59:29.020810
PAY-E8B4BDBE-A3B3,CUST-01413,MERCH-050,110528,EUR,SUCCESS,2026-09-28 15:29:56.020810
PAY-36B4F170-4223,CUST-01164,MERCH-022,126596,USD,SUCCESS,2026-09-01 19:53:32.020810
PAY-A1100FA2-8C18,CUST-00397,MERCH-012,80804,USD,FAILED,2026-09-07 00:33:47.020810
PAY-A84A9551-EE96,CUST-01477,MERCH-049,66342,USD,SUCCESS,2026-09-22 09:10:31.020810
PAY-F60D6A66-D412,CUST-01426,MERCH-018,52789,USD,PENDING,2026-09-30 05:09:15.020810
PAY-36B19891-18AF,CUST-01288,MERCH-026,148667,USD,SUCCESS,2026-09-30 23:04:24.020810
PAY-D8FA1AC6-6F83,CUST-01156,MERCH-023,100094,USD,SUCCESS,2026-09-06 10:08:37.020810
PAY-E175EC81-AAA8,CUST-00967,MERCH-040,64694,USD,SUCCESS,2026-09-11 06:51:37.020810
PAY-52CD9117-CE79,CUST-00666,MERCH-003,94054,USD,SUCCESS,2026-09-18 01:49:53.020810
PAY-9C022986-C969,CUST-00966,MERCH-049,140088,NGN,SUCCESS,2026-09-13 11:10:15.020810
PAY-3D51AFC8-8013,CUST-00683,MERCH-032,113437,USD,SUCCESS,2026-09-12 19:20:16.020810
PAY-20E3CD13-F1A9,CUST-01152,MERCH-002,27551,USD,SUCCESS,2026-09-05 11:02:59.020810
PAY-8DE5BE66-9E18,CUST-01158,MERCH-009,108171,USD,SUCCESS,2026-09-12 23:40:48.020810
PAY-2272DE90-B2E6,CUST-00090,MERCH-014,108597,USD,SUCCESS,2026-09-24 10:22:54.020810
PAY-24542939-7DC4,CUST-01096,MERCH-048,27399,GBP,SUCCESS,2026-09-05 06:46:50.020810
PAY-1F17A861-224A,CUST-01395,MERCH-036,36078,USD,SUCCESS,2026-09-23 04:19:14.020810
PAY-14AADB68-8DDE,CUST-00453,MERCH-048,57770,USD,SUCCESS,2026-09-12 04:08:26.020810
PAY-22458F3B-BD50,CUST-00760,MERCH-007,67728,USD,SUCCESS,2026-09-03 12:51:05.020810
PAY-70EA1A73-8F7E,CUST-00024,MERCH-038,32030,USD,SUCCESS,2026-09-21 14:52:16.020810
PAY-F8ACECA2-101C,CUST-00575,MERCH-042,118422,NGN,SUCCESS,2026-09-30 07:59:24.020810
PAY-6974D2FE-4C66,CUST-00429,MERCH-006,62551,EUR,FAILED,2026-09-18 07:16:05.020810
PAY-68BCFAA1-06ED,CUST-01253,MERCH-008,66119,USD,SUCCESS,2026-09-06 07:08:17.020810
PAY-EED03DED-81AE,CUST-01226,MERCH-035,12079,USD,SUCCESS,2026-09-13 11:13:15.020810
PAY-24C9AF9F-1822,CUST-00975,MERCH-045,142339,USD,FAILED,2026-09-15 05:00:51.020810
PAY-DA79E504-9268,CUST-00343,MERCH-043,128832,USD,SUCCESS,2026-09-02 01:35:48.020810
PAY-D9DE7846-5D18,CUST-00444,MERCH-027,26738,EUR,FAILED,2026-09-17 19:32:08.020810
PAY-ECDC74CE-EB4E,CUST-00182,MERCH-033,60617,USD,SUCCESS,2026-09-30 01:17:39.020810
PAY-DB9C7074-AF34,CUST-01179,MERCH-018,112463,USD,SUCCESS,2026-09-01 18:17:56.020810
PAY-4A921FC7-91E3,CUST-01427,MERCH-023,119082,USD,SUCCESS,2026-09-19 02:00:32.020810
PAY-1E6AAD66-1FE6,CUST-01140,MERCH-045,7551,NGN,SUCCESS,2026-09-09 17:36:27.020810
PAY-5AE5AD31-C61E,CUST-00200,MERCH-041,6099,USD,SUCCESS,2026-09-29 12:16:28.020810
PAY-2CFAD037-E29A,CUST-01367,MERCH-018,45606,USD,SUCCESS,2026-09-11 02:31:17.020810
PAY-80065C92-C002,CUST-00322,MERCH-015,47526,USD,FAILED,2026-09-03 22:51:27.020810
PAY-AD0FAA27-F079,CUST-00402,MERCH-014,35267,USD,SUCCESS,2026-09-11 08:27:48.020810
PAY-47702A68-059C,CUST-00605,MERCH-030,118325,USD,SUCCESS,2026-09-04 17:34:53.020810
PAY-0995B7EB-84B7,CUST-00463,MERCH-040,8755,USD,FAILED,2026-09-08 06:54:43.020810
PAY-28706F5C-922D,CUST-00242,MERCH-047,96613,NGN,SUCCESS,2026-09-11 16:03:31.020810
PAY-DAB5A25D-1D2F,CUST-01285,MERCH-049,113699,USD,FAILED,2026-09-16 07:14:33.020810
PAY-20E922EC-6386,CUST-00316,MERCH-045,42198,USD,SUCCESS,2026-09-04 19:54:12.020810
PAY-5901F19A-8420,CUST-00971,MERCH-025,45424,USD,FAILED,2026-09-02 03:04:19.020810
PAY-03F30D8B-F7CD,CUST-00768,MERCH-003,46400,USD,FAILED,2026-09-27 15:12:55.020810
PAY-27ECFACD-93FE,CUST-01402,MERCH-027,22736,GBP,SUCCESS,2026-09-07 00:37:51.020810
PAY-A8C7EBAC-8959,CUST-00323,MERCH-014,40801,EUR,FAILED,2026-09-05 07:29:24.020810
PAY-04FDED77-022C,CUST-00851,MERCH-007,60598,USD,SUCCESS,2026-09-22 20:33:28.020810
PAY-C65F3B63-6F8A,CUST-01433,MERCH-011,136883,USD,SUCCESS,2026-09-14 16:15:59.020810
PAY-D838AA24-44E9,CUST-01462,MERCH-036,87020,USD,SUCCESS,2026-09-27 12:41:39.020810
PAY-CA93043E-8F21,CUST-00928,MERCH-011,140182,USD,PENDING,2026-09-30 14:33:54.020810
PAY-4E300205-692A,CUST-01353,MERCH-037,118218,USD,SUCCESS,2026-09-12 05:22:06.020810
PAY-054B3FC9-98E0,CUST-00871,MERCH-012,117173,USD,SUCCESS,2026-10-01 09:59:51.020810
PAY-1CF9C7BC-2AAA,CUST-00572,MERCH-021,56637,USD,SUCCESS,2026-09-14 09:22:45.020810
PAY-0E46601E-1FA3,CUST-00042,MERCH-013,77972,USD,FAILED,2026-09-21 11:00:03.020810
PAY-BB5A42A0-BAAB,CUST-00770,MERCH-050,122362,GBP,SUCCESS,2026-09-27 18:01:57.020810
PAY-9E863326-F718,CUST-00187,MERCH-038,33734,EUR,FAILED,2026-09-07 08:34:49.020810
PAY-1104D247-D76D,CUST-00111,MERCH-015,30165,USD,PENDING,2026-09-27 15:48:48.020810
PAY-6AA83B25-C9F6,CUST-01148,MERCH-031,35946,GBP,SUCCESS,2026-09-20 21:56:28.020810
PAY-3BA8427F-5129,CUST-00109,MERCH-034,141802,USD,SUCCESS,2026-09-10 11:39:51.020810
PAY-D8D76524-6568,CUST-00475,MERCH-009,13805,USD,FAILED,2026-09-13 10:22:25.020810
PAY-CC12F444-643A,CUST-01042,MERCH-039,19943,USD,FAILED,2026-09-28 03:36:46.020810
PAY-0D5E3163-7DEA,CUST-00495,MERCH-035,22406,EUR,SUCCESS,2026-09-28 13:38:25.020810
PAY-A86F3146-298A,CUST-00695,MERCH-034,25020,EUR,SUCCESS,2026-09-27 20:30:04.020810
PAY-EC682127-7A85,CUST-00532,MERCH-017,144392,USD,SUCCESS,2026-09-17 21:05:14.020810
PAY-7DBBC9DB-6389,CUST-00279,MERCH-012,112624,USD,SUCCESS,2026-09-03 21:28:34.020810
PAY-417D5EFC-6456,CUST-01005,MERCH-014,58304,GBP,SUCCESS,2026-09-08 12:58:03.020810
PAY-D8A29C5E-65B3,CUST-01432,MERCH-041,136278,USD,SUCCESS,2026-09-06 02:19:46.020810
PAY-5E5CE4DE-C527,CUST-00303,MERCH-040,19226,GBP,SUCCESS,2026-09-23 05:33:47.020810
PAY-C5F24357-2E2A,CUST-00865,MERCH-047,21512,USD,PENDING,2026-09-28 07:10:23.020810
PAY-1267432E-DD92,CUST-00660,MERCH-030,72933,USD,SUCCESS,2026-09-09 18:00:14.020810
PAY-12930BC9-11A7,CUST-00692,MERCH-002,3522,USD,FAILED,2026-09-03 08:45:44.020810
PAY-6E638F17-7533,CUST-00056,MERCH-050,8455,USD,SUCCESS,2026-09-02 22:23:39.020810
PAY-BAA7A63B-D578,CUST-00172,MERCH-021,21750,USD,PENDING,2026-09-09 18:20:28.020810
PAY-BD135207-9057,CUST-00170,MERCH-045,126533,USD,SUCCESS,2026-09-11 00:02:54.020810
PAY-2FF5CC8D-FDD7,CUST-00202,MERCH-029,97896,NGN,SUCCESS,2026-09-27 22:12:28.020810
PAY-E7205A7F-0BA9,CUST-00118,MERCH-041,7274,NGN,PENDING,2026-10-01 02:54:58.020810
PAY-EB6CC6AD-083D,CUST-01473,MERCH-010,82510,GBP,SUCCESS,2026-09-18 21:51:29.020810
PAY-5C997855-726C,CUST-00777,MERCH-044,132625,EUR,FAILED,2026-09-07 08:21:32.020810
PAY-4E3AE4F4-C4A7,CUST-01323,MERCH-019,68868,NGN,SUCCESS,2026-09-15 22:33:22.020810
PAY-BDC6B05B-0843,CUST-00327,MERCH-006,39282,GBP,SUCCESS,2026-09-28 06:03:54.020810
PAY-BC61ABC8-DB05,CUST-01230,MERCH-043,142061,USD,SUCCESS,2026-09-29 17:43:40.020810
PAY-EF67E34E-F7CA,CUST-00977,MERCH-019,137397,GBP,SUCCESS,2026-09-25 14:24:34.020810
PAY-55AD2E47-FCFF,CUST-00157,MERCH-010,76253,USD,PENDING,2026-09-10 06:55:30.020810
PAY-3FEBC16B-9B31,CUST-01027,MERCH-040,82843,USD,SUCCESS,2026-09-03 19:39:36.020810
PAY-B346E4C9-C7EE,CUST-00778,MERCH-031,133444,USD,SUCCESS,2026-09-03 17:14:26.020810
PAY-DD895AC8-86E6,CUST-00891,MERCH-030,12072,EUR,PENDING,2026-09-03 00:46:33.020810
PAY-4E562399-552A,CUST-01228,MERCH-004,68994,USD,FAILED,2026-09-01 21:26:52.020810
PAY-7A2B7C84-C50B,CUST-00504,MERCH-025,90019,USD,SUCCESS,2026-09-18 12:33:18.020810
PAY-12433C43-9E8F,CUST-00182,MERCH-024,72610,USD,SUCCESS,2026-09-26 19:14:49.020810
PAY-A98B9BE8-2BAE,CUST-01086,MERCH-010,99517,USD,SUCCESS,2026-09-21 10:15:49.020810
PAY-06FBA7F8-5F80,CUST-01154,MERCH-008,108758,USD,SUCCESS,2026-09-13 04:55:11.020810
PAY-01B07B33-DA8F,CUST-00306,MERCH-018,60228,USD,SUCCESS,2026-09-26 14:20:39.020810
PAY-C6995918-6734,CUST-00659,MERCH-024,96499,NGN,SUCCESS,2026-09-04 03:16:39.020810
PAY-56C7389B-D808,CUST-00636,MERCH-011,98889,USD,PENDING,2026-09-29 18:14:27.020810
PAY-4E885AD2-2347,CUST-01495,MERCH-003,10822,GBP,SUCCESS,2026-09-28 13:57:01.020810
PAY-13CF7B9D-91D2,CUST-01281,MERCH-031,107122,USD,SUCCESS,2026-09-04 07:58:59.020810
PAY-0974FB0F-FAA7,CUST-00426,MERCH-016,146845,USD,FAILED,2026-09-21 16:05:21.020810
PAY-37D9BB39-E04C,CUST-00943,MERCH-040,4954,EUR,SUCCESS,2026-09-18 23:53:08.020810
PAY-7A862498-CCC0,CUST-01279,MERCH-050,48935,NGN,SUCCESS,2026-09-27 06:49:03.020810
PAY-D74C0F8F-EC4C,CUST-00258,MERCH-005,70704,USD,FAILED,2026-09-04 16:55:30.020810
PAY-00E339D5-FE89,CUST-00097,MERCH-008,66773,USD,FAILED,2026-09-20 18:31:37.020810
PAY-15972A93-49CC,CUST-01083,MERCH-008,139250,NGN,SUCCESS,2026-09-28 17:44:13.020810
PAY-F932C1D5-A0E0,CUST-00011,MERCH-017,47016,USD,SUCCESS,2026-09-14 07:33:12.020810
PAY-82149725-622E,CUST-01122,MERCH-031,65777,USD,SUCCESS,2026-09-25 22:55:26.020810
PAY-76D3FF95-49F4,CUST-01057,MERCH-013,49700,EUR,FAILED,2026-09-20 02:41:42.020810
PAY-997696C2-106D,CUST-01083,MERCH-042,105281,EUR,SUCCESS,2026-09-04 20:56:58.020810
PAY-5A101541-0130,CUST-00549,MERCH-016,17678,USD,FAILED,2026-09-09 06:37:00.020810
PAY-388B2E2B-586F,CUST-00290,MERCH-045,77872,USD,SUCCESS,2026-09-21 04:19:15.020810
PAY-B31339B3-BCEC,CUST-01487,MERCH-011,81108,GBP,SUCCESS,2026-09-27 02:02:33.020810
PAY-8C5D3B65-B989,CUST-00835,MERCH-020,5928,USD,PENDING,2026-09-09 10:57:53.020810
PAY-95764BE7-03F1,CUST-00498,MERCH-027,97036,USD,PENDING,2026-09-08 02:14:47.020810
PAY-33B908A8-55F5,CUST-01480,MERCH-047,113454,USD,SUCCESS,2026-09-27 09:43:46.020810
PAY-8E40E345-A09E,CUST-00439,MERCH-007,66520,GBP,SUCCESS,2026-09-16 18:53:00.020810
PAY-FA0F1E14-40A4,CUST-00169,MERCH-030,102784,EUR,FAILED,2026-09-03 17:42:05.020810
PAY-824B66BD-0FFF,CUST-00598,MERCH-041,41570,GBP,PENDING,2026-09-20 16:26:05.020810
PAY-30947B1A-C33F,CUST-00727,MERCH-049,76682,USD,FAILED,2026-09-19 21:32:31.020810
PAY-4120DDE4-4D61,CUST-00087,MERCH-012,60551,USD,SUCCESS,2026-09-21 08:02:42.020810
PAY-14F7400B-A878,CUST-01477,MERCH-044,89610,GBP,SUCCESS,2026-09-19 16:09:44.020810
PAY-E15AC5BC-7303,CUST-01114,MERCH-044,77526,USD,SUCCESS,2026-09-10 20:00:34.020810
PAY-2BBF323E-2F13,CUST-00393,MERCH-047,22679,EUR,PENDING,2026-09-02 21:17:43.020810
PAY-C1274554-FAAC,CUST-00963,MERCH-025,108291,USD,SUCCESS,2026-09-16 16:43:17.020810
PAY-4F670648-7459,CUST-00574,MERCH-019,139529,GBP,SUCCESS,2026-09-26 15:51:21.020810
PAY-BFB0524E-EFD7,CUST-01035,MERCH-002,29064,USD,SUCCESS,2026-09-12 17:20:39.020810
PAY-F201A338-D3AB,CUST-00755,MERCH-016,131826,USD,SUCCESS,2026-09-28 18:04:58.020810
PAY-81EBDA64-8FB1,CUST-01063,MERCH-012,87414,GBP,SUCCESS,2026-09-15 03:05:37.020810
PAY-98FE7199-595F,CUST-01486,MERCH-009,16629,NGN,FAILED,2026-09-24 08:45:01.020810
PAY-5A837910-5976,CUST-01380,MERCH-045,10341,EUR,SUCCESS,2026-09-18 06:14:12.020810
PAY-57BB042F-6562,CUST-00594,MERCH-044,76882,USD,SUCCESS,2026-09-04 13:12:37.020810
PAY-E360697E-7014,CUST-00490,MERCH-014,55271,NGN,SUCCESS,2026-09-12 06:00:16.020810
PAY-DDD723F6-EEEA,CUST-00728,MERCH-013,68058,USD,SUCCESS,2026-09-27 07:16:22.020810
PAY-D1EEF049-32AF,CUST-01203,MERCH-021,103973,USD,SUCCESS,2026-09-07 16:32:28.020810
PAY-DAD8F748-5C8F,CUST-01492,MERCH-015,27284,USD,SUCCESS,2026-09-08 14:57:09.020810
PAY-89A0931C-6B14,CUST-00185,MERCH-007,119708,USD,SUCCESS,2026-09-30 21:04:22.020810
PAY-85E236E8-5064,CUST-01078,MERCH-030,143205,EUR,SUCCESS,2026-09-07 18:24:12.020810
PAY-C246D828-2DE7,CUST-00099,MERCH-039,63701,USD,SUCCESS,2026-09-11 09:35:54.020810
PAY-433F77E6-D4E7,CUST-01216,MERCH-006,129627,USD,PENDING,2026-09-11 08:51:57.020810
PAY-69DB5719-AFF5,CUST-00444,MERCH-009,85177,USD,SUCCESS,2026-09-21 10:02:37.020810
PAY-8C2C9A58-80B9,CUST-00463,MERCH-003,9611,GBP,FAILED,2026-09-21 11:58:07.020810
PAY-72C61D86-45ED,CUST-01482,MERCH-005,132852,USD,SUCCESS,2026-09-05 19:54:03.020810
PAY-A043D50A-FF1B,CUST-01018,MERCH-049,102563,EUR,SUCCESS,2026-09-17 15:41:14.020810
PAY-1D6B3F75-AE1F,CUST-00196,MERCH-030,107244,GBP,FAILED,2026-09-26 01:31:45.020810
PAY-9F9AA73A-4ADC,CUST-01132,MERCH-047,2697,EUR,SUCCESS,2026-09-27 05:14:50.020810
PAY-E25D2A20-3176,CUST-00022,MERCH-012,7464,EUR,SUCCESS,2026-09-11 21:20:53.020810
PAY-8864B886-115D,CUST-00061,MERCH-038,88210,GBP,SUCCESS,2026-09-06 22:33:31.020810
PAY-7B66803F-EFDF,CUST-00850,MERCH-008,34030,USD,SUCCESS,2026-09-28 10:41:05.020810
PAY-F4B35094-E8BE,CUST-01224,MERCH-034,64564,USD,SUCCESS,2026-09-02 09:28:37.020810
PAY-A688BF9E-0274,CUST-01410,MERCH-025,124303,NGN,SUCCESS,2026-09-17 23:09:23.020810
PAY-9A043E4A-A896,CUST-01305,MERCH-045,69676,GBP,SUCCESS,2026-09-25 21:38:51.020810
PAY-EB34AF6E-F203,CUST-01494,MERCH-019,31878,USD,SUCCESS,2026-09-30 16:39:54.020810
PAY-12F32832-140E,CUST-01485,MERCH-027,56520,USD,PENDING,2026-09-01 21:46:20.020810
PAY-16CC8D65-6780,CUST-00803,MERCH-024,91147,USD,SUCCESS,2026-10-01 08:35:32.020810
PAY-4EC29D47-D27C,CUST-00275,MERCH-004,82086,USD,PENDING,2026-09-05 11:01:50.020810
PAY-FA3C2FA7-63D5,CUST-01237,MERCH-005,138377,USD,SUCCESS,2026-09-07 17:41:54.020810
PAY-82A789E7-E5B1,CUST-01310,MERCH-050,75692,USD,SUCCESS,2026-09-29 16:08:50.020810
PAY-26655EB2-A55D,CUST-00223,MERCH-035,59703,USD,PENDING,2026-09-15 22:40:45.020810
PAY-8E38A164-9614,CUST-00474,MERCH-026,125633,EUR,SUCCESS,2026-09-27 11:33:20.020810
PAY-EB11175A-F017,CUST-00703,MERCH-002,37014,USD,SUCCESS,2026-09-30 05:34:45.020810
PAY-4B2202C0-1008,CUST-00835,MERCH-013,41834,USD,PENDING,2026-09-10 00:57:18.020810
PAY-86FAC258-F430,CUST-00442,MERCH-039,133106,GBP,PENDING,2026-09-30 23:31:49.020810
PAY-D2917216-40CC,CUST-00303,MERCH-005,118803,GBP,SUCCESS,2026-09-13 09:58:37.020810
PAY-BAB20E69-8820,CUST-00564,MERCH-022,110146,USD,SUCCESS,2026-09-18 03:38:01.020810
PAY-14906377-9845,CUST-00158,MERCH-006,10063,USD,SUCCESS,2026-09-14 03:27:32.020810
PAY-14DF6E31-DCA3,CUST-01425,MERCH-048,34592,USD,SUCCESS,2026-09-16 00:39:55.020810
PAY-7162C8AB-7186,CUST-01065,MERCH-035,11733,GBP,FAILED,2026-09-21 12:40:08.020810
PAY-7A1597D4-3FA5,CUST-00752,MERCH-041,88971,NGN,SUCCESS,2026-09-02 18:57:13.020810
PAY-6AF3DAEA-0151,CUST-00487,MERCH-032,112873,USD,SUCCESS,2026-09-20 22:58:39.020810
PAY-6DC929F6-737C,CUST-00892,MERCH-048,136641,USD,SUCCESS,2026-09-04 00:12:08.020810
PAY-839412B1-7CED,CUST-01421,MERCH-007,34260,USD,SUCCESS,2026-09-07 09:56:16.020810
PAY-DCD8CF48-D689,CUST-00874,MERCH-050,11551,USD,SUCCESS,2026-09-02 15:07:33.020810
PAY-37CD6333-3FE3,CUST-00396,MERCH-004,53762,USD,SUCCESS,2026-09-27 00:20:01.020810
PAY-FDD4C58C-5A9D,CUST-00740,MERCH-025,23668,USD,SUCCESS,2026-09-21 01:41:48.020810
PAY-0F85BA53-265D,CUST-00056,MERCH-025,119940,USD,SUCCESS,2026-09-09 05:36:15.020810
PAY-24348208-9A55,CUST-00149,MERCH-021,26700,EUR,FAILED,2026-09-12 02:10:59.020810
PAY-FF6C99A4-E016,CUST-00360,MERCH-050,67091,EUR,SUCCESS,2026-09-12 08:52:58.020810
PAY-DF021B08-0E95,CUST-00698,MERCH-023,113167,USD,SUCCESS,2026-09-04 06:50:09.020810
PAY-41E5337E-426C,CUST-01043,MERCH-036,114857,USD,SUCCESS,2026-09-10 15:52:18.020810
PAY-BB58BCAF-5827,CUST-01172,MERCH-007,127710,USD,SUCCESS,2026-09-25 07:42:23.020810
PAY-68C85EA6-D68B,CUST-00870,MERCH-049,37880,EUR,SUCCESS,2026-09-29 00:14:07.020810
PAY-FE85820F-9314,CUST-01273,MERCH-014,69649,EUR,SUCCESS,2026-09-27 05:16:06.020810
PAY-058B3897-BE2C,CUST-00595,MERCH-048,30863,USD,PENDING,2026-09-03 17:11:32.020810
PAY-3721F76C-0429,CUST-00496,MERCH-020,1799,NGN,SUCCESS,2026-09-28 16:15:57.020810
PAY-422AC3A9-C0AF,CUST-01081,MERCH-029,90312,USD,SUCCESS,2026-09-11 04:17:52.020810
PAY-A119ADC3-4D47,CUST-00612,MERCH-016,144754,USD,FAILED,2026-09-24 21:48:15.020810
PAY-EF557531-7970,CUST-01083,MERCH-009,12590,NGN,SUCCESS,2026-09-21 12:54:46.020810
PAY-8B412C67-E163,CUST-00435,MERCH-015,33041,USD,SUCCESS,2026-09-19 22:17:05.020810
PAY-A6825E97-9E53,CUST-00110,MERCH-007,118866,USD,PENDING,2026-09-19 17:55:40.020810
PAY-28DFE620-8C6C,CUST-01416,MERCH-045,12949,GBP,SUCCESS,2026-09-02 15:13:31.020810
PAY-4866454E-BC49,CUST-01040,MERCH-024,17497,USD,SUCCESS,2026-09-29 03:50:11.020810
PAY-F8408FF6-5890,CUST-00593,MERCH-019,48152,USD,FAILED,2026-09-29 15:03:04.020810
PAY-1989064A-8F68,CUST-00033,MERCH-046,67410,USD,SUCCESS,2026-09-23 18:05:59.020810
PAY-0252048A-9F95,CUST-01194,MERCH-011,110793,USD,FAILED,2026-09-21 07:33:03.020810
PAY-C5A6B921-A1F6,CUST-01279,MERCH-037,78202,USD,PENDING,2026-09-20 00:06:31.020810
PAY-57422EB9-6EE8,CUST-01132,MERCH-042,120090,GBP,PENDING,2026-10-01 02:40:15.020810
PAY-EF4EA2A6-7ABB,CUST-00184,MERCH-034,38558,USD,SUCCESS,2026-09-16 02:31:43.020810
PAY-5AAA008E-2C8A,CUST-01097,MERCH-024,101189,USD,SUCCESS,2026-09-29 21:06:01.020810
PAY-4C040268-BE2C,CUST-01305,MERCH-037,39017,USD,SUCCESS,2026-09-13 19:21:56.020810
PAY-66C59D8C-5E69,CUST-00677,MERCH-037,77677,USD,PENDING,2026-09-06 18:07:45.020810
PAY-C4B45B72-B42C,CUST-00044,MERCH-050,81658,USD,SUCCESS,2026-09-26 01:14:37.020810
PAY-911C80BB-D935,CUST-01167,MERCH-040,46407,GBP,FAILED,2026-09-11 04:44:33.020810
PAY-BBDDEB93-B594,CUST-00390,MERCH-007,58965,GBP,FAILED,2026-09-10 17:40:42.020810
PAY-ACD32E49-17E7,CUST-00603,MERCH-050,113189,NGN,SUCCESS,2026-09-08 14:48:29.020810
PAY-75FBF580-7C63,CUST-00828,MERCH-037,14858,USD,SUCCESS,2026-09-28 22:27:42.020810
PAY-FFCFD276-DC70,CUST-00836,MERCH-040,146752,USD,SUCCESS,2026-09-02 20:56:31.020810
PAY-A907FC45-E746,CUST-00969,MERCH-010,31358,USD,SUCCESS,2026-09-21 01:53:13.020810
PAY-1273B586-8AA2,CUST-00937,MERCH-049,8500,USD,SUCCESS,2026-09-22 00:51:03.020810
PAY-D33B02C8-386C,CUST-01315,MERCH-029,57098,NGN,SUCCESS,2026-09-10 04:48:57.020810
PAY-9FA0867A-8C97,CUST-00634,MERCH-036,136813,EUR,SUCCESS,2026-09-12 19:57:31.020810
PAY-414D729D-53E6,CUST-01243,MERCH-015,95344,NGN,PENDING,2026-09-17 13:44:59.020810
PAY-81784401-EE7B,CUST-01332,MERCH-016,36812,EUR,SUCCESS,2026-09-27 00:16:39.020810
PAY-8D12A61D-FDDC,CUST-01347,MERCH-036,75132,USD,PENDING,2026-09-02 14:34:44.020810
PAY-21D626D3-5395,CUST-00007,MERCH-023,31381,GBP,PENDING,2026-09-21 12:55:49.020810
PAY-713D743D-F466,CUST-00292,MERCH-045,114309,EUR,SUCCESS,2026-09-29 05:56:26.020810
PAY-884EE326-B53E,CUST-00700,MERCH-002,39098,GBP,SUCCESS,2026-09-28 10:06:57.020810
PAY-F1582FAE-DBCD,CUST-00832,MERCH-038,143237,USD,SUCCESS,2026-09-19 04:07:56.020810
PAY-8FF5741D-8EC8,CUST-01386,MERCH-010,70240,NGN,SUCCESS,2026-09-22 20:00:25.020810
PAY-3E78F2D3-A99C,CUST-00192,MERCH-036,99668,USD,SUCCESS,2026-09-20 07:45:30.020810
PAY-70548207-1A82,CUST-00706,MERCH-027,57288,GBP,SUCCESS,2026-09-05 07:00:49.020810
PAY-21C7993B-9754,CUST-00031,MERCH-036,112161,USD,SUCCESS,2026-09-25 03:40:44.020810
PAY-FCA69285-A3CA,CUST-00202,MERCH-044,50382,GBP,PENDING,2026-09-08 19:57:50.020810
PAY-CD70ABD1-40BB,CUST-01083,MERCH-021,88803,GBP,SUCCESS,2026-09-29 12:02:41.020810
PAY-5EE14AB4-9B36,CUST-00247,MERCH-017,70504,NGN,SUCCESS,2026-09-11 01:56:04.020810
PAY-B8314B7B-EA43,CUST-00817,MERCH-035,63572,USD,SUCCESS,2026-09-08 23:43:57.020810
PAY-AE243836-DFF7,CUST-01204,MERCH-050,133939,USD,FAILED,2026-09-16 20:13:56.020810
PAY-F306C1C6-3EDF,CUST-00557,MERCH-041,8221,USD,SUCCESS,2026-09-03 17:26:56.020810
PAY-490AE7A9-3F17,CUST-00337,MERCH-031,756,USD,SUCCESS,2026-09-12 14:51:38.020810
PAY-7CB81EBE-68F2,CUST-00014,MERCH-043,114335,USD,SUCCESS,2026-09-26 16:55:33.020810
PAY-77507C29-3692,CUST-01230,MERCH-026,16911,USD,SUCCESS,2026-09-20 15:44:32.020810
PAY-271B759A-63E6,CUST-00113,MERCH-008,132594,EUR,FAILED,2026-09-20 13:17:48.020810
PAY-0C9FB62A-6E8D,CUST-00414,MERCH-005,51181,USD,PENDING,2026-09-05 16:48:43.020810
PAY-056D18EB-72F7,CUST-01254,MERCH-022,13060,NGN,FAILED,2026-09-02 23:53:00.020810
PAY-BFF29C08-A9E1,CUST-00136,MERCH-025,15176,EUR,SUCCESS,2026-09-27 09:08:12.020810
PAY-212E4EC2-3211,CUST-01254,MERCH-042,21498,NGN,SUCCESS,2026-09-15 07:32:14.020810
PAY-3723A35E-8B7B,CUST-00601,MERCH-041,19679,USD,SUCCESS,2026-10-01 04:51:13.020810
PAY-DD22220C-2035,CUST-00659,MERCH-004,107399,USD,PENDING,2026-09-23 18:08:00.020810
PAY-48B28D47-EFAF,CUST-00363,MERCH-041,51853,USD,SUCCESS,2026-09-27 02:08:27.020810
PAY-7B6A554C-1599,CUST-01193,MERCH-029,38156,EUR,SUCCESS,2026-09-21 17:11:52.020810
PAY-C926301A-AD34,CUST-00104,MERCH-047,58305,USD,SUCCESS,2026-09-19 15:21:45.020810
PAY-03956213-B9C4,CUST-01306,MERCH-018,4908,EUR,SUCCESS,2026-09-14 20:54:18.020810
PAY-12CF4B45-E41E,CUST-01015,MERCH-029,74293,GBP,SUCCESS,2026-09-23 05:58:04.020810
PAY-8F7CBE63-E556,CUST-00801,MERCH-011,118209,USD,SUCCESS,2026-09-04 13:58:39.020810
PAY-8C8154E1-7915,CUST-00287,MERCH-047,108410,USD,FAILED,2026-09-21 07:58:31.020810
PAY-F72FF776-B20E,CUST-01376,MERCH-009,36464,GBP,SUCCESS,2026-09-30 16:56:40.020810
PAY-7F195F88-24B7,CUST-00706,MERCH-002,24635,USD,FAILED,2026-09-28 17:21:13.020810
PAY-C815D7D7-62B0,CUST-01008,MERCH-047,101287,USD,SUCCESS,2026-09-24 18:36:11.020810
PAY-1C26E405-DC9B,CUST-00098,MERCH-011,18009,NGN,SUCCESS,2026-09-29 04:57:16.020810
PAY-31EDF6AE-41F0,CUST-00540,MERCH-002,137858,NGN,SUCCESS,2026-09-21 01:03:15.020810
PAY-2BEC087C-0FF7,CUST-01382,MERCH-035,18105,EUR,SUCCESS,2026-09-14 12:22:26.020810
PAY-49144CDF-32B2,CUST-00400,MERCH-013,119478,USD,SUCCESS,2026-09-11 14:18:51.020810
PAY-2BD066F5-0A60,CUST-00476,MERCH-006,82865,USD,SUCCESS,2026-09-08 04:45:27.020810
PAY-78460692-772C,CUST-00733,MERCH-046,53615,USD,SUCCESS,2026-09-10 01:42:35.020810
PAY-564887EA-AFE2,CUST-00707,MERCH-026,122971,EUR,SUCCESS,2026-09-07 00:51:03.020810
PAY-BB498141-382C,CUST-01116,MERCH-006,3289,USD,SUCCESS,2026-09-24 07:05:13.020810
PAY-2BA7C357-48AC,CUST-00420,MERCH-011,21103,USD,SUCCESS,2026-09-06 16:37:45.020810
PAY-A65798FB-578D,CUST-01235,MERCH-011,100070,USD,FAILED,2026-09-01 18:43:55.020810
PAY-B14C8C2B-47A7,CUST-00231,MERCH-015,62883,USD,SUCCESS,2026-09-22 05:44:22.020810
PAY-69E06E3B-DA14,CUST-01052,MERCH-043,35196,GBP,FAILED,2026-09-17 04:24:12.020810
PAY-1F0A2ED1-5CFA,CUST-00958,MERCH-032,90930,USD,FAILED,2026-09-28 06:27:30.020810
PAY-1955BB36-B151,CUST-00771,MERCH-008,57713,USD,FAILED,2026-09-11 00:00:28.020810
PAY-082401AC-ED93,CUST-00917,MERCH-005,78285,EUR,SUCCESS,2026-09-28 05:22:54.020810
PAY-440AB45A-A518,CUST-00629,MERCH-017,13393,NGN,SUCCESS,2026-09-30 12:34:02.020810
PAY-6073EB7D-1046,CUST-01487,MERCH-011,85178,EUR,SUCCESS,2026-09-29 20:32:57.020810
PAY-A9B386CD-6085,CUST-00098,MERCH-010,77574,USD,SUCCESS,2026-09-20 23:05:05.020810
PAY-155D4944-8BCC,CUST-01046,MERCH-003,113525,USD,SUCCESS,2026-09-06 08:18:36.020810
PAY-C87CA494-3619,CUST-00565,MERCH-019,62499,USD,SUCCESS,2026-09-04 07:49:26.020810
PAY-18CC7C21-9E25,CUST-00926,MERCH-014,27137,USD,SUCCESS,2026-09-13 21:36:31.020810
PAY-1222D416-B905,CUST-00816,MERCH-031,28885,NGN,SUCCESS,2026-09-27 16:33:27.020810
PAY-92014EBC-3684,CUST-00291,MERCH-030,135082,EUR,FAILED,2026-09-26 00:20:05.020810
PAY-1F05560E-A1C8,CUST-00349,MERCH-012,4173,GBP,SUCCESS,2026-09-05 09:46:48.020810
PAY-5F34E7CC-4F4F,CUST-00331,MERCH-041,129363,GBP,SUCCESS,2026-09-06 05:41:29.020810
PAY-5DE2AAEA-3920,CUST-01207,MERCH-035,27327,GBP,SUCCESS,2026-09-10 14:41:34.020810
PAY-C4FE82DC-29F9,CUST-01287,MERCH-013,136664,USD,SUCCESS,2026-09-14 10:23:32.020810
PAY-32FA18C9-CABF,CUST-00860,MERCH-011,143663,GBP,SUCCESS,2026-09-29 13:13:29.020810
PAY-0A4E48E1-AAA8,CUST-00697,MERCH-048,115300,USD,SUCCESS,2026-09-25 14:36:13.020810
PAY-A4AACEE7-5FA4,CUST-00479,MERCH-049,61220,NGN,FAILED,2026-09-22 10:32:26.020810
PAY-749265A0-F9FB,CUST-01105,MERCH-016,135582,USD,SUCCESS,2026-09-07 08:09:30.020810
PAY-BACA2B37-F42A,CUST-00363,MERCH-035,107566,USD,SUCCESS,2026-09-17 05:12:08.020810
PAY-70B566AC-7900,CUST-00060,MERCH-022,118371,NGN,SUCCESS,2026-09-12 20:53:17.020810
PAY-8225A2CC-148D,CUST-00047,MERCH-032,143263,USD,SUCCESS,2026-09-30 07:58:22.020810
PAY-D954CCF8-B8C7,CUST-01473,MERCH-041,106086,USD,SUCCESS,2026-09-22 13:38:59.020810
PAY-BC286B95-1350,CUST-01395,MERCH-008,125889,USD,SUCCESS,2026-09-23 18:38:33.020810
PAY-49E3149B-2699,CUST-01434,MERCH-004,130645,USD,SUCCESS,2026-09-21 07:19:22.020810
PAY-8AE5600A-1BDD,CUST-00484,MERCH-026,38915,USD,SUCCESS,2026-09-26 22:01:39.020810
PAY-F16B4F23-1258,CUST-00032,MERCH-024,99096,GBP,SUCCESS,2026-09-01 20:48:50.020810
PAY-F1FF2880-36DD,CUST-01108,MERCH-010,45310,EUR,FAILED,2026-09-05 20:28:07.020810
PAY-EF13B14B-F542,CUST-00370,MERCH-015,86454,EUR,SUCCESS,2026-09-18 17:09:33.020810
PAY-D23235F2-4AC0,CUST-01381,MERCH-011,103616,USD,SUCCESS,2026-09-05 22:36:30.020810
PAY-D32E8AFA-790E,CUST-01391,MERCH-043,4388,EUR,SUCCESS,2026-09-19 12:39:32.020810
PAY-8458E206-7B62,CUST-00687,MERCH-035,27999,GBP,PENDING,2026-09-23 11:18:45.020810
PAY-8B91299F-5DBA,CUST-01407,MERCH-017,149773,USD,SUCCESS,2026-09-21 09:58:26.020810
PAY-E82E3030-3785,CUST-00308,MERCH-047,137558,EUR,SUCCESS,2026-09-05 07:04:53.020810
PAY-A03C3770-308A,CUST-01334,MERCH-050,19571,USD,PENDING,2026-09-10 05:09:56.020810
PAY-3A96FC50-E1E2,CUST-01169,MERCH-009,149362,USD,PENDING,2026-09-17 15:37:50.020810
PAY-E5B02864-5522,CUST-00815,MERCH-030,10837,EUR,FAILED,2026-09-30 14:27:01.020810
PAY-68D77C25-EF8E,CUST-01142,MERCH-038,70890,USD,SUCCESS,2026-09-27 16:38:53.020810
PAY-CCB63056-2FAD,CUST-00482,MERCH-028,142544,USD,SUCCESS,2026-10-01 07:40:55.020810
PAY-ABFDFE60-A4F1,CUST-00592,MERCH-035,42007,USD,SUCCESS,2026-09-02 13:01:33.020810
PAY-CC8F30E4-AC1F,CUST-00260,MERCH-003,9389,USD,SUCCESS,2026-09-17 19:41:45.020810
PAY-75E69479-6EB2,CUST-01240,MERCH-045,142656,GBP,SUCCESS,2026-09-12 21:55:34.020810
PAY-3F407905-3AC9,CUST-00888,MERCH-047,66238,USD,SUCCESS,2026-09-30 19:10:15.020810
PAY-1F05D593-916D,CUST-01040,MERCH-019,78654,NGN,SUCCESS,2026-09-08 01:38:16.020810
PAY-4FB0A57E-153C,CUST-01241,MERCH-022,134771,USD,SUCCESS,2026-10-01 08:34:39.020810
PAY-1C840948-0A83,CUST-01134,MERCH-041,22523,NGN,FAILED,2026-09-04 23:06:23.020810
PAY-AC086C7D-E4CB,CUST-00581,MERCH-023,143549,EUR,SUCCESS,2026-09-23 16:39:00.020810
PAY-343E5376-BAE2,CUST-01040,MERCH-030,116211,USD,SUCCESS,2026-09-03 11:54:00.020810
PAY-3DD0D42E-129C,CUST-00188,MERCH-023,62177,EUR,FAILED,2026-09-10 10:47:24.020810
PAY-BB73B722-4D9A,CUST-01115,MERCH-026,102866,NGN,SUCCESS,2026-09-23 11:39:30.020810
PAY-13247319-3476,CUST-00979,MERCH-013,49458,USD,SUCCESS,2026-09-27 22:29:09.020810
PAY-D0DFF231-3D62,CUST-00054,MERCH-040,72563,EUR,FAILED,2026-09-23 16:48:59.020810
PAY-22FA43CA-F3AD,CUST-00780,MERCH-050,17141,USD,SUCCESS,2026-09-05 13:03:28.020810
PAY-E590E561-46F7,CUST-01474,MERCH-041,130234,USD,SUCCESS,2026-09-24 03:46:03.020810
PAY-9A3B9E02-18D7,CUST-01251,MERCH-035,101287,GBP,SUCCESS,2026-09-25 15:57:40.020810
PAY-26005F71-74C6,CUST-01110,MERCH-010,114916,GBP,SUCCESS,2026-09-29 15:38:24.020810
PAY-E411BBA9-C3C7,CUST-01036,MERCH-032,34444,GBP,SUCCESS,2026-09-09 05:30:54.020810
PAY-7A2A8198-906E,CUST-00656,MERCH-034,51920,GBP,SUCCESS,2026-09-29 18:12:59.020810
PAY-1810E8F2-B80B,CUST-01012,MERCH-048,139997,USD,SUCCESS,2026-09-03 14:40:25.020810
PAY-37291D93-A9EF,CUST-00652,MERCH-044,671,USD,SUCCESS,2026-09-27 05:08:44.020810
PAY-F1DC944E-0943,CUST-00817,MERCH-042,62754,USD,PENDING,2026-09-10 19:10:22.020810
PAY-E8E16E87-FB45,CUST-00756,MERCH-004,8337,USD,FAILED,2026-09-14 19:58:47.020810
PAY-CDB0978A-516F,CUST-01359,MERCH-024,100360,NGN,SUCCESS,2026-09-20 16:45:13.020810
PAY-8EC55571-86BF,CUST-01491,MERCH-040,120204,EUR,SUCCESS,2026-09-17 20:51:19.020810
PAY-DC5B1B74-3D24,CUST-01166,MERCH-003,33222,USD,SUCCESS,2026-09-03 05:52:55.020810
PAY-467D77F0-2ED2,CUST-00344,MERCH-018,46613,NGN,SUCCESS,2026-09-28 01:23:55.020810
PAY-98188217-5B4E,CUST-00702,MERCH-024,66352,USD,SUCCESS,2026-09-14 18:48:32.020810
PAY-1A904944-F72D,CUST-00374,MERCH-034,121266,GBP,SUCCESS,2026-09-20 20:16:15.020810
PAY-9E0893E3-811B,CUST-01216,MERCH-026,37293,EUR,SUCCESS,2026-09-11 06:40:20.020810
PAY-E23FA74A-F5E1,CUST-00723,MERCH-040,49177,EUR,PENDING,2026-09-16 00:54:59.020810
PAY-BB0DAEBB-E00D,CUST-01308,MERCH-016,140144,GBP,SUCCESS,2026-09-08 05:15:40.020810
PAY-1D72CD8A-B418,CUST-01180,MERCH-018,58747,USD,SUCCESS,2026-09-20 18:11:16.020810
PAY-0A586BAA-7FA0,CUST-00399,MERCH-035,27527,USD,SUCCESS,2026-09-29 13:18:42.020810
PAY-D9F0E84A-5948,CUST-00697,MERCH-026,68848,USD,SUCCESS,2026-09-09 17:45:20.020810
PAY-6AF8A222-4392,CUST-00164,MERCH-044,49416,NGN,SUCCESS,2026-09-17 16:11:58.020810
PAY-DDDF4E56-9E55,CUST-01092,MERCH-049,127194,NGN,SUCCESS,2026-09-18 03:51:31.020810
PAY-4D7596B1-C686,CUST-00365,MERCH-022,44456,EUR,FAILED,2026-09-20 15:29:52.020810
PAY-55C74C8E-A9A3,CUST-01179,MERCH-011,58604,USD,SUCCESS,2026-09-21 08:28:43.020810
PAY-5D6DC908-F5E5,CUST-01423,MERCH-015,139368,USD,SUCCESS,2026-09-18 10:11:36.020810
PAY-07CF0F1A-B3AE,CUST-01246,MERCH-044,27296,NGN,FAILED,2026-09-19 17:19:57.020810
PAY-5E8D2678-5616,CUST-00458,MERCH-033,147283,USD,SUCCESS,2026-09-06 21:56:06.020810
PAY-F90AD937-E941,CUST-01456,MERCH-026,96393,USD,SUCCESS,2026-09-19 16:22:35.020810
PAY-0789CE5C-C656,CUST-00053,MERCH-042,136535,EUR,SUCCESS,2026-09-25 12:39:12.020810
PAY-55ED5C84-1366,CUST-00539,MERCH-025,85533,USD,SUCCESS,2026-09-28 21:06:21.020810
PAY-2D91D831-CE0A,CUST-00033,MERCH-040,128365,USD,SUCCESS,2026-09-17 07:31:55.020810
PAY-37A9B3E9-BFD0,CUST-01393,MERCH-019,59274,USD,PENDING,2026-09-14 11:06:05.020810
PAY-1EBD63AE-9A93,CUST-00016,MERCH-013,31951,GBP,SUCCESS,2026-09-16 15:25:41.020810
PAY-0ADD2BAF-019A,CUST-01384,MERCH-033,20032,USD,FAILED,2026-09-29 18:24:11.020810
PAY-20C5A0EE-3B4C,CUST-00232,MERCH-031,127442,NGN,FAILED,2026-09-30 20:04:39.020810
PAY-CC4E261B-10A8,CUST-00338,MERCH-004,137219,USD,PENDING,2026-09-11 10:12:53.020810
PAY-F690058E-611B,CUST-01444,MERCH-022,62370,USD,FAILED,2026-09-30 00:14:35.020810
PAY-343EF373-4C08,CUST-00552,MERCH-003,95979,NGN,SUCCESS,2026-09-05 22:23:59.020810
PAY-44371397-F905,CUST-00431,MERCH-026,23623,NGN,SUCCESS,2026-09-16 16:32:53.020810
PAY-B38C9CB0-B526,CUST-00667,MERCH-019,28686,NGN,SUCCESS,2026-09-23 18:45:45.020810
PAY-7EA063B3-B0DA,CUST-00670,MERCH-021,28607,NGN,SUCCESS,2026-09-11 13:53:02.020810
PAY-16076494-923D,CUST-00444,MERCH-047,96473,EUR,SUCCESS,2026-09-10 04:20:39.020810
PAY-96C8D42D-C119,CUST-01269,MERCH-014,125242,USD,SUCCESS,2026-09-22 02:55:29.020810
PAY-2E1EFEB1-DD84,CUST-01491,MERCH-034,62929,EUR,SUCCESS,2026-09-06 11:38:39.020810
PAY-6DADF5BE-5C22,CUST-00873,MERCH-029,12504,USD,SUCCESS,2026-09-17 03:53:44.020810
PAY-AA06B0EC-92E9,CUST-00033,MERCH-040,39739,NGN,SUCCESS,2026-09-14 15:49:01.020810
PAY-55C87CE6-6C74,CUST-01428,MERCH-042,74812,USD,SUCCESS,2026-09-07 01:18:25.020810
PAY-91A6D219-E089,CUST-00179,MERCH-003,46984,USD,SUCCESS,2026-09-18 22:28:01.020810
PAY-5E77A746-90B2,CUST-00936,MERCH-025,139229,USD,PENDING,2026-10-01 15:33:18.020810
PAY-8AF14E7C-5029,CUST-00250,MERCH-045,137790,EUR,SUCCESS,2026-09-30 11:36:42.020810
PAY-C0A70972-DB1C,CUST-00969,MERCH-036,35007,USD,SUCCESS,2026-09-04 16:15:42.020810
PAY-8E3C296F-7285,CUST-00979,MERCH-001,95130,USD,FAILED,2026-09-14 22:43:24.020810
PAY-75C0E4B6-723E,CUST-00266,MERCH-016,138593,USD,SUCCESS,2026-09-26 17:20:32.020810
PAY-D29BCA7E-C905,CUST-01143,MERCH-050,105932,USD,PENDING,2026-09-18 16:00:31.020810
PAY-5A22EDF0-CC69,CUST-00334,MERCH-009,146620,USD,SUCCESS,2026-09-17 19:42:33.020810
PAY-FD6B0FBF-54DD,CUST-00877,MERCH-027,85553,USD,FAILED,2026-09-04 14:11:44.020810
PAY-0ADBCCE8-5A04,CUST-01196,MERCH-033,118407,NGN,SUCCESS,2026-09-21 22:17:53.020810
PAY-F0BD8787-5C14,CUST-01104,MERCH-029,78789,USD,PENDING,2026-09-15 07:52:34.020810
PAY-42C186AC-8129,CUST-00344,MERCH-009,89075,USD,SUCCESS,2026-09-25 16:14:30.020810
PAY-189EB823-7E7F,CUST-01045,MERCH-022,142411,USD,SUCCESS,2026-09-15 07:57:52.020810
PAY-C0AEC5F0-CCB0,CUST-01295,MERCH-022,111115,USD,FAILED,2026-09-30 07:38:05.020810
PAY-3DEC5807-4FC4,CUST-00745,MERCH-021,76006,USD,SUCCESS,2026-10-01 13:08:32.020810
PAY-483352F3-BF6D,CUST-00365,MERCH-033,80333,GBP,SUCCESS,2026-09-08 00:21:59.020810
PAY-2055CEDF-9440,CUST-01259,MERCH-008,112725,USD,SUCCESS,2026-09-05 18:52:01.020810
PAY-BFB38E72-2810,CUST-00681,MERCH-002,2140,GBP,PENDING,2026-09-08 08:47:17.020810
PAY-D82D24E0-A6E4,CUST-00081,MERCH-003,80936,NGN,PENDING,2026-09-09 07:52:39.020810
PAY-1103F21E-1AB8,CUST-00763,MERCH-041,61340,USD,SUCCESS,2026-09-12 21:39:47.020810
PAY-2FC3D1BF-F963,CUST-00149,MERCH-016,30838,GBP,SUCCESS,2026-09-08 02:57:57.020810
PAY-D26A9FA5-0BDC,CUST-00668,MERCH-021,55116,EUR,SUCCESS,2026-09-05 02:51:51.020810
PAY-E4A90C44-8252,CUST-00012,MERCH-021,126467,USD,PENDING,2026-09-18 06:14:15.020810
PAY-2CD53041-573E,CUST-00070,MERCH-034,112090,USD,SUCCESS,2026-09-11 15:58:27.020810
PAY-84216FE5-96F8,CUST-01138,MERCH-048,26811,NGN,SUCCESS,2026-09-10 14:24:35.020810
PAY-1C71A0AC-96A1,CUST-00582,MERCH-020,136764,USD,SUCCESS,2026-09-15 13:29:51.020810
PAY-471A9715-5D9C,CUST-01075,MERCH-040,101641,GBP,FAILED,2026-09-20 08:29:48.020810
PAY-35269CF5-5194,CUST-01202,MERCH-040,38267,GBP,FAILED,2026-09-25 13:48:55.020810
PAY-B6B613EC-BFBA,CUST-01024,MERCH-045,111405,USD,PENDING,2026-09-12 12:56:21.020810
PAY-39BB57AF-EB56,CUST-00920,MERCH-041,77221,GBP,SUCCESS,2026-09-23 04:04:02.020810
PAY-17858B34-D62D,CUST-01318,MERCH-027,2168,USD,PENDING,2026-09-09 00:36:33.020810
PAY-74E320D1-36FD,CUST-00266,MERCH-024,44463,GBP,PENDING,2026-09-26 18:34:30.020810
PAY-D5D24A61-B851,CUST-00756,MERCH-019,18743,GBP,SUCCESS,2026-09-11 21:52:09.020810
PAY-ED386A31-09E0,CUST-01077,MERCH-014,142939,EUR,SUCCESS,2026-09-10 03:36:12.020810
PAY-175275ED-0C20,CUST-00217,MERCH-048,50418,USD,FAILED,2026-09-08 05:59:33.020810
PAY-35AB16FA-A19A,CUST-00129,MERCH-009,38042,USD,SUCCESS,2026-09-11 11:25:07.020810
PAY-3621DD81-DC55,CUST-01322,MERCH-001,24775,USD,SUCCESS,2026-09-16 13:23:22.020810
PAY-2EDF1505-5123,CUST-00121,MERCH-025,24053,USD,SUCCESS,2026-09-02 03:38:43.020810
PAY-E50296A1-130F,CUST-01065,MERCH-016,69284,USD,SUCCESS,2026-09-21 22:07:46.020810
PAY-F5674514-FD7E,CUST-01003,MERCH-011,145399,NGN,SUCCESS,2026-09-11 15:49:04.020810
PAY-99297792-288F,CUST-00949,MERCH-023,140095,USD,SUCCESS,2026-09-02 22:24:55.020810
PAY-A0F2EACF-8D03,CUST-00339,MERCH-050,106412,EUR,SUCCESS,2026-09-24 15:42:55.020810
PAY-5ECA034A-D25E,CUST-01063,MERCH-046,120044,GBP,FAILED,2026-09-05 23:39:36.020810
PAY-30C31458-B775,CUST-00363,MERCH-012,126349,USD,SUCCESS,2026-09-18 18:04:21.020810
PAY-F43935BC-CC73,CUST-00951,MERCH-021,95707,NGN,FAILED,2026-09-14 09:30:34.020810
PAY-9DC14D9E-D8E5,CUST-01152,MERCH-041,127334,EUR,SUCCESS,2026-09-14 15:40:21.020810
PAY-60E7A046-E434,CUST-00278,MERCH-025,9070,USD,SUCCESS,2026-09-09 06:29:36.020810
PAY-2424216A-D767,CUST-00667,MERCH-010,134436,USD,SUCCESS,2026-09-06 03:19:16.020810
PAY-77956DBB-7648,CUST-01372,MERCH-048,100747,EUR,SUCCESS,2026-09-23 18:38:31.020810
PAY-9B9F0789-3457,CUST-01347,MERCH-036,27304,GBP,FAILED,2026-09-13 11:04:47.020810
PAY-4198D23B-D1A2,CUST-00804,MERCH-004,48119,USD,FAILED,2026-09-28 10:15:28.020810
PAY-5A828E59-D177,CUST-01472,MERCH-029,123385,USD,FAILED,2026-09-07 15:05:03.020810
PAY-DE7EAE51-EC5C,CUST-00360,MERCH-005,56878,USD,SUCCESS,2026-09-23 22:49:43.020810
PAY-64DA18E4-2475,CUST-00407,MERCH-029,148476,EUR,SUCCESS,2026-09-12 07:19:43.020810
PAY-B013624C-E851,CUST-01343,MERCH-038,8172,NGN,SUCCESS,2026-09-10 19:04:10.020810
PAY-59BA1861-2BFB,CUST-00668,MERCH-012,41182,USD,SUCCESS,2026-09-10 03:13:08.020810
PAY-85690458-0A44,CUST-01181,MERCH-037,56624,USD,SUCCESS,2026-10-01 14:29:43.020810
PAY-CA6E083B-E249,CUST-00844,MERCH-011,112461,EUR,FAILED,2026-09-06 15:38:34.020810
PAY-6DE8A745-963B,CUST-00670,MERCH-043,20255,GBP,PENDING,2026-09-30 03:58:16.020810
PAY-94FDB9BB-0263,CUST-01312,MERCH-020,145501,USD,FAILED,2026-09-13 05:28:03.020810
PAY-1CF41CD0-F1D9,CUST-01128,MERCH-010,44163,USD,SUCCESS,2026-09-13 05:40:49.020810
PAY-F8279252-21C8,CUST-00666,MERCH-042,64599,USD,PENDING,2026-09-19 09:55:23.020810
PAY-D3A760E5-A41C,CUST-01183,MERCH-035,84439,EUR,PENDING,2026-09-11 14:55:12.020810
PAY-1DDF0391-2F19,CUST-01139,MERCH-020,110043,GBP,PENDING,2026-09-14 17:00:36.020810
PAY-E9D30339-1739,CUST-00251,MERCH-032,129763,GBP,SUCCESS,2026-09-24 05:39:24.020810
PAY-56EE5929-89AE,CUST-00449,MERCH-011,76480,USD,SUCCESS,2026-09-20 20:09:51.020810
PAY-BFCB971C-AF24,CUST-00507,MERCH-002,87695,USD,SUCCESS,2026-09-29 11:30:17.020810
PAY-5A608114-8142,CUST-00535,MERCH-017,131078,USD,SUCCESS,2026-09-29 19:09:14.020810
PAY-33AC3CB7-B2A3,CUST-01252,MERCH-046,47806,NGN,PENDING,2026-09-07 09:53:54.020810
PAY-640BE851-B571,CUST-00916,MERCH-039,115527,USD,SUCCESS,2026-09-30 00:34:46.020810
PAY-51320F2D-4E77,CUST-00006,MERCH-012,46199,USD,SUCCESS,2026-09-29 11:30:15.020810
PAY-A09E67C9-258C,CUST-00902,MERCH-005,15032,GBP,SUCCESS,2026-09-09 15:02:19.020810
PAY-337B1C41-C598,CUST-00679,MERCH-016,123317,USD,PENDING,2026-09-30 16:27:35.020810
PAY-78A1F37E-6AC2,CUST-01080,MERCH-032,56660,GBP,SUCCESS,2026-09-07 05:16:41.020810
PAY-A66496CE-9376,CUST-01005,MERCH-046,36748,EUR,SUCCESS,2026-09-17 15:01:47.020810
PAY-820F1FEF-5529,CUST-01187,MERCH-036,64208,USD,SUCCESS,2026-09-26 22:48:19.020810
PAY-DA2BA690-0B8C,CUST-00268,MERCH-010,26335,USD,SUCCESS,2026-09-03 02:54:16.020810
PAY-F882E970-2262,CUST-00276,MERCH-024,14731,USD,SUCCESS,2026-09-21 00:52:58.020810
PAY-20D983C8-1B04,CUST-01123,MERCH-013,10371,GBP,SUCCESS,2026-09-10 04:03:38.020810
PAY-186EFB2D-142E,CUST-00092,MERCH-017,128674,USD,FAILED,2026-09-28 15:53:32.020810
PAY-A309D231-64CD,CUST-01243,MERCH-044,136454,USD,PENDING,2026-09-24 08:39:23.020810
PAY-1BF04F2D-7C68,CUST-01032,MERCH-033,115416,EUR,SUCCESS,2026-09-29 09:01:55.020810
PAY-E71CB5BC-5E13,CUST-00716,MERCH-044,98068,USD,SUCCESS,2026-09-11 23:32:27.020810
PAY-CDC6CF1D-702F,CUST-01367,MERCH-033,48906,USD,SUCCESS,2026-09-19 02:33:01.020810
PAY-B58376F6-8295,CUST-00485,MERCH-041,103875,EUR,SUCCESS,2026-09-27 17:29:55.020810
PAY-4E0F4192-9263,CUST-00125,MERCH-049,53451,USD,SUCCESS,2026-09-03 17:18:15.020810
PAY-E777E9EF-E74C,CUST-00036,MERCH-018,62441,USD,SUCCESS,2026-09-16 10:10:01.020810
PAY-AD6A6773-16E9,CUST-00795,MERCH-042,84578,USD,SUCCESS,2026-09-05 17:44:21.020810
PAY-7BE2BEE6-B4C1,CUST-00225,MERCH-030,91434,EUR,SUCCESS,2026-09-04 23:33:44.020810
PAY-76290324-3F79,CUST-00334,MERCH-014,25028,GBP,SUCCESS,2026-09-29 10:53:25.020810
PAY-C509EB36-1A8B,CUST-00047,MERCH-050,44403,USD,SUCCESS,2026-09-09 00:02:21.020810
PAY-2079D923-423E,CUST-01495,MERCH-038,6799,EUR,SUCCESS,2026-09-18 15:55:43.020810
PAY-E5FFA9A1-0278,CUST-00190,MERCH-020,125796,USD,SUCCESS,2026-09-11 09:51:20.020810
PAY-827C4CA3-1956,CUST-00568,MERCH-042,51054,USD,SUCCESS,2026-09-26 13:59:34.020810
PAY-1A26E48B-54BA,CUST-00117,MERCH-040,1787,EUR,SUCCESS,2026-09-11 06:56:05.020810
PAY-03CB09B7-56CF,CUST-01181,MERCH-027,22165,EUR,SUCCESS,2026-09-24 13:53:35.020810
PAY-0C27551E-8E70,CUST-00431,MERCH-044,131536,EUR,FAILED,2026-09-30 13:39:03.020810
PAY-4BAE1EAE-ECD1,CUST-00191,MERCH-039,38559,USD,SUCCESS,2026-09-07 08:22:25.020810
PAY-BAD71ED4-0684,CUST-00815,MERCH-004,40290,GBP,SUCCESS,2026-09-09 02:02:20.020810
PAY-AD7ED929-AC76,CUST-00237,MERCH-014,31453,USD,FAILED,2026-09-09 09:34:49.020810
PAY-2A1D147E-0679,CUST-01407,MERCH-045,108008,USD,SUCCESS,2026-09-24 02:31:52.020810
PAY-9FD4A854-3E56,CUST-00956,MERCH-049,14525,GBP,SUCCESS,2026-09-08 12:52:38.020810
PAY-F0DF1F33-EFFA,CUST-00236,MERCH-039,30891,EUR,FAILED,2026-09-06 02:09:32.020810
PAY-30EA99A9-CB91,CUST-00231,MERCH-025,27895,NGN,SUCCESS,2026-09-21 07:21:57.020810
PAY-FA8076C1-FFCF,CUST-00266,MERCH-012,32208,USD,SUCCESS,2026-09-03 18:57:03.020810
PAY-F91B4DEE-728D,CUST-01265,MERCH-047,117544,USD,SUCCESS,2026-09-03 07:22:38.020810
PAY-C1943907-C162,CUST-00279,MERCH-047,139214,USD,SUCCESS,2026-09-18 09:44:37.020810
PAY-FC29FFCC-9A53,CUST-00897,MERCH-016,56622,USD,SUCCESS,2026-09-11 08:49:15.020810
PAY-8BB1E5FD-DC72,CUST-00076,MERCH-019,50948,EUR,FAILED,2026-09-29 12:29:01.020810
PAY-4C9B1935-E1C3,CUST-00884,MERCH-025,55131,NGN,SUCCESS,2026-09-18 03:11:21.020810
PAY-AC6538BD-7B7A,CUST-01099,MERCH-001,119865,NGN,PENDING,2026-09-10 10:33:06.020810
PAY-9BDDEE6F-0745,CUST-01333,MERCH-043,137075,USD,SUCCESS,2026-09-16 09:25:23.020810
PAY-453F690E-AE6B,CUST-00213,MERCH-010,46673,USD,SUCCESS,2026-09-15 10:47:49.020810
PAY-7EB0717F-995B,CUST-00206,MERCH-006,6453,USD,SUCCESS,2026-09-15 13:35:58.020810
PAY-0F4C2504-0F44,CUST-01144,MERCH-044,138077,EUR,SUCCESS,2026-09-20 22:08:49.020810
PAY-2A82AE20-E50F,CUST-00288,MERCH-022,86126,USD,PENDING,2026-09-02 04:22:34.020810
PAY-2FF3E877-F516,CUST-00276,MERCH-010,75660,USD,PENDING,2026-09-30 16:57:28.020810
PAY-AD58C3D5-22B1,CUST-00770,MERCH-009,51265,USD,PENDING,2026-09-02 14:07:52.020810
PAY-1192BC1E-7764,CUST-01435,MERCH-024,100244,USD,SUCCESS,2026-09-18 17:56:29.020810
PAY-75AA8EE7-CFCF,CUST-00136,MERCH-048,56760,USD,FAILED,2026-09-01 19:37:51.020810
PAY-39BCA52A-FC07,CUST-01466,MERCH-043,91002,GBP,SUCCESS,2026-09-29 08:58:21.020810
PAY-3D1DE79F-32BE,CUST-00263,MERCH-050,130669,NGN,SUCCESS,2026-09-30 01:58:10.020810
PAY-072E4E72-891C,CUST-00035,MERCH-050,60495,EUR,FAILED,2026-09-06 11:23:59.020810
PAY-E269DBD3-AC9B,CUST-00930,MERCH-008,72710,USD,SUCCESS,2026-09-08 15:29:30.020810
PAY-DF30C2C1-5444,CUST-00391,MERCH-028,144599,NGN,PENDING,2026-09-19 04:28:29.020810
PAY-0F710001-6FE4,CUST-00669,MERCH-035,102046,NGN,PENDING,2026-09-19 13:24:58.020810
PAY-331A8356-F652,CUST-00629,MERCH-049,56077,USD,FAILED,2026-09-08 02:02:25.020810
PAY-C997A11D-5027,CUST-00056,MERCH-017,41439,USD,PENDING,2026-09-05 09:30:45.020810
PAY-294A3B43-B0F0,CUST-00053,MERCH-010,14607,USD,SUCCESS,2026-09-25 03:35:22.020810
PAY-549B50B0-D1AA,CUST-00866,MERCH-008,42955,USD,SUCCESS,2026-09-19 07:44:40.020810
PAY-F1161F8A-66FB,CUST-00982,MERCH-015,130223,USD,PENDING,2026-09-28 19:45:30.020810
PAY-F01564B2-70AD,CUST-00570,MERCH-004,16626,GBP,SUCCESS,2026-09-09 20:00:17.020810
PAY-2C9001B4-D006,CUST-00908,MERCH-047,113542,GBP,SUCCESS,2026-09-05 21:39:29.020810
PAY-3E3DB562-E03B,CUST-00873,MERCH-038,108592,USD,SUCCESS,2026-09-02 20:15:57.020810
PAY-F81E34D3-52C5,CUST-00468,MERCH-009,74267,GBP,FAILED,2026-09-07 21:33:14.020810
PAY-C37C32D0-11E2,CUST-01088,MERCH-042,90255,USD,SUCCESS,2026-09-06 22:54:03.020810
PAY-4E21CAC7-4B1C,CUST-00655,MERCH-017,2486,USD,SUCCESS,2026-09-09 10:58:17.020810
PAY-B2D87BDD-640D,CUST-00455,MERCH-045,8989,USD,SUCCESS,2026-09-15 14:46:15.020810
PAY-507B65F3-AFB1,CUST-00512,MERCH-004,4919,EUR,PENDING,2026-09-07 19:28:14.020810
PAY-F7A9EF35-50CE,CUST-01262,MERCH-024,130624,USD,SUCCESS,2026-09-21 10:40:45.020810
PAY-123DAD1D-96CE,CUST-01156,MERCH-050,97117,EUR,PENDING,2026-09-23 16:11:44.020810
PAY-E32BAE14-DC4B,CUST-00867,MERCH-020,97726,EUR,PENDING,2026-09-04 21:47:03.020810
PAY-AB24CC74-FDD3,CUST-00907,MERCH-038,98009,USD,FAILED,2026-09-18 15:40:39.020810
PAY-834F6744-1913,CUST-00584,MERCH-028,65012,USD,SUCCESS,2026-09-10 03:08:51.020810
PAY-AC59CD91-120F,CUST-00515,MERCH-031,36376,USD,SUCCESS,2026-09-06 22:11:05.020810
PAY-FCE2DD2F-9D0A,CUST-00515,MERCH-030,1216,NGN,PENDING,2026-09-22 20:03:10.020810
PAY-49DC8753-034A,CUST-00227,MERCH-003,16070,USD,SUCCESS,2026-09-28 16:44:39.020810
PAY-4A5D099D-D5B9,CUST-00243,MERCH-033,10652,USD,SUCCESS,2026-09-07 17:04:23.020810
PAY-19762265-21A5,CUST-00425,MERCH-002,145686,EUR,PENDING,2026-09-21 18:52:22.020810
PAY-8D7E8EF4-F65D,CUST-00471,MERCH-007,105000,NGN,SUCCESS,2026-09-23 13:41:35.020810
PAY-D41595B7-C2F4,CUST-00566,MERCH-049,128684,GBP,SUCCESS,2026-09-06 03:01:33.020810
PAY-E47FA597-74F0,CUST-00332,MERCH-028,11673,USD,SUCCESS,2026-09-26 19:42:01.020810
PAY-D572BD56-8F13,CUST-01115,MERCH-001,26040,USD,FAILED,2026-09-26 20:22:01.020810
PAY-2EDFDE69-2F13,CUST-01489,MERCH-043,117877,USD,SUCCESS,2026-09-19 12:53:45.020810
PAY-2482516B-3196,CUST-00220,MERCH-010,8490,USD,PENDING,2026-09-30 12:47:29.020810
PAY-56E793A3-EF32,CUST-01475,MERCH-007,16438,USD,FAILED,2026-09-18 09:29:14.020810
PAY-0FB1644D-2F3F,CUST-00950,MERCH-006,133764,GBP,SUCCESS,2026-09-11 05:56:53.020810
PAY-66E26AC6-3415,CUST-00087,MERCH-027,27151,USD,PENDING,2026-09-23 17:55:52.020810
PAY-6A952241-BEF3,CUST-00505,MERCH-004,60580,USD,PENDING,2026-09-24 04:23:49.020810
PAY-4243BA22-7DE7,CUST-00681,MERCH-006,75925,USD,SUCCESS,2026-09-04 01:52:47.020810
PAY-E86ADEC8-DD6E,CUST-00740,MERCH-034,129483,GBP,FAILED,2026-09-15 03:13:38.020810
PAY-2123C144-1045,CUST-00615,MERCH-013,46370,NGN,SUCCESS,2026-09-21 04:56:37.020810
PAY-ABFBC096-7F7A,CUST-00234,MERCH-046,6998,NGN,FAILED,2026-09-11 07:11:32.020810
PAY-06132D0C-48D1,CUST-00036,MERCH-037,48138,GBP,SUCCESS,2026-09-22 21:06:52.020810
PAY-AD0D3245-D77F,CUST-00715,MERCH-035,93648,USD,PENDING,2026-09-27 09:29:52.020810
PAY-D7A9693A-AABC,CUST-00916,MERCH-028,67021,USD,SUCCESS,2026-09-22 14:34:37.020810
PAY-08389F2A-1549,CUST-01017,MERCH-002,32087,USD,SUCCESS,2026-09-11 16:31:21.020810
PAY-9294A36C-4FA6,CUST-01150,MERCH-001,52657,USD,SUCCESS,2026-09-17 23:03:09.020810
PAY-44D6AE91-B8C8,CUST-01375,MERCH-050,106033,GBP,SUCCESS,2026-09-11 11:38:01.020810
PAY-FC1CCA89-332F,CUST-00321,MERCH-029,115181,USD,SUCCESS,2026-09-14 02:22:47.020810
PAY-321D0A03-2776,CUST-00807,MERCH-028,21191,USD,SUCCESS,2026-09-08 23:41:15.020810
PAY-524650BD-FAD8,CUST-00724,MERCH-038,138024,EUR,SUCCESS,2026-09-04 20:50:35.020810
PAY-0EBAAFD5-1329,CUST-00493,MERCH-009,5475,NGN,SUCCESS,2026-09-24 19:36:35.020810
PAY-ED828571-BF89,CUST-00066,MERCH-004,106139,USD,SUCCESS,2026-09-14 16:06:30.020810
PAY-76CAE058-254F,CUST-00850,MERCH-028,81922,USD,FAILED,2026-09-06 14:53:38.020810
PAY-B6F899B5-5690,CUST-00677,MERCH-041,7036,GBP,SUCCESS,2026-09-30 08:47:29.020810
PAY-E6C0C78E-3F29,CUST-00139,MERCH-008,117660,USD,SUCCESS,2026-09-04 05:07:04.020810
PAY-43A020C2-CB45,CUST-01206,MERCH-032,33090,USD,PENDING,2026-09-24 10:42:11.020810
PAY-32C6A1B9-8107,CUST-00517,MERCH-003,69363,USD,FAILED,2026-09-02 17:04:56.020810
PAY-F76DFF81-4E64,CUST-01200,MERCH-016,145212,USD,SUCCESS,2026-09-28 03:51:16.020810
PAY-568CC0B7-2B83,CUST-00140,MERCH-046,71162,USD,SUCCESS,2026-09-29 02:02:27.020810
PAY-AC9E4334-4F6D,CUST-01176,MERCH-001,65850,GBP,SUCCESS,2026-09-17 01:14:49.020810
PAY-A162506E-BCAE,CUST-01368,MERCH-046,83512,EUR,SUCCESS,2026-09-04 22:49:43.020810
PAY-9B13879F-3342,CUST-00353,MERCH-003,132053,NGN,SUCCESS,2026-09-14 03:53:42.020810
PAY-85F24528-8635,CUST-00078,MERCH-038,130760,GBP,FAILED,2026-09-16 04:57:12.020810
PAY-44BAD886-9AEB,CUST-00809,MERCH-039,129690,NGN,SUCCESS,2026-09-27 10:44:21.020810
PAY-56415186-6262,CUST-01309,MERCH-015,52578,EUR,SUCCESS,2026-09-04 22:03:34.020810
PAY-F872E9E4-EA3B,CUST-00949,MERCH-038,32030,USD,SUCCESS,2026-09-23 01:40:59.020810
PAY-2AD38B32-46B4,CUST-00850,MERCH-025,146394,USD,PENDING,2026-10-01 00:43:17.020810
PAY-53AF4222-E026,CUST-00600,MERCH-007,100640,USD,SUCCESS,2026-09-21 16:54:32.020810
PAY-7AE5883C-2D87,CUST-00204,MERCH-010,127628,EUR,SUCCESS,2026-09-12 06:10:46.020810
PAY-32340EAB-2004,CUST-00588,MERCH-004,126300,EUR,SUCCESS,2026-09-25 07:16:54.020810
PAY-16AE9332-03CC,CUST-01170,MERCH-018,61657,USD,SUCCESS,2026-09-13 19:24:48.020810
PAY-8E99FC8B-9A25,CUST-00357,MERCH-049,115029,NGN,FAILED,2026-09-17 09:43:13.020810
PAY-547A438D-4515,CUST-00375,MERCH-014,76287,NGN,SUCCESS,2026-09-26 18:39:41.020810
PAY-C5F1BB0C-5409,CUST-01194,MERCH-037,117434,USD,SUCCESS,2026-09-07 06:56:19.020810
PAY-1047FB33-FF8D,CUST-00031,MERCH-005,43791,USD,SUCCESS,2026-09-14 13:54:20.020810
PAY-6D27796A-BF18,CUST-00883,MERCH-043,7396,EUR,SUCCESS,2026-09-08 12:47:51.020810
PAY-8CBBB0D7-424F,CUST-00439,MERCH-030,135653,USD,PENDING,2026-09-04 05:35:15.020810
PAY-9BC70D28-1BCD,CUST-00944,MERCH-035,28206,EUR,SUCCESS,2026-09-10 02:02:08.020810
PAY-A3D4FBB9-DF12,CUST-00183,MERCH-027,42012,USD,SUCCESS,2026-09-04 10:10:48.020810
PAY-1F1D3884-256F,CUST-01354,MERCH-043,68524,USD,SUCCESS,2026-09-03 02:08:54.020810
PAY-F5F6DCE3-8123,CUST-00195,MERCH-035,62159,USD,PENDING,2026-09-05 19:41:41.020810
PAY-A4D922E8-60D1,CUST-00757,MERCH-044,134968,GBP,SUCCESS,2026-10-01 14:57:42.020810
PAY-48EDC6A3-8C78,CUST-01220,MERCH-033,118092,USD,SUCCESS,2026-09-30 03:25:50.020810
PAY-E253666A-F0DF,CUST-00301,MERCH-008,117011,GBP,SUCCESS,2026-09-05 19:28:34.020810
PAY-DD97A65C-9A18,CUST-00046,MERCH-047,132528,USD,SUCCESS,2026-09-27 20:25:33.020810
PAY-7FEC0577-2291,CUST-01282,MERCH-038,133726,USD,FAILED,2026-09-15 19:47:36.020810
PAY-1F5CF620-3C91,CUST-00063,MERCH-005,105095,USD,SUCCESS,2026-09-28 07:02:49.020810
PAY-E28E5605-D5EA,CUST-00533,MERCH-020,36738,USD,SUCCESS,2026-09-27 17:37:55.020810
PAY-00BD71EA-E22E,CUST-00330,MERCH-049,118803,GBP,PENDING,2026-09-07 14:17:02.020810
PAY-A44E63C7-D5F9,CUST-00730,MERCH-034,61615,USD,SUCCESS,2026-09-26 16:02:54.020810
PAY-7947D40A-E2F6,CUST-01170,MERCH-029,98489,USD,SUCCESS,2026-09-26 08:42:41.020810
PAY-5A6F626F-7D03,CUST-00897,MERCH-001,45739,USD,SUCCESS,2026-09-27 22:17:15.020810
PAY-061E83E7-27B8,CUST-00127,MERCH-002,142082,USD,SUCCESS,2026-09-14 08:31:51.020810
PAY-C7FB911B-02E3,CUST-00096,MERCH-027,84438,USD,FAILED,2026-09-24 18:47:57.020810
PAY-F56B40FD-7F67,CUST-00970,MERCH-043,47641,USD,FAILED,2026-09-06 07:21:20.020810
PAY-760645CA-384F,CUST-00387,MERCH-025,22815,USD,SUCCESS,2026-09-29 02:37:59.020810
PAY-052792A0-AEAE,CUST-00614,MERCH-039,24487,EUR,SUCCESS,2026-09-21 07:59:14.020810
PAY-6AE98B5B-77DB,CUST-01328,MERCH-043,41874,GBP,SUCCESS,2026-09-05 20:05:44.020810
PAY-71E0B5A5-93E6,CUST-01047,MERCH-032,71387,USD,SUCCESS,2026-09-30 10:05:29.020810
PAY-439F120A-B9E0,CUST-00339,MERCH-039,147219,USD,SUCCESS,2026-09-22 07:34:27.020810
PAY-837222FB-48C2,CUST-01034,MERCH-010,103287,USD,SUCCESS,2026-09-24 06:02:35.020810
PAY-0909AF4D-7B90,CUST-01185,MERCH-043,13613,USD,SUCCESS,2026-09-24 22:05:39.020810
PAY-B6219920-9C74,CUST-00548,MERCH-003,93467,USD,SUCCESS,2026-09-30 08:14:28.020810
PAY-2B209F78-252C,CUST-00470,MERCH-046,68303,USD,FAILED,2026-09-07 11:34:14.020810
PAY-9B2F5CE1-6379,CUST-00182,MERCH-038,29989,GBP,SUCCESS,2026-09-22 07:37:50.020810
PAY-1FDA7B4E-89F0,CUST-00727,MERCH-028,130092,NGN,SUCCESS,2026-09-03 21:28:45.020810
PAY-4C06A552-C85C,CUST-01131,MERCH-042,46907,NGN,FAILED,2026-09-13 19:15:42.020810
PAY-D361DFA5-3782,CUST-00999,MERCH-019,146825,EUR,SUCCESS,2026-09-28 14:43:43.020810
PAY-2C9173E3-AF32,CUST-00460,MERCH-022,93310,USD,SUCCESS,2026-09-20 01:52:42.020810
PAY-32FB24B8-5BB8,CUST-00220,MERCH-050,104874,EUR,SUCCESS,2026-09-24 02:24:31.020810
PAY-203759D8-751B,CUST-00373,MERCH-019,111028,GBP,SUCCESS,2026-09-03 22:48:53.020810
PAY-098710A7-85FF,CUST-01438,MERCH-041,99148,GBP,SUCCESS,2026-09-15 11:57:22.020810
PAY-7969035E-185F,CUST-00786,MERCH-035,69923,USD,SUCCESS,2026-09-13 19:53:41.020810
PAY-3E22840E-B6DB,CUST-01253,MERCH-028,70137,USD,SUCCESS,2026-09-03 00:02:29.020810
PAY-8E4DE915-29BF,CUST-00928,MERCH-033,40264,GBP,SUCCESS,2026-09-16 22:09:21.020810
PAY-8DD953D8-D4FE,CUST-00133,MERCH-029,40594,USD,FAILED,2026-09-02 07:43:24.020810
PAY-6E26EC46-132E,CUST-01149,MERCH-022,101670,USD,PENDING,2026-09-06 17:16:25.020810
PAY-408E92C9-1F60,CUST-00292,MERCH-011,64242,NGN,SUCCESS,2026-09-19 00:27:41.020810
PAY-609DCE15-4CD2,CUST-01291,MERCH-027,142744,USD,SUCCESS,2026-09-15 02:50:31.020810
PAY-C2C71ECB-C943,CUST-01120,MERCH-009,132235,GBP,SUCCESS,2026-09-01 18:35:26.020810
PAY-1AC72AD2-0948,CUST-01176,MERCH-050,70208,EUR,FAILED,2026-09-12 12:50:33.020810
PAY-E4A7A46D-A9AD,CUST-01095,MERCH-026,132046,USD,FAILED,2026-09-27 14:50:07.020810
PAY-1B7AE928-7E5C,CUST-00467,MERCH-040,114770,EUR,SUCCESS,2026-09-03 18:03:42.020810
PAY-C416551F-388C,CUST-00282,MERCH-017,126204,GBP,FAILED,2026-09-20 22:37:07.020810
PAY-979A381B-FF77,CUST-00310,MERCH-049,117199,USD,SUCCESS,2026-09-27 08:26:03.020810
PAY-0DE7D024-2550,CUST-01233,MERCH-037,111888,USD,SUCCESS,2026-09-05 01:35:28.020810
PAY-3F19A6E4-73E7,CUST-00046,MERCH-040,23878,NGN,SUCCESS,2026-09-04 20:04:07.020810
PAY-E14F7140-07D2,CUST-00615,MERCH-005,30108,EUR,SUCCESS,2026-09-12 04:02:43.020810
PAY-5F84E7F3-DBC8,CUST-01202,MERCH-049,94281,USD,PENDING,2026-09-13 19:27:50.020810
PAY-6A220169-A350,CUST-01355,MERCH-049,43293,GBP,SUCCESS,2026-09-30 20:52:49.020810
PAY-570B97AF-34B2,CUST-00419,MERCH-046,28801,USD,SUCCESS,2026-09-21 12:49:20.020810
PAY-0F60B833-7E10,CUST-00477,MERCH-014,107358,USD,SUCCESS,2026-09-24 19:44:04.020810
PAY-50AF88EE-7A30,CUST-00001,MERCH-022,65675,USD,PENDING,2026-09-10 19:34:21.020810
PAY-67621C2E-7288,CUST-00090,MERCH-017,146329,USD,PENDING,2026-09-17 08:26:11.020810
PAY-AFD38D43-6002,CUST-01047,MERCH-007,87649,EUR,SUCCESS,2026-09-21 04:55:59.020810
PAY-85B6F904-738F,CUST-01435,MERCH-002,94954,GBP,SUCCESS,2026-09-09 19:05:52.020810
PAY-57ED8561-45B7,CUST-00571,MERCH-049,130416,GBP,SUCCESS,2026-09-16 10:08:56.020810
PAY-078D9D50-D56E,CUST-00297,MERCH-017,26022,USD,PENDING,2026-09-07 19:19:28.020810
PAY-D419FAED-54BC,CUST-00879,MERCH-021,51158,USD,PENDING,2026-09-03 06:58:03.020810
PAY-F7A010DD-BBEC,CUST-01428,MERCH-019,7906,NGN,SUCCESS,2026-09-15 00:57:28.020810
PAY-FCAC741B-33A0,CUST-01162,MERCH-027,17062,USD,SUCCESS,2026-09-21 06:37:48.020810
PAY-A14FB9C1-5959,CUST-00963,MERCH-049,17626,EUR,FAILED,2026-09-25 06:22:15.020810
PAY-4FA5406A-06DB,CUST-01057,MERCH-009,141596,USD,SUCCESS,2026-09-14 07:35:19.020810
PAY-D3825C89-124A,CUST-01174,MERCH-049,11465,EUR,SUCCESS,2026-09-28 07:03:02.020810
PAY-154AFFE5-AA83,CUST-01120,MERCH-035,105542,GBP,SUCCESS,2026-09-01 21:30:47.020810
PAY-49E6B5BA-2F3E,CUST-00946,MERCH-036,25901,NGN,SUCCESS,2026-09-08 19:39:51.020810
PAY-094CFA89-3F96,CUST-00557,MERCH-006,71506,USD,SUCCESS,2026-09-23 06:08:58.020810
PAY-708BD82F-084E,CUST-00848,MERCH-034,59868,USD,PENDING,2026-09-06 20:02:33.020810
PAY-4D6EB588-704B,CUST-00669,MERCH-040,103920,USD,FAILED,2026-09-10 17:23:28.020810
PAY-D9ADCD0E-A670,CUST-01284,MERCH-025,143608,USD,SUCCESS,2026-09-14 14:58:08.020810
PAY-4AA2AE7B-D6DD,CUST-00865,MERCH-040,65767,USD,SUCCESS,2026-09-27 21:28:36.020810
PAY-BC501E82-28EC,CUST-01432,MERCH-038,144561,USD,SUCCESS,2026-09-20 23:21:48.020810
PAY-6D88F014-679C,CUST-00902,MERCH-020,100419,NGN,SUCCESS,2026-09-26 08:33:58.020810
PAY-E4655B24-712E,CUST-01162,MERCH-020,86306,USD,SUCCESS,2026-09-06 03:23:35.020810
PAY-11456642-EE19,CUST-00697,MERCH-038,82696,USD,PENDING,2026-09-14 10:31:58.020810
PAY-18CA7A57-2FF4,CUST-01352,MERCH-004,33036,USD,SUCCESS,2026-09-07 03:06:09.020810
PAY-1EDE06C3-30A2,CUST-01257,MERCH-009,47838,USD,SUCCESS,2026-09-30 20:12:08.020810
PAY-D3E0E4C3-945F,CUST-00120,MERCH-044,95216,USD,SUCCESS,2026-09-24 22:49:03.020810
PAY-C66BFD5D-E231,CUST-00505,MERCH-045,12162,USD,SUCCESS,2026-09-20 06:39:31.020810
PAY-761BAC64-D728,CUST-00720,MERCH-008,124882,GBP,SUCCESS,2026-09-05 04:11:37.020810
PAY-AF904E1E-6148,CUST-00161,MERCH-028,60024,GBP,SUCCESS,2026-09-04 18:16:16.020810
PAY-44B33766-83D6,CUST-01221,MERCH-035,104016,GBP,SUCCESS,2026-09-28 17:05:29.020810
PAY-1E0F8A93-683E,CUST-00425,MERCH-027,65656,EUR,SUCCESS,2026-09-17 00:28:45.020810
PAY-35C62259-304F,CUST-00842,MERCH-046,26716,USD,SUCCESS,2026-09-07 20:42:55.020810
PAY-DD07B317-B2B3,CUST-01055,MERCH-038,86392,USD,SUCCESS,2026-09-14 09:00:09.020810
PAY-B6D40C13-B590,CUST-00763,MERCH-039,99848,USD,SUCCESS,2026-09-04 11:12:56.020810
PAY-15EC6A62-B3E8,CUST-00995,MERCH-001,6994,GBP,SUCCESS,2026-09-04 03:27:24.020810
PAY-21AC2355-4744,CUST-01217,MERCH-042,79440,EUR,SUCCESS,2026-09-29 13:05:05.020810
PAY-01F51E89-531E,CUST-00279,MERCH-020,66093,USD,SUCCESS,2026-09-27 12:05:48.020810
PAY-DFB0655C-BC7F,CUST-00367,MERCH-004,99154,GBP,SUCCESS,2026-09-15 23:55:49.020810
PAY-16BB1795-9E7B,CUST-00769,MERCH-044,146449,USD,SUCCESS,2026-09-15 01:23:27.020810
PAY-A3C00DE8-7143,CUST-01257,MERCH-028,130917,USD,PENDING,2026-09-22 16:44:18.020810
PAY-E542DCBE-645D,CUST-00841,MERCH-004,114743,GBP,SUCCESS,2026-09-17 15:01:37.020810
PAY-AF11B9CE-70F9,CUST-00537,MERCH-011,81959,USD,SUCCESS,2026-09-02 10:54:56.020810
PAY-84DA85A6-8EDC,CUST-00645,MERCH-028,128958,EUR,SUCCESS,2026-09-19 10:30:00.020810
PAY-44421813-A2B1,CUST-00908,MERCH-022,8150,EUR,SUCCESS,2026-09-27 20:26:40.020810
PAY-7A326875-D79B,CUST-01170,MERCH-029,84106,USD,SUCCESS,2026-09-16 17:38:39.020810
PAY-145B3C0C-8AF0,CUST-00453,MERCH-013,8073,GBP,SUCCESS,2026-09-26 08:12:54.020810
PAY-D69DC965-D497,CUST-00871,MERCH-009,97369,GBP,SUCCESS,2026-09-13 12:44:35.020810
PAY-0D6AFD7B-D965,CUST-00529,MERCH-026,34790,USD,PENDING,2026-09-20 06:23:29.020810
PAY-27C94AF9-1DBE,CUST-01298,MERCH-012,88713,GBP,SUCCESS,2026-09-22 02:03:04.020810
PAY-734BC656-9B3F,CUST-01435,MERCH-019,28916,USD,FAILED,2026-09-04 09:19:46.020810
PAY-B2002085-1F2B,CUST-00813,MERCH-041,91470,USD,SUCCESS,2026-09-17 23:19:53.020810
PAY-E7CD875E-8B22,CUST-00469,MERCH-004,112041,NGN,SUCCESS,2026-09-02 04:51:30.020810
PAY-4534E76C-F66C,CUST-00329,MERCH-012,46351,USD,SUCCESS,2026-09-07 12:09:12.020810
PAY-20D5A8D3-DF0A,CUST-00312,MERCH-019,118969,EUR,SUCCESS,2026-09-10 13:07:20.020810
PAY-B5E5356E-F24B,CUST-00877,MERCH-031,81926,USD,SUCCESS,2026-09-24 18:22:50.020810
PAY-AE968A4C-135A,CUST-00822,MERCH-009,18150,USD,SUCCESS,2026-09-17 02:21:49.020810
PAY-DB6A45C0-2497,CUST-00800,MERCH-002,21226,USD,PENDING,2026-09-06 18:57:33.020810
PAY-0209BDC1-0D45,CUST-00363,MERCH-018,24695,USD,PENDING,2026-09-06 14:35:59.020810
PAY-96BB53C5-0EA8,CUST-00763,MERCH-033,140329,USD,FAILED,2026-09-13 22:51:40.020810
PAY-EB2C23B6-5BD6,CUST-01059,MERCH-041,16220,USD,SUCCESS,2026-09-20 14:31:44.020810
PAY-D3D6E2C8-E6D4,CUST-00013,MERCH-049,4435,GBP,PENDING,2026-09-27 19:40:00.020810
PAY-94BB828C-7D4A,CUST-00222,MERCH-031,135837,USD,FAILED,2026-09-30 08:12:14.020810
PAY-F110A3E8-A3F6,CUST-00812,MERCH-031,146993,USD,PENDING,2026-09-25 18:21:53.020810
PAY-86F520F8-8A9A,CUST-00262,MERCH-013,45821,USD,SUCCESS,2026-09-05 14:23:11.020810
PAY-5C616312-30A3,CUST-01184,MERCH-039,116915,USD,SUCCESS,2026-09-19 03:42:58.020810
PAY-88E5A35F-79F8,CUST-00028,MERCH-018,35865,GBP,SUCCESS,2026-09-23 09:57:10.020810
PAY-62298339-15F2,CUST-01472,MERCH-027,43520,USD,SUCCESS,2026-09-14 12:45:01.020810
PAY-C15DE0F8-AE1F,CUST-01308,MERCH-028,39107,EUR,SUCCESS,2026-09-05 10:54:00.020810
PAY-5FAA27D7-23E5,CUST-01496,MERCH-008,14517,USD,PENDING,2026-09-09 17:59:29.020810
PAY-19A493B1-6847,CUST-00418,MERCH-034,60480,USD,SUCCESS,2026-09-13 22:53:35.020810
PAY-ABC170D4-DDAD,CUST-00981,MERCH-022,113243,EUR,SUCCESS,2026-09-12 19:48:07.020810
PAY-11C642A2-6314,CUST-00709,MERCH-045,101653,NGN,FAILED,2026-09-30 08:07:30.020810
PAY-AF81A6B4-B54A,CUST-01091,MERCH-004,145755,USD,SUCCESS,2026-09-24 03:31:57.020810
PAY-15877153-F942,CUST-00718,MERCH-041,97098,EUR,SUCCESS,2026-09-09 22:51:40.020810
PAY-3BD80DD2-699C,CUST-00543,MERCH-033,81702,GBP,SUCCESS,2026-09-10 05:52:50.020810
PAY-FC908538-A691,CUST-00262,MERCH-008,61464,USD,SUCCESS,2026-09-28 19:42:58.020810
PAY-72AF76D3-4DD6,CUST-01032,MERCH-021,95403,USD,SUCCESS,2026-09-14 01:12:39.020810
PAY-BD1626D3-E611,CUST-00550,MERCH-004,113021,GBP,SUCCESS,2026-09-03 06:48:57.020810
PAY-21CFB1C9-3A38,CUST-00522,MERCH-020,75265,EUR,SUCCESS,2026-09-19 14:16:28.020810
PAY-6DFC659B-08F6,CUST-01336,MERCH-030,38679,GBP,SUCCESS,2026-09-18 04:37:03.020810
PAY-11B6A1A6-C2AF,CUST-00404,MERCH-005,37185,GBP,SUCCESS,2026-09-07 03:59:07.020810
PAY-D64D2FC2-9828,CUST-00397,MERCH-010,75333,NGN,SUCCESS,2026-09-23 11:30:25.020810
PAY-85658D7E-CD85,CUST-01101,MERCH-040,22747,USD,SUCCESS,2026-09-25 14:32:33.020810
PAY-5CE4DA5C-D041,CUST-00924,MERCH-029,54575,USD,SUCCESS,2026-09-21 02:03:43.020810
PAY-9739672B-58AA,CUST-00498,MERCH-043,44109,USD,SUCCESS,2026-09-16 00:06:28.020810
PAY-6EA587C9-2389,CUST-01003,MERCH-011,50734,USD,PENDING,2026-09-03 05:57:53.020810
PAY-A852D104-6D77,CUST-01137,MERCH-035,44990,EUR,PENDING,2026-09-20 04:20:54.020810
PAY-23075F11-BA73,CUST-00150,MERCH-031,3807,EUR,SUCCESS,2026-09-18 22:11:59.020810
PAY-0EC450B9-5309,CUST-01342,MERCH-035,18134,USD,SUCCESS,2026-09-04 17:00:09.020810
PAY-D5FDA933-BC4E,CUST-01243,MERCH-025,11432,NGN,SUCCESS,2026-09-13 17:53:39.020810
PAY-FBFEE641-563F,CUST-00523,MERCH-022,9203,GBP,PENDING,2026-09-11 04:38:19.020810
PAY-9A271E91-9527,CUST-00792,MERCH-039,85696,EUR,PENDING,2026-09-12 21:37:46.020810
PAY-531EA9D8-EC36,CUST-01473,MERCH-035,38465,USD,PENDING,2026-09-26 04:16:35.020810
PAY-9FF3B41C-BABB,CUST-00547,MERCH-040,87275,EUR,SUCCESS,2026-09-12 21:30:16.020810
PAY-14CD8A8C-B7F4,CUST-00471,MERCH-020,9875,NGN,SUCCESS,2026-09-02 07:57:23.020810
PAY-72E1132A-284E,CUST-01434,MERCH-041,135426,USD,SUCCESS,2026-09-06 19:10:10.020810
PAY-117E8374-CB10,CUST-00142,MERCH-046,115985,USD,SUCCESS,2026-09-20 23:57:33.020810
PAY-B9E8451A-96A3,CUST-00972,MERCH-033,135291,GBP,SUCCESS,2026-09-15 16:06:38.020810
PAY-9335A9B7-06AE,CUST-00138,MERCH-028,45654,USD,SUCCESS,2026-09-18 12:32:29.020810
PAY-54854818-C144,CUST-00572,MERCH-017,94731,USD,FAILED,2026-09-14 02:34:49.020810
PAY-1B5F6924-B903,CUST-00536,MERCH-017,14521,GBP,PENDING,2026-09-22 12:15:41.020810
PAY-66EBFBD0-38D7,CUST-01089,MERCH-014,95299,EUR,SUCCESS,2026-09-27 17:36:16.020810
PAY-DEEE95E5-EB24,CUST-01410,MERCH-005,57501,NGN,FAILED,2026-09-24 19:44:08.020810
PAY-416D1232-5504,CUST-00923,MERCH-046,28589,USD,SUCCESS,2026-09-28 13:51:58.020810
PAY-DDDD1B41-0B61,CUST-00032,MERCH-042,63656,NGN,FAILED,2026-09-17 07:35:55.020810
PAY-DE2A6A04-D6CA,CUST-01319,MERCH-039,39057,USD,FAILED,2026-09-07 17:53:02.020810
PAY-399D22D3-1652,CUST-01100,MERCH-030,134846,USD,SUCCESS,2026-09-26 03:27:30.020810
PAY-E7638354-BC25,CUST-01354,MERCH-017,101686,USD,SUCCESS,2026-09-27 22:00:57.020810
PAY-3F56A5A6-2AE8,CUST-01275,MERCH-037,112064,USD,SUCCESS,2026-09-29 21:06:02.020810
PAY-FD629C72-4D7E,CUST-01201,MERCH-034,41133,EUR,FAILED,2026-09-26 17:37:04.020810
PAY-62884507-F514,CUST-01415,MERCH-039,80735,NGN,SUCCESS,2026-09-04 17:10:07.020810
PAY-C1851E9D-F47C,CUST-00645,MERCH-031,35324,USD,PENDING,2026-09-29 20:30:46.020810
PAY-8DE8C1E2-9AC4,CUST-00982,MERCH-007,118311,USD,FAILED,2026-09-15 01:42:16.020810
PAY-CC968C75-9257,CUST-01395,MERCH-009,99286,GBP,SUCCESS,2026-09-14 01:52:52.020810
PAY-7BCF9A74-82E1,CUST-00477,MERCH-003,142174,GBP,FAILED,2026-09-06 02:30:52.020810
PAY-C08B6331-0E1F,CUST-00781,MERCH-046,46382,USD,SUCCESS,2026-09-14 00:31:47.020810
PAY-37419983-01B2,CUST-00549,MERCH-009,146447,USD,SUCCESS,2026-09-11 15:33:33.020810
PAY-42E42967-F0EE,CUST-01329,MERCH-015,118341,USD,SUCCESS,2026-09-30 12:22:42.020810
PAY-817D380B-06A6,CUST-00334,MERCH-034,62960,USD,PENDING,2026-09-13 04:31:42.020810
PAY-D8D7C74C-C827,CUST-01164,MERCH-007,30051,USD,SUCCESS,2026-09-09 02:03:28.020810
PAY-F20DDE13-684D,CUST-01324,MERCH-043,131563,USD,SUCCESS,2026-09-28 10:38:39.020810
PAY-3C58639A-C25D,CUST-00062,MERCH-026,149025,USD,SUCCESS,2026-09-09 09:14:40.020810
PAY-7A8E9C04-925D,CUST-00431,MERCH-012,135421,USD,FAILED,2026-09-26 20:38:02.020810
PAY-FF718B35-3F30,CUST-00102,MERCH-046,146526,NGN,SUCCESS,2026-09-29 19:41:45.020810
PAY-E814D39D-5BE2,CUST-00435,MERCH-011,32252,USD,SUCCESS,2026-09-08 19:57:00.020810
PAY-8ABBDDDA-6326,CUST-00092,MERCH-008,49026,EUR,SUCCESS,2026-09-02 11:33:14.020810
PAY-16F5FC13-385F,CUST-00472,MERCH-012,4767,NGN,SUCCESS,2026-09-01 20:39:07.020810
PAY-8C76D402-B131,CUST-00130,MERCH-045,101671,USD,SUCCESS,2026-09-27 02:23:24.020810
PAY-B0451112-9BB9,CUST-00945,MERCH-028,30545,NGN,FAILED,2026-09-20 04:13:36.020810
PAY-670C8CCC-E4B8,CUST-00093,MERCH-002,146804,USD,SUCCESS,2026-09-26 09:57:51.020810
PAY-8DE755D6-1241,CUST-01386,MERCH-031,32403,USD,SUCCESS,2026-09-20 12:11:09.020810
PAY-FE240601-C777,CUST-00023,MERCH-036,77956,EUR,FAILED,2026-09-05 19:36:18.020810
PAY-D1964238-CF88,CUST-00388,MERCH-024,24863,EUR,PENDING,2026-09-20 09:15:08.020810
PAY-ACC05469-A978,CUST-00592,MERCH-004,145474,USD,PENDING,2026-09-13 04:15:20.020810
PAY-77FD3F54-F621,CUST-00593,MERCH-021,22795,GBP,SUCCESS,2026-09-13 14:26:05.020810
PAY-7EEF371F-4423,CUST-01208,MERCH-033,127007,EUR,SUCCESS,2026-09-04 01:22:28.020810
PAY-87FBC0FF-D745,CUST-00566,MERCH-027,36742,GBP,SUCCESS,2026-09-28 11:22:24.020810
PAY-887FAADE-4118,CUST-00400,MERCH-021,107629,USD,SUCCESS,2026-09-16 18:35:11.020810
PAY-A11A267A-545D,CUST-01206,MERCH-021,9640,EUR,SUCCESS,2026-09-06 11:58:14.020810
PAY-AE5A79B9-AF7E,CUST-00008,MERCH-013,120311,USD,SUCCESS,2026-09-02 13:52:57.020810
PAY-BF5540B3-1468,CUST-00828,MERCH-012,97508,USD,PENDING,2026-09-01 22:16:41.020810
PAY-73793B54-2066,CUST-00572,MERCH-022,99902,NGN,SUCCESS,2026-09-30 07:38:26.020810
PAY-83F4C02B-AF19,CUST-00897,MERCH-005,5623,GBP,SUCCESS,2026-09-17 20:18:30.020810
PAY-F9C5AD6E-D776,CUST-01412,MERCH-003,113969,EUR,SUCCESS,2026-09-22 22:03:53.020810
PAY-41058F07-96C7,CUST-01369,MERCH-025,70930,USD,SUCCESS,2026-09-22 05:57:06.020810
PAY-E68C7DC6-4C42,CUST-00189,MERCH-005,103519,USD,FAILED,2026-09-02 09:23:08.020810
PAY-10314FBB-6A57,CUST-00760,MERCH-020,24170,GBP,SUCCESS,2026-09-05 23:01:09.020810
PAY-18D1EB83-6FF0,CUST-01442,MERCH-015,915,USD,PENDING,2026-09-15 10:58:08.020810
PAY-6C00A398-89C2,CUST-00916,MERCH-035,26864,GBP,SUCCESS,2026-09-17 11:35:52.020810
PAY-D09B5AE5-9999,CUST-00817,MERCH-040,70981,USD,SUCCESS,2026-09-30 11:18:59.020810
PAY-FE9DCC99-7D2E,CUST-01267,MERCH-031,137546,USD,SUCCESS,2026-09-03 19:04:30.020810
PAY-25850020-5C89,CUST-01260,MERCH-001,147745,USD,PENDING,2026-09-19 14:06:28.020810
PAY-EF377C97-814F,CUST-00399,MERCH-028,144216,EUR,PENDING,2026-09-22 03:09:56.020810
PAY-9BD90CE0-382E,CUST-00415,MERCH-019,37416,GBP,PENDING,2026-09-28 15:36:08.020810
PAY-9B795DA3-AE90,CUST-00774,MERCH-035,148506,USD,FAILED,2026-09-29 07:20:20.020810
PAY-DB6FF84B-8675,CUST-01274,MERCH-026,102320,USD,SUCCESS,2026-09-09 11:47:43.020810
PAY-0A12DBCF-CEB8,CUST-01243,MERCH-030,138900,USD,SUCCESS,2026-09-02 12:09:50.020810
PAY-4ED82BA7-D23D,CUST-00480,MERCH-035,146784,GBP,PENDING,2026-09-22 19:11:44.020810
PAY-6A5DE764-FE3D,CUST-01138,MERCH-034,31515,USD,SUCCESS,2026-09-29 05:20:25.020810
PAY-21726287-A304,CUST-00968,MERCH-034,19544,USD,SUCCESS,2026-09-25 07:36:02.020810
PAY-1AAF5888-F7F2,CUST-00746,MERCH-002,112895,GBP,SUCCESS,2026-09-19 18:25:55.020810
PAY-93123F7F-CA4E,CUST-00370,MERCH-024,20825,NGN,SUCCESS,2026-09-23 18:35:47.020810
PAY-4DE67D2D-370F,CUST-01167,MERCH-030,6627,EUR,SUCCESS,2026-09-20 01:29:28.020810
PAY-1DC9402C-B890,CUST-01420,MERCH-039,33662,USD,SUCCESS,2026-09-13 06:01:18.020810
PAY-FA4C1A9E-5AEF,CUST-00046,MERCH-006,113644,GBP,FAILED,2026-09-08 04:47:55.020810
PAY-87942953-3DCE,CUST-01437,MERCH-049,119658,USD,SUCCESS,2026-09-19 03:52:53.020810
PAY-555B16E1-9FD8,CUST-01293,MERCH-034,147056,USD,SUCCESS,2026-09-29 18:48:29.020810
PAY-663C7A29-D900,CUST-00383,MERCH-025,79857,USD,SUCCESS,2026-09-02 11:18:31.020810
PAY-9013CF36-4656,CUST-00162,MERCH-036,97111,GBP,FAILED,2026-09-02 01:00:00.020810
PAY-83CEC847-CBA0,CUST-00286,MERCH-005,95188,NGN,SUCCESS,2026-09-24 03:16:40.020810
PAY-02FCB13C-9E9A,CUST-00688,MERCH-033,31374,NGN,SUCCESS,2026-09-17 00:26:25.020810
PAY-6BB7C18C-08E7,CUST-00944,MERCH-032,76728,EUR,PENDING,2026-09-23 22:32:20.020810
PAY-C5169BB0-4C6F,CUST-01447,MERCH-006,128499,EUR,SUCCESS,2026-09-08 10:56:14.020810
PAY-851571A9-311A,CUST-00608,MERCH-025,48964,EUR,PENDING,2026-09-30 23:42:54.020810
PAY-A54B00BF-CB2E,CUST-00153,MERCH-007,145052,GBP,SUCCESS,2026-09-28 01:26:45.020810
PAY-546C20C3-C9B3,CUST-00297,MERCH-018,106094,EUR,PENDING,2026-09-06 05:15:52.020810
PAY-CA921DE2-C8AD,CUST-00283,MERCH-028,46906,USD,SUCCESS,2026-09-14 16:25:09.020810
PAY-CB5EFDC7-210A,CUST-00334,MERCH-010,125681,USD,SUCCESS,2026-10-01 00:55:17.020810
PAY-257C48F0-783F,CUST-00685,MERCH-033,20016,EUR,SUCCESS,2026-09-30 06:50:06.020810
PAY-629D9EF5-1D01,CUST-00921,MERCH-004,96560,USD,SUCCESS,2026-09-14 14:09:43.020810
PAY-78E27F04-FB51,CUST-00546,MERCH-009,145610,USD,SUCCESS,2026-09-06 20:47:57.020810
PAY-999D99CA-7B1A,CUST-00710,MERCH-044,98239,GBP,SUCCESS,2026-09-16 00:18:57.020810
PAY-14FC409C-B464,CUST-00996,MERCH-003,114563,USD,PENDING,2026-09-17 05:48:24.020810
PAY-21CD1926-961E,CUST-01036,MERCH-009,37602,USD,SUCCESS,2026-09-01 21:33:12.020810
PAY-25889874-F712,CUST-00259,MERCH-024,515,EUR,FAILED,2026-09-25 21:10:25.020810
PAY-596E067C-9B84,CUST-01455,MERCH-037,13549,NGN,PENDING,2026-09-02 15:14:03.020810
PAY-053453A0-E5B0,CUST-00130,MERCH-041,58055,GBP,SUCCESS,2026-09-21 03:24:26.020810
PAY-A49CEB30-D435,CUST-01443,MERCH-022,72618,USD,SUCCESS,2026-09-21 15:53:08.020810
PAY-7A4D8425-3274,CUST-00109,MERCH-030,55883,USD,FAILED,2026-09-10 02:12:32.020810
PAY-4383882C-D87F,CUST-00279,MERCH-018,47063,EUR,SUCCESS,2026-09-24 13:47:01.020810
PAY-00C8EFE2-0AD8,CUST-01031,MERCH-011,86509,GBP,SUCCESS,2026-09-28 22:37:35.020810
PAY-77915065-06C0,CUST-01477,MERCH-018,15812,USD,SUCCESS,2026-09-02 00:04:57.020810
PAY-208F5D29-1227,CUST-00183,MERCH-032,135952,USD,SUCCESS,2026-09-27 00:14:00.020810
PAY-D6D82B59-BDE6,CUST-00375,MERCH-011,119152,USD,SUCCESS,2026-09-14 11:13:49.020810
PAY-F837DB8F-7684,CUST-00493,MERCH-006,110517,GBP,PENDING,2026-09-08 08:55:59.020810
PAY-A523D3C4-7456,CUST-00149,MERCH-025,98316,USD,SUCCESS,2026-09-28 01:57:07.020810
PAY-BD7F43F3-FF16,CUST-00013,MERCH-031,15944,EUR,PENDING,2026-09-04 22:58:58.020810
PAY-72F9FBFA-4DF7,CUST-00720,MERCH-036,24477,USD,SUCCESS,2026-09-04 14:55:58.020810
PAY-041190A3-2D50,CUST-00238,MERCH-037,768,GBP,SUCCESS,2026-09-19 19:22:15.020810
PAY-BA81C85B-6CD8,CUST-01251,MERCH-012,29128,USD,SUCCESS,2026-09-24 06:34:56.020810
PAY-768AA5E0-684D,CUST-01346,MERCH-006,49240,USD,SUCCESS,2026-09-17 01:10:23.020810
PAY-DDA87A22-CD97,CUST-00876,MERCH-006,95586,USD,PENDING,2026-09-03 21:00:40.020810
PAY-AEEAF079-17CF,CUST-00466,MERCH-029,149794,USD,SUCCESS,2026-09-04 08:13:12.020810
PAY-8D72CAC1-255C,CUST-00279,MERCH-013,9105,USD,PENDING,2026-09-03 21:16:47.020810
PAY-45FCFD70-2DA8,CUST-00947,MERCH-005,82789,USD,SUCCESS,2026-09-22 15:23:46.020810
PAY-93F849DA-8F0E,CUST-01394,MERCH-001,127342,USD,FAILED,2026-09-01 23:33:15.020810
PAY-97A728DC-EC17,CUST-00526,MERCH-045,132667,USD,SUCCESS,2026-09-05 23:06:53.020810
PAY-274DCE09-E48D,CUST-01176,MERCH-020,86281,USD,PENDING,2026-09-29 00:42:19.020810
PAY-529FE41D-A93D,CUST-01432,MERCH-019,37422,USD,FAILED,2026-09-12 18:40:08.020810
PAY-9187426F-61E1,CUST-01163,MERCH-034,108819,GBP,PENDING,2026-09-24 11:49:45.020810
PAY-79A5DAFF-43E5,CUST-01215,MERCH-036,56425,USD,PENDING,2026-09-29 13:52:56.020810
PAY-4398BE08-31C4,CUST-00845,MERCH-023,67894,USD,SUCCESS,2026-09-08 03:24:19.020810
PAY-D80F3CC6-3D1A,CUST-00572,MERCH-031,108875,GBP,SUCCESS,2026-09-07 08:50:10.020810
PAY-D8E4C546-4593,CUST-00181,MERCH-040,37528,USD,SUCCESS,2026-09-26 17:49:31.020810
PAY-E6174B22-3039,CUST-00972,MERCH-013,141643,EUR,SUCCESS,2026-09-16 20:21:45.020810
PAY-76EA6B3B-ACEA,CUST-00170,MERCH-014,9811,EUR,PENDING,2026-09-05 04:35:21.020810
PAY-08F63AD7-4B30,CUST-00529,MERCH-022,40799,EUR,SUCCESS,2026-09-03 23:05:24.020810
PAY-01AD084E-4DD5,CUST-00721,MERCH-050,106217,NGN,SUCCESS,2026-09-29 00:21:46.020810
PAY-42311E05-1725,CUST-00455,MERCH-044,18514,USD,SUCCESS,2026-09-10 15:36:22.020810
PAY-E14D6822-623C,CUST-00960,MERCH-019,94856,USD,SUCCESS,2026-09-12 02:44:41.020810
PAY-54531A3F-E2F6,CUST-00897,MERCH-017,63927,USD,SUCCESS,2026-09-27 04:42:57.020810
PAY-18657022-31CC,CUST-00691,MERCH-010,139420,USD,SUCCESS,2026-09-22 04:18:53.020810
PAY-63646E9C-5E5C,CUST-00124,MERCH-026,143544,GBP,FAILED,2026-09-15 00:16:07.020810
PAY-AF0B8693-5B35,CUST-00892,MERCH-003,117889,USD,SUCCESS,2026-09-22 14:19:22.020810
PAY-87B51F59-14FF,CUST-00397,MERCH-038,57917,NGN,SUCCESS,2026-09-28 08:36:11.020810
PAY-7E017AF3-185D,CUST-01470,MERCH-017,142566,GBP,SUCCESS,2026-09-16 07:13:18.020810
PAY-32F7E179-C39D,CUST-01031,MERCH-013,80097,NGN,SUCCESS,2026-09-28 07:40:52.020810
PAY-2B357D3C-F1AA,CUST-00363,MERCH-021,100802,USD,FAILED,2026-09-12 19:39:25.020810
PAY-B96BFE2A-C510,CUST-01292,MERCH-020,36649,USD,SUCCESS,2026-09-21 11:05:22.020810
PAY-95178A9A-7C3E,CUST-01107,MERCH-004,88054,USD,FAILED,2026-09-17 19:39:25.020810
PAY-C155DF7E-FAB7,CUST-00109,MERCH-029,73035,USD,SUCCESS,2026-09-23 07:52:36.020810
PAY-0EFBA9DF-43E2,CUST-01444,MERCH-004,94899,USD,SUCCESS,2026-09-20 20:37:14.020810
PAY-68EC51D3-6A5F,CUST-00920,MERCH-040,92889,EUR,SUCCESS,2026-09-18 01:09:02.020810
PAY-F69190DC-4791,CUST-00164,MERCH-024,42300,USD,SUCCESS,2026-09-21 00:48:22.020810
PAY-84DD5A63-67B9,CUST-00422,MERCH-037,3051,USD,SUCCESS,2026-09-10 15:08:09.020810
PAY-9D1DCE0B-8C9D,CUST-01217,MERCH-003,87874,USD,SUCCESS,2026-09-28 00:19:03.020810
PAY-78F585D0-3A73,CUST-00665,MERCH-007,129837,NGN,SUCCESS,2026-09-03 19:42:46.020810
PAY-6FA083FF-E3B5,CUST-01289,MERCH-045,7723,EUR,SUCCESS,2026-09-16 18:45:12.020810
PAY-B70439E0-50C8,CUST-01365,MERCH-039,61729,USD,SUCCESS,2026-09-06 16:41:57.020810
PAY-456B37AC-8B6C,CUST-00205,MERCH-006,121793,USD,PENDING,2026-09-06 14:50:08.020810
PAY-DEC70315-770F,CUST-01040,MERCH-025,5506,NGN,FAILED,2026-09-06 08:35:17.020810
PAY-0352A37A-3B83,CUST-00292,MERCH-022,117202,EUR,SUCCESS,2026-09-16 01:48:41.020810
PAY-42843838-4E71,CUST-01397,MERCH-025,46938,USD,PENDING,2026-09-04 09:05:09.020810
PAY-1C19065F-AF94,CUST-00345,MERCH-041,106962,EUR,SUCCESS,2026-09-02 21:54:42.020810
PAY-E80202D0-A6BA,CUST-01469,MERCH-040,61791,USD,SUCCESS,2026-09-19 18:22:40.020810
PAY-A679840E-6E9E,CUST-00646,MERCH-018,46932,NGN,SUCCESS,2026-09-05 19:04:36.020810
PAY-10EAEC43-7295,CUST-00002,MERCH-006,48273,USD,SUCCESS,2026-09-08 07:44:56.020810
PAY-A35A9542-FB4C,CUST-00897,MERCH-021,94175,GBP,SUCCESS,2026-09-29 05:30:02.020810
PAY-3265CE2E-F489,CUST-00122,MERCH-001,109992,GBP,SUCCESS,2026-09-09 10:10:03.020810
PAY-83A7FDDB-5AF9,CUST-01433,MERCH-004,84256,GBP,FAILED,2026-09-05 14:09:44.020810
PAY-D336ABF2-3ACB,CUST-00228,MERCH-022,48496,USD,SUCCESS,2026-09-12 04:12:59.020810
PAY-0C76E07C-7B6E,CUST-00711,MERCH-042,68560,USD,SUCCESS,2026-09-30 07:29:38.020810
PAY-97AE9E1C-4E42,CUST-00902,MERCH-041,89572,GBP,SUCCESS,2026-10-01 17:47:16.020810
PAY-E263807E-9D47,CUST-00066,MERCH-029,11988,USD,SUCCESS,2026-09-15 11:20:59.020810
PAY-97A1B4C1-1C5F,CUST-01009,MERCH-007,50638,USD,PENDING,2026-09-23 06:15:21.020810
PAY-F3979935-AAAE,CUST-00265,MERCH-030,144874,USD,PENDING,2026-09-30 15:22:12.020810
PAY-E39D6030-065B,CUST-00102,MERCH-023,96485,NGN,SUCCESS,2026-09-30 09:27:33.020810
PAY-16978EC4-560A,CUST-01319,MERCH-002,17739,USD,PENDING,2026-09-12 22:51:31.020810
PAY-D106E9D6-8D68,CUST-00099,MERCH-001,75957,USD,SUCCESS,2026-09-20 19:41:06.020810
PAY-0A3624DF-13B0,CUST-01388,MERCH-040,80208,USD,SUCCESS,2026-09-12 06:07:08.020810
PAY-6D73A35D-B95D,CUST-01478,MERCH-001,31568,GBP,SUCCESS,2026-09-11 15:00:35.020810
PAY-D9DCA370-B4E7,CUST-00007,MERCH-018,33544,USD,PENDING,2026-09-18 15:53:04.020810
PAY-78822164-94D0,CUST-00065,MERCH-014,12455,GBP,SUCCESS,2026-09-22 13:19:21.020810
PAY-B04D0263-A6BD,CUST-01038,MERCH-040,17384,GBP,SUCCESS,2026-09-15 13:19:15.020810
PAY-0167E96C-47CF,CUST-00148,MERCH-035,25087,GBP,SUCCESS,2026-09-16 07:35:24.020810
PAY-13366DEB-DF83,CUST-00454,MERCH-042,46181,USD,FAILED,2026-09-18 02:36:13.020810
PAY-00CF5300-A9FF,CUST-01118,MERCH-023,64366,USD,PENDING,2026-09-18 13:26:09.020810
PAY-6B3D9875-2922,CUST-00766,MERCH-044,89751,USD,PENDING,2026-09-29 06:53:22.020810
PAY-6706635C-F187,CUST-00301,MERCH-003,102191,NGN,SUCCESS,2026-09-19 07:11:21.020810
PAY-1C537F44-E934,CUST-00145,MERCH-003,107338,GBP,SUCCESS,2026-09-04 15:18:33.020810
PAY-B21EE301-1E60,CUST-00998,MERCH-037,3920,NGN,SUCCESS,2026-09-29 19:09:14.020810
PAY-3507BFF1-F223,CUST-01320,MERCH-002,112821,EUR,SUCCESS,2026-09-21 01:38:31.020810
PAY-1A688B22-AB1B,CUST-01122,MERCH-004,143823,USD,SUCCESS,2026-09-05 08:02:35.020810
PAY-7F692945-9D69,CUST-00793,MERCH-046,125673,USD,FAILED,2026-09-23 01:56:00.020810
PAY-3104FF94-019E,CUST-00539,MERCH-003,126062,EUR,SUCCESS,2026-09-13 11:43:01.020810
PAY-504C0D32-9B61,CUST-01026,MERCH-018,57596,USD,SUCCESS,2026-09-07 20:11:00.020810
PAY-86B93CCA-C3E8,CUST-01357,MERCH-013,76253,USD,FAILED,2026-09-29 10:36:37.020810
PAY-1DB8DD3E-E3AD,CUST-00629,MERCH-038,59489,NGN,SUCCESS,2026-09-19 23:03:39.020810
PAY-8E57DECE-B68B,CUST-00043,MERCH-001,129154,USD,SUCCESS,2026-09-20 19:38:18.020810
PAY-CC34F713-5411,CUST-00939,MERCH-025,88101,EUR,SUCCESS,2026-09-09 09:18:48.020810
PAY-2A747A94-8493,CUST-00672,MERCH-001,42621,GBP,SUCCESS,2026-09-12 08:08:23.020810
PAY-D803B171-CE00,CUST-01297,MERCH-023,19604,GBP,SUCCESS,2026-09-02 07:04:11.020810
PAY-3DC7C182-C949,CUST-01011,MERCH-014,82578,USD,SUCCESS,2026-09-20 04:19:13.020810
PAY-C8F9CB1F-0F3A,CUST-00523,MERCH-009,48641,USD,SUCCESS,2026-09-20 17:55:43.020810
PAY-5A3C21B3-0084,CUST-00586,MERCH-007,141333,GBP,SUCCESS,2026-09-24 01:24:20.020810
PAY-A645086B-0709,CUST-00522,MERCH-012,16529,GBP,SUCCESS,2026-09-30 00:24:05.020810
PAY-661EF00A-C243,CUST-01286,MERCH-012,39677,USD,SUCCESS,2026-09-29 13:24:50.020810
PAY-9242D9A8-2CBE,CUST-00449,MERCH-015,87277,USD,SUCCESS,2026-09-16 16:42:18.020810
PAY-2BCBF99F-B808,CUST-00196,MERCH-005,8875,USD,SUCCESS,2026-09-02 11:56:20.020810
PAY-559AD24B-B42F,CUST-01171,MERCH-003,12662,USD,SUCCESS,2026-09-22 05:34:15.020810
PAY-E5C35088-6525,CUST-00730,MERCH-016,142323,USD,SUCCESS,2026-09-02 00:44:13.020810
PAY-E8C370AB-56B6,CUST-01139,MERCH-027,66895,NGN,SUCCESS,2026-09-26 12:53:33.020810
PAY-DF7D902B-B684,CUST-00498,MERCH-001,31078,GBP,SUCCESS,2026-09-09 02:39:44.020810
PAY-86E1A4F2-648C,CUST-00182,MERCH-025,116910,EUR,SUCCESS,2026-09-20 19:34:55.020810
PAY-7B97A906-1B3A,CUST-00451,MERCH-009,2202,NGN,SUCCESS,2026-10-01 16:11:35.020810
PAY-37B54FFE-9053,CUST-00577,MERCH-044,120178,GBP,SUCCESS,2026-09-17 23:55:30.020810
PAY-42B5AF68-B652,CUST-00685,MERCH-049,146378,USD,SUCCESS,2026-09-29 01:38:08.020810
PAY-CF763DD5-564D,CUST-01113,MERCH-029,148766,USD,SUCCESS,2026-09-17 10:50:11.020810
PAY-60319CF4-1375,CUST-00382,MERCH-006,111517,USD,SUCCESS,2026-09-10 01:24:39.020810
PAY-3FE162EA-6FDF,CUST-00639,MERCH-011,12670,NGN,SUCCESS,2026-09-20 22:40:49.020810
PAY-7314F1F3-D3B8,CUST-00473,MERCH-016,47471,GBP,SUCCESS,2026-09-22 02:27:17.020810
PAY-3DFB9EF9-19E4,CUST-00018,MERCH-045,120450,USD,PENDING,2026-09-08 15:00:35.020810
PAY-09DD787B-3042,CUST-00758,MERCH-023,49399,GBP,FAILED,2026-09-27 00:48:16.020810
PAY-F69DBB94-1269,CUST-00160,MERCH-017,121968,USD,SUCCESS,2026-09-24 04:23:39.020810
PAY-EFE6A25D-DF5F,CUST-00051,MERCH-045,33551,USD,SUCCESS,2026-09-30 16:23:31.020810
PAY-748CF1C8-F308,CUST-00003,MERCH-029,24311,USD,FAILED,2026-09-07 07:37:59.020810
PAY-320943F1-F6AE,CUST-00706,MERCH-011,144870,GBP,SUCCESS,2026-09-12 17:05:30.020810
PAY-0F34C5F0-8A5F,CUST-00013,MERCH-012,113601,USD,PENDING,2026-09-10 22:26:39.020810
PAY-A87CE514-2226,CUST-01435,MERCH-011,45304,USD,SUCCESS,2026-09-06 13:30:16.020810
PAY-7A948B34-B3B1,CUST-00139,MERCH-023,33135,USD,SUCCESS,2026-09-27 05:11:58.020810
PAY-250786DB-D5CC,CUST-01070,MERCH-037,1620,NGN,SUCCESS,2026-09-25 11:43:21.020810
PAY-034F17CB-60F0,CUST-01406,MERCH-024,25262,USD,SUCCESS,2026-09-29 05:05:47.020810
PAY-68CF1141-4790,CUST-00889,MERCH-007,132393,NGN,PENDING,2026-09-07 04:45:19.020810
PAY-161E61FE-D1C9,CUST-00895,MERCH-014,97867,USD,SUCCESS,2026-09-27 18:07:44.020810
PAY-1C934CE7-9626,CUST-00681,MERCH-036,21878,EUR,SUCCESS,2026-09-28 11:41:15.020810
PAY-182720BE-FB93,CUST-01496,MERCH-038,149653,EUR,SUCCESS,2026-09-16 22:48:03.020810
PAY-C64B0954-8D2D,CUST-00950,MERCH-045,44403,USD,SUCCESS,2026-09-24 14:17:57.020810
PAY-96857472-3136,CUST-01442,MERCH-045,100565,USD,PENDING,2026-09-06 07:56:15.020810
PAY-F0EF0429-2CE1,CUST-01139,MERCH-034,13697,USD,SUCCESS,2026-09-03 21:59:13.020810
PAY-37C2E440-43B9,CUST-00696,MERCH-016,140741,NGN,SUCCESS,2026-09-24 23:58:30.020810
PAY-976B7F8A-1F81,CUST-01433,MERCH-039,18107,EUR,SUCCESS,2026-09-12 05:47:15.020810
PAY-48AC54E1-5F15,CUST-01122,MERCH-025,41020,EUR,FAILED,2026-10-01 07:19:37.020810
PAY-B478ECBA-B301,CUST-01042,MERCH-038,45687,USD,FAILED,2026-09-25 00:57:21.020810
PAY-36F600C1-7A49,CUST-01043,MERCH-018,82024,EUR,SUCCESS,2026-09-17 20:38:52.020810
PAY-8713D0D6-0317,CUST-00110,MERCH-043,135219,USD,SUCCESS,2026-09-06 10:00:33.020810
PAY-545896B9-4237,CUST-00283,MERCH-011,43101,USD,SUCCESS,2026-09-24 21:40:13.020810
PAY-3E1CEC45-A301,CUST-00003,MERCH-004,144993,USD,SUCCESS,2026-09-10 09:08:50.020810
PAY-AAADAED3-B55C,CUST-00438,MERCH-040,141180,GBP,SUCCESS,2026-09-16 01:21:40.020810
PAY-51556F7A-B169,CUST-00262,MERCH-041,35960,NGN,SUCCESS,2026-09-12 20:34:26.020810
PAY-CEFB6F7A-04F0,CUST-01357,MERCH-010,66550,USD,FAILED,2026-09-04 15:07:00.020810
PAY-343C2499-8541,CUST-00182,MERCH-018,128236,USD,SUCCESS,2026-09-15 06:57:06.020810
PAY-D9C59272-08B5,CUST-00571,MERCH-042,35018,USD,SUCCESS,2026-09-12 00:30:57.020810
PAY-34F542B6-1418,CUST-01075,MERCH-048,17811,USD,PENDING,2026-09-07 02:00:28.020810
PAY-325FDE7D-9A68,CUST-00864,MERCH-024,51954,USD,PENDING,2026-09-29 18:45:51.020810
PAY-E856BAB1-8BAC,CUST-01436,MERCH-001,3919,EUR,SUCCESS,2026-09-07 21:36:44.020810
PAY-B407B282-D29B,CUST-00262,MERCH-003,13792,USD,FAILED,2026-09-11 20:21:45.020810
PAY-67F25C20-E5F0,CUST-00568,MERCH-046,57914,GBP,SUCCESS,2026-09-09 00:06:01.020810
PAY-F536446A-D7F6,CUST-00269,MERCH-009,131054,USD,SUCCESS,2026-09-23 01:33:15.020810
PAY-D08C870A-1D28,CUST-00736,MERCH-009,64384,USD,SUCCESS,2026-09-06 18:28:07.020810
PAY-4A227E56-B8E6,CUST-00764,MERCH-046,11360,GBP,SUCCESS,2026-09-11 04:10:28.020810
PAY-67E60399-48DE,CUST-00268,MERCH-033,110057,EUR,SUCCESS,2026-09-06 07:10:09.020810
PAY-5E46133E-ACC6,CUST-00688,MERCH-004,66944,USD,SUCCESS,2026-09-21 12:33:51.020810
PAY-B3FC29ED-87E4,CUST-00811,MERCH-013,15557,EUR,PENDING,2026-09-01 21:33:11.020810
PAY-B942B1CE-EE1D,CUST-00706,MERCH-046,61005,EUR,SUCCESS,2026-09-30 15:15:55.020810
PAY-C6A6AADA-BC6F,CUST-00902,MERCH-030,93786,USD,SUCCESS,2026-09-24 01:39:44.020810
PAY-65D8FF66-3472,CUST-00815,MERCH-038,141341,USD,FAILED,2026-09-06 09:59:06.020810
PAY-76FB4766-C62A,CUST-00460,MERCH-009,6507,USD,FAILED,2026-09-05 04:57:20.020810
PAY-657E110B-C261,CUST-01335,MERCH-011,24003,USD,SUCCESS,2026-09-30 19:09:42.020810
PAY-917297BA-8F5E,CUST-00852,MERCH-044,123622,NGN,SUCCESS,2026-09-05 08:26:20.020810
PAY-590801C8-3D2A,CUST-00612,MERCH-025,11215,NGN,SUCCESS,2026-10-01 06:42:00.020810
PAY-38520CA5-1D8E,CUST-00326,MERCH-038,57691,USD,PENDING,2026-09-27 12:43:03.020810
PAY-4589D3D2-566D,CUST-00245,MERCH-002,65496,NGN,SUCCESS,2026-09-14 13:23:21.020810
PAY-98B3FFB7-2856,CUST-01109,MERCH-018,101975,USD,FAILED,2026-09-05 00:06:45.020810
PAY-745765A8-9930,CUST-00803,MERCH-011,149263,GBP,SUCCESS,2026-09-09 01:55:38.020810
PAY-C6414568-78AF,CUST-00167,MERCH-013,110547,GBP,SUCCESS,2026-09-07 12:16:16.020810
PAY-6474F2A4-CE4D,CUST-00998,MERCH-001,15147,USD,SUCCESS,2026-09-26 01:59:59.020810
PAY-0C441FFB-ED96,CUST-00752,MERCH-026,97119,USD,PENDING,2026-09-28 19:21:09.020810
PAY-301EFFFF-01F7,CUST-00856,MERCH-026,11137,USD,PENDING,2026-09-24 02:43:03.020810
PAY-09717111-33F2,CUST-00785,MERCH-015,40600,USD,FAILED,2026-09-20 21:14:07.020810
PAY-6E0B2A84-0D2A,CUST-00173,MERCH-037,103710,GBP,SUCCESS,2026-09-26 14:52:58.020810
PAY-24DAE71A-EEDE,CUST-00742,MERCH-024,79981,EUR,SUCCESS,2026-09-04 16:36:49.020810
PAY-92DD4468-265B,CUST-01191,MERCH-019,79275,GBP,FAILED,2026-09-14 02:58:46.020810
PAY-D54531AF-0C80,CUST-01344,MERCH-003,113611,USD,FAILED,2026-09-23 03:57:51.020810
PAY-A49F31AD-DBFD,CUST-00802,MERCH-013,49931,USD,SUCCESS,2026-09-16 14:54:15.020810
PAY-1A47E590-26C7,CUST-01469,MERCH-015,109770,GBP,SUCCESS,2026-09-29 07:26:16.020810
PAY-7D76ABF2-2B84,CUST-00705,MERCH-001,99309,GBP,SUCCESS,2026-09-16 10:23:48.020810
PAY-C0D48100-E6A0,CUST-00343,MERCH-030,34441,USD,SUCCESS,2026-09-10 23:17:31.020810
PAY-8A4F96F7-2708,CUST-00346,MERCH-025,114228,USD,FAILED,2026-09-08 07:06:56.020810
PAY-80EAB0DB-AB75,CUST-00241,MERCH-006,38997,USD,SUCCESS,2026-09-16 02:29:38.020810
PAY-EE990CEB-0363,CUST-00524,MERCH-014,36530,USD,SUCCESS,2026-09-21 16:57:56.020810
PAY-5BFC550A-BCCD,CUST-00704,MERCH-042,84533,GBP,SUCCESS,2026-09-28 16:35:08.020810
PAY-995F4102-AF5B,CUST-00546,MERCH-044,27084,EUR,PENDING,2026-09-09 02:28:28.020810
PAY-71ED1A9E-4FC8,CUST-01391,MERCH-033,10799,EUR,FAILED,2026-09-26 16:09:23.020810
PAY-7F5D4E5A-ADB5,CUST-01094,MERCH-048,26212,USD,SUCCESS,2026-09-25 16:34:06.020810
PAY-F3B9EFE1-93E8,CUST-01276,MERCH-027,63441,GBP,FAILED,2026-09-08 22:03:46.020810
PAY-2EA6EFFD-9B1E,CUST-01484,MERCH-020,100184,EUR,SUCCESS,2026-09-05 20:47:53.020810
PAY-295C2046-9BA4,CUST-00540,MERCH-015,147223,USD,SUCCESS,2026-09-11 12:23:17.020810
PAY-2FBB28D1-2101,CUST-00694,MERCH-016,74354,GBP,SUCCESS,2026-09-08 06:17:11.020810
PAY-C41DEA9C-220A,CUST-00944,MERCH-012,15600,USD,PENDING,2026-09-19 12:11:04.020810
PAY-B6EFBB2D-CD74,CUST-00747,MERCH-035,59459,USD,SUCCESS,2026-09-13 04:58:34.020810
PAY-31A2F762-D1FE,CUST-00503,MERCH-017,9605,GBP,FAILED,2026-09-11 13:53:43.020810
PAY-070DF45B-9F77,CUST-01413,MERCH-016,21126,USD,SUCCESS,2026-09-05 12:32:28.020810
PAY-9109F7AC-DA8A,CUST-01447,MERCH-024,131443,USD,SUCCESS,2026-09-27 10:31:22.020810
PAY-46015235-C5D9,CUST-00831,MERCH-002,70512,USD,FAILED,2026-09-19 21:46:18.020810
PAY-E01386BC-6838,CUST-00758,MERCH-030,148274,NGN,FAILED,2026-09-20 17:02:41.020810
PAY-C6ECA054-D44A,CUST-01383,MERCH-018,87223,USD,FAILED,2026-09-26 00:00:36.020810
PAY-B8CC0B42-3CDE,CUST-00929,MERCH-026,70820,USD,SUCCESS,2026-09-30 05:53:35.020810
PAY-CED29DBA-7CD5,CUST-01479,MERCH-050,52763,USD,SUCCESS,2026-09-18 01:04:50.020810
PAY-B2244D67-DBE2,CUST-00739,MERCH-016,97681,NGN,SUCCESS,2026-09-22 22:51:01.020810
PAY-FE765219-82F9,CUST-01156,MERCH-031,103529,USD,PENDING,2026-09-14 21:45:33.020810
PAY-F23467BB-EB95,CUST-00792,MERCH-047,132303,USD,FAILED,2026-09-30 15:00:18.020810
PAY-4F29BF2C-A80C,CUST-00783,MERCH-005,55188,USD,SUCCESS,2026-09-22 16:14:06.020810
PAY-E5B1CA1B-D636,CUST-00575,MERCH-009,46921,NGN,SUCCESS,2026-09-05 14:19:26.020810
PAY-67798FBF-90DA,CUST-00703,MERCH-019,6300,USD,SUCCESS,2026-09-19 17:12:04.020810
PAY-90E50B0B-B8BC,CUST-01097,MERCH-045,87542,USD,SUCCESS,2026-09-02 03:25:03.020810
PAY-E040EFE2-B103,CUST-01267,MERCH-020,23447,USD,SUCCESS,2026-09-26 10:06:24.020810
PAY-3B9AE888-CD61,CUST-00700,MERCH-012,37880,GBP,SUCCESS,2026-09-21 03:10:37.020810
PAY-40893314-4404,CUST-00662,MERCH-024,100452,USD,SUCCESS,2026-09-29 16:56:57.020810
PAY-08FD0F05-AE46,CUST-00814,MERCH-020,48137,NGN,PENDING,2026-09-23 10:36:56.020810
PAY-73B83905-D57D,CUST-00232,MERCH-016,119303,EUR,PENDING,2026-09-02 09:58:24.020810
PAY-E2C567E7-1B58,CUST-00566,MERCH-009,96953,USD,SUCCESS,2026-09-13 09:20:31.020810
PAY-39B324A6-02AC,CUST-01470,MERCH-038,70150,EUR,SUCCESS,2026-09-07 12:26:37.020810
PAY-0BD8A588-47FC,CUST-00372,MERCH-025,75450,USD,SUCCESS,2026-09-07 16:57:36.020810
PAY-9E664A8B-DC6C,CUST-00108,MERCH-043,143227,NGN,FAILED,2026-09-14 14:40:20.020810
PAY-3C1B2EC5-18F0,CUST-01196,MERCH-013,41764,USD,FAILED,2026-09-13 18:54:47.020810
PAY-E0DB4B95-59DD,CUST-00851,MERCH-008,83530,USD,SUCCESS,2026-09-16 08:52:41.020810
PAY-35AA64CD-A6C8,CUST-00633,MERCH-014,119200,USD,SUCCESS,2026-09-04 11:14:42.020810
PAY-DE1C5A4F-4EA1,CUST-01161,MERCH-027,120535,USD,FAILED,2026-09-12 10:31:18.020810
PAY-00D52C4B-E757,CUST-00463,MERCH-007,8361,USD,SUCCESS,2026-09-02 15:14:46.020810
PAY-5C18C90E-36B9,CUST-01094,MERCH-042,130440,USD,SUCCESS,2026-09-07 16:18:36.020810
PAY-A8C5B4BF-6205,CUST-01088,MERCH-023,37747,GBP,SUCCESS,2026-09-09 20:46:26.020810
PAY-007CCA0B-69AA,CUST-00247,MERCH-006,144412,NGN,PENDING,2026-09-19 15:21:42.020810
PAY-6CEC870B-B289,CUST-00915,MERCH-006,74123,USD,SUCCESS,2026-09-28 19:07:16.020810
PAY-A359A9D2-734A,CUST-00652,MERCH-011,95592,GBP,PENDING,2026-09-11 21:49:39.020810
PAY-EA34AFF9-2445,CUST-01348,MERCH-018,113994,EUR,FAILED,2026-09-10 07:29:59.020810
PAY-4DA9B291-C448,CUST-01036,MERCH-030,70507,GBP,SUCCESS,2026-09-14 08:50:06.020810
PAY-4058E30F-35FD,CUST-01394,MERCH-042,13242,USD,FAILED,2026-09-25 22:28:02.020810
PAY-8619C61E-DE81,CUST-00231,MERCH-032,43386,EUR,SUCCESS,2026-09-11 04:12:43.020810
PAY-8B895267-347C,CUST-01328,MERCH-044,139183,USD,SUCCESS,2026-09-02 23:41:06.020810
PAY-8BB84FA4-2920,CUST-00842,MERCH-022,58843,USD,PENDING,2026-09-08 22:08:35.020810
PAY-18BCC123-F023,CUST-00911,MERCH-030,35117,USD,SUCCESS,2026-09-23 17:56:05.020810
PAY-4F6DF688-D004,CUST-01183,MERCH-028,85412,USD,SUCCESS,2026-09-21 04:34:47.020810
PAY-8167EF3D-5656,CUST-00833,MERCH-013,123191,USD,SUCCESS,2026-09-11 05:21:29.020810
PAY-B5691E6F-17E5,CUST-00007,MERCH-008,16738,USD,SUCCESS,2026-09-15 06:51:00.020810
PAY-EC22B0ED-8F17,CUST-01323,MERCH-003,40477,USD,SUCCESS,2026-09-19 02:15:14.020810
PAY-60E094DE-C397,CUST-00900,MERCH-035,6945,NGN,SUCCESS,2026-09-04 19:27:12.020810
PAY-34FCE1A2-C961,CUST-00753,MERCH-021,12461,USD,FAILED,2026-09-26 23:02:14.020810
PAY-B41B7111-36B7,CUST-00075,MERCH-002,127337,USD,SUCCESS,2026-09-09 03:15:50.020810
PAY-26FFA796-1E2B,CUST-01398,MERCH-012,17726,USD,SUCCESS,2026-09-07 23:20:56.020810
PAY-EFD1FD18-B3AA,CUST-00634,MERCH-012,121902,GBP,PENDING,2026-09-17 06:46:17.020810
PAY-9274A663-BA97,CUST-01357,MERCH-013,112021,USD,SUCCESS,2026-09-07 13:54:07.020810
PAY-A5BB4B51-0FBD,CUST-00055,MERCH-039,59930,USD,PENDING,2026-09-16 09:01:32.020810
PAY-4D893C4D-F92F,CUST-01175,MERCH-045,57546,NGN,SUCCESS,2026-09-07 17:58:59.020810
PAY-D369E390-FE13,CUST-00816,MERCH-034,130097,USD,SUCCESS,2026-09-05 23:22:19.020810
PAY-7977BE87-23D9,CUST-00337,MERCH-003,32382,USD,SUCCESS,2026-09-11 09:24:46.020810
PAY-898ED2A4-6944,CUST-00406,MERCH-025,92529,USD,SUCCESS,2026-09-18 13:09:02.020810
PAY-CE46FDF3-6734,CUST-01453,MERCH-010,102936,NGN,PENDING,2026-09-26 21:49:05.020810
PAY-1EE8D233-8D14,CUST-00361,MERCH-047,49386,USD,SUCCESS,2026-09-03 01:24:08.020810
PAY-495D113A-FDEE,CUST-01179,MERCH-047,65021,GBP,SUCCESS,2026-09-25 06:50:13.020810
PAY-F73971EF-1F0C,CUST-00705,MERCH-009,92839,EUR,SUCCESS,2026-09-19 21:23:00.020810
PAY-39E661B2-6D44,CUST-01351,MERCH-044,62007,USD,SUCCESS,2026-09-12 02:35:48.020810
PAY-AAF852EA-5109,CUST-00304,MERCH-011,116549,USD,SUCCESS,2026-09-09 01:51:28.020810
PAY-F642E21F-8F94,CUST-00465,MERCH-045,50334,USD,SUCCESS,2026-10-01 15:49:22.020810
PAY-EC5B6CE8-3A24,CUST-01070,MERCH-039,46193,USD,PENDING,2026-10-01 06:28:23.020810
PAY-95E980E5-5454,CUST-00003,MERCH-019,124672,USD,SUCCESS,2026-09-19 09:48:16.020810
PAY-B5DB5276-5D21,CUST-01416,MERCH-045,93309,USD,SUCCESS,2026-09-12 12:54:32.020810
PAY-E7F25591-404E,CUST-00462,MERCH-009,111446,USD,FAILED,2026-09-12 18:14:32.020810
PAY-55052600-B9F5,CUST-00875,MERCH-006,92252,USD,SUCCESS,2026-09-26 09:12:36.020810
PAY-21521C84-108B,CUST-00072,MERCH-031,24522,EUR,SUCCESS,2026-09-21 00:50:28.020810
PAY-3C30342B-D406,CUST-00101,MERCH-036,12443,USD,SUCCESS,2026-09-24 01:05:53.020810
PAY-0779510D-FFBB,CUST-01048,MERCH-012,131004,USD,FAILED,2026-09-20 15:30:48.020810
PAY-F6D948D3-39B0,CUST-00248,MERCH-049,42022,EUR,SUCCESS,2026-09-26 07:20:05.020810
PAY-02B545C9-E33F,CUST-00410,MERCH-025,26365,EUR,SUCCESS,2026-09-03 15:07:59.020810
PAY-C8A42D19-28C1,CUST-00029,MERCH-032,41386,USD,SUCCESS,2026-09-07 19:27:18.020810
PAY-7BC70F7C-6C95,CUST-00812,MERCH-007,145628,USD,PENDING,2026-09-18 22:53:16.020810
PAY-90B1C177-BABD,CUST-00456,MERCH-036,48442,GBP,SUCCESS,2026-09-28 22:53:42.020810
PAY-D0782B81-7568,CUST-01447,MERCH-006,114464,USD,SUCCESS,2026-09-25 16:34:18.020810
PAY-5511B4BC-37AB,CUST-01449,MERCH-049,140519,USD,SUCCESS,2026-09-14 11:36:15.020810
PAY-9F92B8F1-981E,CUST-00529,MERCH-050,125929,USD,PENDING,2026-09-21 07:10:50.020810
PAY-E956325B-B11D,CUST-00411,MERCH-021,69353,EUR,SUCCESS,2026-09-23 05:52:33.020810
PAY-88D47CD5-1007,CUST-00269,MERCH-010,57304,USD,SUCCESS,2026-09-11 22:38:56.020810
PAY-01CA3D14-0622,CUST-01415,MERCH-010,42806,GBP,FAILED,2026-09-08 15:12:24.020810
PAY-65C54EC2-66A8,CUST-01459,MERCH-033,28321,NGN,SUCCESS,2026-09-02 13:51:57.020810
PAY-E461BC51-2941,CUST-01245,MERCH-019,40861,EUR,SUCCESS,2026-09-14 01:50:18.020810
PAY-0F7D2C2F-E1BB,CUST-00709,MERCH-036,40944,USD,SUCCESS,2026-09-29 05:42:51.020810
PAY-1FF1C881-5F86,CUST-01470,MERCH-043,47328,USD,SUCCESS,2026-09-10 16:43:14.020810
PAY-32BD5F0C-1C9D,CUST-00725,MERCH-026,99335,USD,SUCCESS,2026-09-04 12:47:13.020810
PAY-5F2BAE0D-8976,CUST-00375,MERCH-040,55829,USD,SUCCESS,2026-09-18 03:26:46.020810
PAY-2831D2D5-87C1,CUST-00762,MERCH-042,102634,USD,SUCCESS,2026-09-04 03:38:23.020810
PAY-8F532AC2-3ADC,CUST-00497,MERCH-041,64631,USD,SUCCESS,2026-09-25 00:01:11.020810
PAY-CACF5F65-BBB9,CUST-00137,MERCH-042,139848,NGN,SUCCESS,2026-09-07 07:52:22.020810
PAY-CA032C4B-59D8,CUST-00114,MERCH-018,129416,USD,SUCCESS,2026-09-21 00:31:09.020810
PAY-D26F88A2-5BFE,CUST-00565,MERCH-007,2154,GBP,SUCCESS,2026-09-13 05:31:02.020810
PAY-E44BD893-B40F,CUST-00995,MERCH-043,60561,USD,SUCCESS,2026-09-17 01:29:23.020810
PAY-4A8587C1-F691,CUST-01145,MERCH-020,147742,EUR,FAILED,2026-09-07 16:21:35.020810
PAY-CE7BC60F-D74E,CUST-00664,MERCH-010,19305,EUR,PENDING,2026-09-02 09:58:48.020810
PAY-026AD76B-C77E,CUST-00451,MERCH-050,46248,GBP,SUCCESS,2026-09-20 11:10:32.020810
PAY-D8EC7A89-E23B,CUST-00822,MERCH-043,133857,USD,SUCCESS,2026-09-04 12:59:14.020810
PAY-B5B59AA2-3007,CUST-00588,MERCH-043,60593,GBP,SUCCESS,2026-09-21 03:24:17.020810
PAY-0E5015F4-F07A,CUST-01170,MERCH-047,96280,NGN,SUCCESS,2026-09-24 17:53:21.020810
PAY-98155022-C257,CUST-00791,MERCH-005,73074,USD,PENDING,2026-09-16 23:49:49.020810
PAY-ED8E9186-5579,CUST-00976,MERCH-003,83972,USD,SUCCESS,2026-09-19 07:24:22.020810
PAY-40F6F992-E9F9,CUST-00515,MERCH-037,46186,USD,SUCCESS,2026-09-05 06:55:02.020810
PAY-9EEA0EBE-E190,CUST-01283,MERCH-043,97044,USD,SUCCESS,2026-09-05 00:35:33.020810
PAY-7D025674-2571,CUST-00178,MERCH-028,19379,USD,PENDING,2026-09-14 18:02:48.020810
PAY-F5B5445D-AD77,CUST-00159,MERCH-037,86993,NGN,SUCCESS,2026-09-18 08:54:25.020810
PAY-976787A1-8045,CUST-00878,MERCH-018,149810,EUR,SUCCESS,2026-09-02 13:53:20.020810
PAY-218BD2EF-EA11,CUST-01374,MERCH-006,99059,USD,SUCCESS,2026-09-29 17:32:59.020810
PAY-3B2BCD64-D9CC,CUST-01214,MERCH-014,84658,NGN,PENDING,2026-09-30 10:40:46.020810
PAY-981FA5FF-EC74,CUST-00924,MERCH-036,94282,USD,SUCCESS,2026-09-25 20:49:52.020810
PAY-1AC75674-27D7,CUST-00379,MERCH-004,638,USD,SUCCESS,2026-09-24 22:07:22.020810
PAY-B2CBCD31-0E95,CUST-00281,MERCH-002,44730,USD,SUCCESS,2026-09-14 01:40:50.020810
PAY-72158A07-3C9E,CUST-00891,MERCH-011,19143,GBP,SUCCESS,2026-09-02 11:33:39.020810
PAY-EEB9F6AE-488C,CUST-01276,MERCH-042,25690,NGN,SUCCESS,2026-09-25 20:13:28.020810
PAY-72BB55AC-CEA6,CUST-00279,MERCH-047,39735,USD,FAILED,2026-09-06 02:49:18.020810
PAY-7CB2FA0B-A105,CUST-00630,MERCH-005,64371,GBP,SUCCESS,2026-09-11 13:17:16.020810
PAY-5D10FBD7-BB9A,CUST-01468,MERCH-028,121809,USD,PENDING,2026-09-21 08:20:29.020810
PAY-62879240-2B99,CUST-01090,MERCH-037,106926,USD,SUCCESS,2026-09-23 19:01:35.020810
PAY-81D366D4-6F78,CUST-00075,MERCH-037,124904,USD,FAILED,2026-09-27 03:47:10.020810
PAY-52243B95-C357,CUST-00442,MERCH-005,112268,GBP,PENDING,2026-09-09 18:23:56.020810
PAY-EE2066CA-7B9C,CUST-01005,MERCH-031,21446,USD,SUCCESS,2026-09-12 23:42:11.020810
PAY-E52E8136-6B1A,CUST-01233,MERCH-050,35064,USD,FAILED,2026-09-10 18:10:03.020810
PAY-3E785246-64BC,CUST-00897,MERCH-042,7923,USD,SUCCESS,2026-09-20 15:52:43.020810
PAY-39DB5B51-735D,CUST-00943,MERCH-022,139545,USD,SUCCESS,2026-09-29 18:10:59.020810
PAY-BB473E0A-4EE1,CUST-01096,MERCH-040,143288,GBP,SUCCESS,2026-09-24 19:47:08.020810
PAY-22397DB8-5FA7,CUST-00861,MERCH-023,55027,NGN,SUCCESS,2026-09-13 06:35:07.020810
PAY-2E528C76-6CCA,CUST-01293,MERCH-044,81441,NGN,FAILED,2026-09-29 12:13:47.020810
PAY-3A988377-FCD1,CUST-00416,MERCH-008,24537,USD,PENDING,2026-10-01 00:17:29.020810
PAY-2E4B67EF-F8E2,CUST-01291,MERCH-050,86697,USD,PENDING,2026-09-20 07:31:21.020810
PAY-17745A99-70D4,CUST-00633,MERCH-013,134847,GBP,FAILED,2026-09-03 06:09:55.020810
PAY-4BADEE25-F6DB,CUST-01377,MERCH-047,88284,USD,SUCCESS,2026-09-29 19:51:50.020810
PAY-7D0769A1-982B,CUST-00373,MERCH-015,38440,USD,SUCCESS,2026-09-07 19:27:51.020810
PAY-7ECA633F-0F9B,CUST-00094,MERCH-011,18654,GBP,FAILED,2026-09-07 15:13:33.020810
PAY-8C54C6C2-3714,CUST-00721,MERCH-002,127977,NGN,SUCCESS,2026-09-18 16:55:41.020810
PAY-356EF728-F5E8,CUST-00775,MERCH-018,148097,GBP,PENDING,2026-09-15 11:39:47.020810
PAY-607213FE-7FA1,CUST-01311,MERCH-030,126312,GBP,SUCCESS,2026-09-15 13:10:56.020810
PAY-BB8B049E-AE7F,CUST-00015,MERCH-046,812,USD,SUCCESS,2026-09-04 04:22:37.020810
PAY-968BBCE1-1A2F,CUST-00288,MERCH-027,122204,EUR,SUCCESS,2026-09-29 00:06:32.020810
PAY-F88C0E7B-C8D4,CUST-00811,MERCH-020,143304,NGN,SUCCESS,2026-09-16 18:25:10.020810
PAY-E07F5B06-2BC8,CUST-01363,MERCH-049,130631,USD,SUCCESS,2026-09-22 21:18:13.020810
PAY-09EC3BFE-E8BF,CUST-00822,MERCH-020,117894,GBP,PENDING,2026-09-29 13:04:49.020810
PAY-A401468B-7427,CUST-01215,MERCH-029,23837,GBP,SUCCESS,2026-09-16 18:47:43.020810
PAY-557CC0BF-23F2,CUST-00860,MERCH-013,91610,EUR,PENDING,2026-09-20 11:30:49.020810
PAY-9B5D319B-B410,CUST-00874,MERCH-045,67853,USD,SUCCESS,2026-09-03 09:32:28.020810
PAY-74CF82DD-710F,CUST-00678,MERCH-003,107115,USD,SUCCESS,2026-09-02 21:03:00.020810
PAY-822AD737-293F,CUST-00501,MERCH-023,58326,EUR,SUCCESS,2026-09-17 00:53:00.020810
PAY-0CC9436D-55BD,CUST-00964,MERCH-013,101719,USD,SUCCESS,2026-09-03 14:02:19.020810
PAY-A3081810-0C57,CUST-00558,MERCH-037,49382,USD,SUCCESS,2026-09-22 11:14:40.020810
PAY-C05B1CAF-2A08,CUST-00952,MERCH-029,29312,EUR,SUCCESS,2026-09-05 14:19:24.020810
PAY-245C67DA-F840,CUST-01301,MERCH-037,36506,USD,SUCCESS,2026-09-19 03:23:59.020810
PAY-42D7B154-7D34,CUST-01166,MERCH-045,58889,USD,SUCCESS,2026-09-20 05:06:20.020810
PAY-417076C3-A291,CUST-00658,MERCH-014,97745,USD,PENDING,2026-09-04 03:54:55.020810
PAY-01024FE6-07C2,CUST-01216,MERCH-030,47488,EUR,SUCCESS,2026-09-02 03:27:41.020810
PAY-0AEF8C49-06F4,CUST-00754,MERCH-023,42839,USD,PENDING,2026-09-07 02:29:31.020810
PAY-D9B9964E-5B39,CUST-01084,MERCH-011,108903,EUR,SUCCESS,2026-09-24 05:14:36.020810
PAY-991F7594-0DF1,CUST-01382,MERCH-014,79067,EUR,FAILED,2026-09-22 11:10:36.020810
PAY-2B602BF2-ED3E,CUST-00481,MERCH-006,76516,GBP,SUCCESS,2026-09-17 00:02:35.020810
PAY-FA59E007-7378,CUST-01075,MERCH-040,149900,USD,SUCCESS,2026-09-28 22:09:42.020810
PAY-777040F9-FAE7,CUST-00687,MERCH-040,91904,NGN,SUCCESS,2026-09-20 20:37:03.020810
PAY-B6A1370F-8650,CUST-00577,MERCH-027,65515,USD,PENDING,2026-09-22 20:33:54.020810
PAY-DAD2A7F6-AA32,CUST-00612,MERCH-022,77087,NGN,PENDING,2026-09-14 11:07:22.020810
PAY-30C92E6F-0359,CUST-00454,MERCH-020,19634,GBP,PENDING,2026-09-14 06:04:51.020810
PAY-1F25CDE9-E7B1,CUST-00626,MERCH-040,104183,USD,FAILED,2026-09-07 15:31:47.020810
PAY-6B93F5BD-1B8F,CUST-01167,MERCH-039,64617,GBP,SUCCESS,2026-09-30 08:31:42.020810
PAY-AA54838A-1FC9,CUST-01245,MERCH-016,72796,USD,PENDING,2026-09-14 07:20:25.020810
PAY-230E4BFA-FC2A,CUST-01185,MERCH-029,59853,USD,PENDING,2026-09-15 14:20:36.020810
PAY-D0BB1922-D1D8,CUST-01178,MERCH-018,69652,USD,SUCCESS,2026-09-21 15:46:47.020810
PAY-EC64D48F-6E7F,CUST-00036,MERCH-034,45415,USD,SUCCESS,2026-09-29 00:13:09.020810
PAY-78498CEE-E676,CUST-00300,MERCH-015,86532,EUR,SUCCESS,2026-09-04 01:49:00.020810
PAY-F038F32A-D0E4,CUST-01026,MERCH-027,125550,USD,SUCCESS,2026-09-07 23:40:31.020810
PAY-53BD05EF-2789,CUST-01482,MERCH-014,140269,USD,SUCCESS,2026-09-29 16:50:10.020810
PAY-3BCD0139-370B,CUST-01316,MERCH-050,71176,GBP,SUCCESS,2026-09-27 02:48:48.020810
PAY-49C90687-D36C,CUST-00205,MERCH-016,27661,USD,SUCCESS,2026-09-09 09:55:00.020810
PAY-811D9698-506A,CUST-00017,MERCH-049,117296,USD,SUCCESS,2026-09-29 11:27:43.020810
PAY-CC0A5A44-F183,CUST-00265,MERCH-004,30684,USD,PENDING,2026-09-10 04:08:35.020810
PAY-1278D6FD-C003,CUST-00981,MERCH-049,126048,NGN,FAILED,2026-09-03 20:41:57.020810
PAY-CC712E4A-AC12,CUST-00670,MERCH-020,91659,USD,SUCCESS,2026-09-26 22:22:16.020810
PAY-77CC08A7-295F,CUST-00395,MERCH-019,97635,USD,FAILED,2026-09-21 19:08:09.020810
PAY-E0468201-E2E0,CUST-00690,MERCH-031,35079,NGN,SUCCESS,2026-09-30 04:28:12.020810
PAY-2558E47C-BBA8,CUST-00258,MERCH-003,3163,USD,SUCCESS,2026-09-13 14:58:36.020810
PAY-5B710DFD-4C04,CUST-00088,MERCH-020,149053,GBP,FAILED,2026-09-15 06:14:40.020810
PAY-C66BBF29-6CFF,CUST-00887,MERCH-020,17300,EUR,PENDING,2026-09-20 06:40:20.020810
PAY-5217B3C5-F55F,CUST-00304,MERCH-047,59075,USD,PENDING,2026-10-01 09:59:08.020810
PAY-F4867E53-F817,CUST-01161,MERCH-004,37576,NGN,FAILED,2026-09-03 02:05:51.020810
PAY-3EF9023A-E7E1,CUST-00729,MERCH-007,30593,USD,SUCCESS,2026-09-08 09:03:44.020810
PAY-46C1C162-3D4E,CUST-00418,MERCH-047,87877,USD,SUCCESS,2026-09-24 03:50:36.020810
PAY-A7E59F42-5E69,CUST-00806,MERCH-023,103157,GBP,SUCCESS,2026-09-27 10:14:48.020810
PAY-A9BBDCBA-D587,CUST-00390,MERCH-022,88942,USD,FAILED,2026-09-30 00:40:41.020810
PAY-185047CD-5B84,CUST-01287,MERCH-044,1107,USD,SUCCESS,2026-09-24 15:21:26.020810
PAY-769E5B64-8A09,CUST-01138,MERCH-028,57752,USD,SUCCESS,2026-09-05 14:05:39.020810
PAY-62F3ED62-1231,CUST-00141,MERCH-017,145347,USD,PENDING,2026-09-19 06:11:57.020810
PAY-BB5C0A67-A72B,CUST-00612,MERCH-013,86288,USD,PENDING,2026-09-14 08:23:04.020810
PAY-30E136FA-61EB,CUST-00813,MERCH-025,22688,USD,SUCCESS,2026-09-12 12:00:33.020810
PAY-66F54F65-2314,CUST-00149,MERCH-015,144870,USD,SUCCESS,2026-09-28 01:42:46.020810
PAY-19748BCA-C7B5,CUST-00760,MERCH-004,78258,USD,SUCCESS,2026-09-11 16:41:15.020810
PAY-38873D81-7314,CUST-00376,MERCH-013,41806,USD,SUCCESS,2026-09-21 12:50:28.020810
PAY-52E7E786-AC4E,CUST-01374,MERCH-048,9278,USD,SUCCESS,2026-09-08 08:19:47.020810
PAY-11A6CEE6-630C,CUST-00510,MERCH-013,120435,GBP,PENDING,2026-09-16 19:23:56.020810
PAY-FD23C4AC-6F66,CUST-00600,MERCH-012,107081,USD,SUCCESS,2026-09-14 15:04:54.020810
PAY-586D665C-4E66,CUST-00426,MERCH-042,5406,NGN,SUCCESS,2026-09-06 23:45:55.020810
PAY-3745A845-D39E,CUST-00617,MERCH-015,109469,NGN,SUCCESS,2026-09-23 15:22:00.020810
PAY-7595CFD0-C02D,CUST-01034,MERCH-048,142129,GBP,SUCCESS,2026-09-20 23:50:59.020810
PAY-9D08CBB4-1F4D,CUST-00058,MERCH-003,82758,NGN,SUCCESS,2026-09-28 13:30:51.020810
PAY-239E96EE-AD7D,CUST-01456,MERCH-046,149681,EUR,SUCCESS,2026-09-08 14:18:51.020810
PAY-124C7B15-A8EE,CUST-00575,MERCH-025,13639,USD,FAILED,2026-09-30 00:55:48.020810
PAY-08910F9D-D6D8,CUST-00314,MERCH-042,128241,USD,PENDING,2026-09-06 02:39:52.020810
PAY-1C785A7A-BD43,CUST-00898,MERCH-019,122610,USD,PENDING,2026-09-04 21:14:07.020810
PAY-AC648891-0B70,CUST-00540,MERCH-013,79693,USD,PENDING,2026-09-03 13:55:40.020810
PAY-6D9283F9-B23D,CUST-00426,MERCH-021,41175,NGN,SUCCESS,2026-09-04 14:17:04.020810
PAY-21BD8398-E56B,CUST-00468,MERCH-035,12802,GBP,FAILED,2026-09-19 13:19:32.020810
PAY-BE853F3B-4E41,CUST-00335,MERCH-011,73987,USD,SUCCESS,2026-09-28 21:34:17.020810
PAY-9C35CE05-3C4B,CUST-00865,MERCH-026,47993,USD,FAILED,2026-09-18 04:23:09.020810
PAY-EB889AA2-820B,CUST-00919,MERCH-049,42307,USD,SUCCESS,2026-09-18 02:33:39.020810
PAY-48B6B045-E452,CUST-00408,MERCH-013,136897,USD,SUCCESS,2026-09-08 05:42:08.020810
PAY-07DD446A-463B,CUST-00314,MERCH-040,2942,GBP,PENDING,2026-09-13 02:33:22.020810
PAY-B51FCB4E-8F8A,CUST-00280,MERCH-002,87057,USD,SUCCESS,2026-09-08 06:49:37.020810
PAY-F71578A6-F7A5,CUST-00822,MERCH-037,56998,EUR,SUCCESS,2026-09-06 23:47:42.020810
PAY-CB7DB083-B0BF,CUST-00419,MERCH-001,6258,USD,SUCCESS,2026-09-12 21:50:10.020810
PAY-6D8A4C06-C7EA,CUST-00450,MERCH-013,107531,USD,SUCCESS,2026-09-14 01:42:05.020810
PAY-A438B33D-2D60,CUST-00960,MERCH-029,32705,GBP,SUCCESS,2026-09-05 01:05:28.020810
PAY-DD5C3ED1-635C,CUST-01373,MERCH-028,96235,GBP,SUCCESS,2026-09-23 21:48:43.020810
PAY-A071124C-A74D,CUST-00022,MERCH-029,37722,USD,PENDING,2026-09-22 11:31:41.020810
PAY-82A1444E-6C27,CUST-00980,MERCH-040,91561,USD,SUCCESS,2026-10-01 08:50:49.020810
PAY-58420531-DE6E,CUST-00646,MERCH-016,45997,EUR,SUCCESS,2026-09-04 12:12:39.020810
PAY-A418B367-617D,CUST-00570,MERCH-042,55709,GBP,SUCCESS,2026-09-19 17:29:57.020810
PAY-3F99620A-53AB,CUST-00115,MERCH-006,61010,EUR,SUCCESS,2026-09-10 03:47:55.020810
PAY-BE7FF1ED-BA3A,CUST-01192,MERCH-036,128330,USD,PENDING,2026-09-14 07:08:59.020810
PAY-B4E070E1-9D0F,CUST-00350,MERCH-016,57328,GBP,SUCCESS,2026-09-03 04:01:43.020810
PAY-675A7640-6B1E,CUST-00555,MERCH-046,12733,USD,SUCCESS,2026-09-08 03:45:38.020810
PAY-CD1A56D8-F2F3,CUST-00261,MERCH-035,120680,EUR,FAILED,2026-09-16 03:03:42.020810
PAY-7E9161C0-2385,CUST-00140,MERCH-038,24320,EUR,SUCCESS,2026-09-02 13:16:52.020810
PAY-EE87300E-B02D,CUST-00931,MERCH-046,43336,GBP,SUCCESS,2026-09-09 16:09:04.020810
PAY-8E9C1371-5A06,CUST-01356,MERCH-009,14162,USD,SUCCESS,2026-09-15 23:10:51.020810
PAY-A11718A1-FD46,CUST-00765,MERCH-004,108919,NGN,FAILED,2026-09-23 02:04:00.020810
PAY-F4F7B487-8052,CUST-00531,MERCH-043,121759,USD,SUCCESS,2026-09-28 06:52:05.020810
PAY-F81DA920-5C70,CUST-01495,MERCH-050,125355,NGN,SUCCESS,2026-09-06 16:33:07.020810
PAY-DE6AF74D-6831,CUST-01316,MERCH-041,84678,USD,PENDING,2026-09-25 19:07:53.020810
PAY-7D7DDF61-40EA,CUST-00534,MERCH-027,48440,GBP,SUCCESS,2026-09-06 21:32:21.020810
PAY-F0EB9E89-B78D,CUST-00541,MERCH-004,94809,USD,SUCCESS,2026-09-20 12:16:59.020810
PAY-6C325CA0-7F3F,CUST-01311,MERCH-035,141224,USD,PENDING,2026-09-12 19:07:09.020810
PAY-5BA71E00-147A,CUST-00903,MERCH-010,39385,USD,PENDING,2026-09-24 12:48:10.020810
PAY-68E23551-15D1,CUST-00696,MERCH-033,47654,USD,SUCCESS,2026-09-04 20:51:35.020810
PAY-EF72DD12-F03D,CUST-00319,MERCH-021,11012,USD,FAILED,2026-09-30 19:50:24.020810
PAY-7FA49ED2-33C7,CUST-01198,MERCH-045,101498,USD,SUCCESS,2026-09-18 10:05:48.020810
PAY-42DECFDB-6B73,CUST-00808,MERCH-049,74358,USD,SUCCESS,2026-09-27 16:05:07.020810
PAY-0E51B263-93B5,CUST-01460,MERCH-017,39148,USD,SUCCESS,2026-09-26 09:02:37.020810
PAY-BF88256E-824F,CUST-00507,MERCH-032,49685,EUR,SUCCESS,2026-09-13 20:25:03.020810
PAY-FFA8DE76-46AF,CUST-00925,MERCH-037,49339,EUR,SUCCESS,2026-09-05 11:05:50.020810
PAY-2A43010B-D98F,CUST-00205,MERCH-009,23031,USD,SUCCESS,2026-09-05 20:40:58.020810
PAY-1D0318CE-21B8,CUST-00097,MERCH-008,120533,USD,FAILED,2026-09-27 12:45:09.020810
PAY-F40FFFC5-AD81,CUST-01052,MERCH-003,91373,EUR,SUCCESS,2026-09-13 04:48:30.020810
PAY-7C977514-5201,CUST-01410,MERCH-036,13606,USD,PENDING,2026-09-21 22:46:58.020810
PAY-8798AB09-93A1,CUST-01372,MERCH-005,13471,EUR,SUCCESS,2026-09-23 19:37:19.020810
PAY-6853702B-510B,CUST-00993,MERCH-019,59622,USD,SUCCESS,2026-09-03 12:11:47.020810
PAY-D3DBF2A3-447E,CUST-01226,MERCH-010,27649,NGN,FAILED,2026-09-18 20:54:30.020810
PAY-2F2B06E3-A96F,CUST-01204,MERCH-040,66512,USD,FAILED,2026-10-01 17:20:23.020810
PAY-7CAD67C3-05F9,CUST-01423,MERCH-023,83950,GBP,SUCCESS,2026-09-10 09:48:43.020810
PAY-F8021EAA-63A6,CUST-00225,MERCH-032,45762,USD,SUCCESS,2026-09-06 17:03:25.020810
PAY-5ACE29F1-BE0B,CUST-00360,MERCH-010,102162,USD,FAILED,2026-09-25 15:40:49.020810
PAY-776F29C2-F695,CUST-00522,MERCH-016,146660,USD,FAILED,2026-09-12 10:52:22.020810
PAY-302523C3-3CC8,CUST-00931,MERCH-012,6126,NGN,SUCCESS,2026-09-09 16:44:24.020810
PAY-03214ECE-14DC,CUST-00739,MERCH-019,38338,USD,FAILED,2026-09-09 00:32:59.020810
PAY-F611844E-3E4D,CUST-00232,MERCH-025,99297,GBP,FAILED,2026-09-10 07:25:03.020810
PAY-B05FB040-530F,CUST-01391,MERCH-021,100770,USD,SUCCESS,2026-09-14 09:53:49.020810
PAY-8610A6C0-3D15,CUST-00394,MERCH-013,141947,USD,PENDING,2026-09-01 19:56:50.020810
PAY-B9B90A87-7D49,CUST-00401,MERCH-013,77682,USD,PENDING,2026-09-15 19:56:42.020810
PAY-3CD5E91E-A303,CUST-00619,MERCH-029,80383,USD,PENDING,2026-09-02 15:46:12.020810
PAY-491391C4-012A,CUST-01029,MERCH-034,133819,EUR,SUCCESS,2026-09-25 23:40:46.020810
PAY-0348F06E-B08A,CUST-01228,MERCH-038,3578,EUR,SUCCESS,2026-09-17 19:21:37.020810
PAY-9E8B1F7E-1C74,CUST-00555,MERCH-030,44070,USD,SUCCESS,2026-09-02 18:26:08.020810
PAY-4A2A9173-B9DC,CUST-00022,MERCH-024,99465,USD,SUCCESS,2026-10-01 13:22:39.020810
PAY-A3BFB1C3-D936,CUST-01040,MERCH-044,19209,GBP,SUCCESS,2026-09-18 17:13:32.020810
PAY-F397B3FF-658F,CUST-01254,MERCH-050,50167,USD,PENDING,2026-09-16 23:07:14.020810
PAY-2E1DBBEA-A1FC,CUST-01397,MERCH-029,67970,EUR,PENDING,2026-09-25 21:02:44.020810
PAY-C92DF8E3-27ED,CUST-01278,MERCH-045,104639,EUR,SUCCESS,2026-09-10 13:50:21.020810
PAY-ABDC71B4-60AC,CUST-00875,MERCH-041,42432,USD,SUCCESS,2026-09-11 21:55:48.020810
PAY-26948C54-3E5F,CUST-01225,MERCH-048,109057,USD,SUCCESS,2026-09-17 02:58:40.020810
PAY-AED2192E-219E,CUST-00478,MERCH-018,119080,USD,SUCCESS,2026-09-10 17:42:56.020810
PAY-258F6467-01E5,CUST-01020,MERCH-031,45194,USD,SUCCESS,2026-09-17 05:44:38.020810
PAY-CEE2868B-4BD6,CUST-00328,MERCH-023,40768,USD,SUCCESS,2026-09-29 07:04:18.020810
PAY-10736E28-BCED,CUST-00036,MERCH-027,105191,USD,SUCCESS,2026-09-05 16:02:32.020810
PAY-115778D9-5D8E,CUST-00716,MERCH-035,37661,USD,SUCCESS,2026-09-05 19:43:32.020810
PAY-D397D085-2992,CUST-01239,MERCH-009,97201,USD,SUCCESS,2026-09-03 02:33:12.020810
PAY-BE1F0225-1744,CUST-01173,MERCH-047,40059,USD,SUCCESS,2026-09-09 09:53:14.020810
PAY-512E099C-C2C8,CUST-01214,MERCH-019,19200,USD,SUCCESS,2026-09-07 10:32:08.020810
PAY-7DC9F298-F41A,CUST-00661,MERCH-050,57743,USD,SUCCESS,2026-09-21 16:28:22.020810
PAY-1CAA2236-5D6A,CUST-00087,MERCH-010,83795,GBP,FAILED,2026-09-30 11:14:10.020810
PAY-6C29256D-E156,CUST-00647,MERCH-049,105940,USD,SUCCESS,2026-09-29 23:45:50.020810
PAY-745E3D7A-943D,CUST-00477,MERCH-028,121944,USD,PENDING,2026-09-13 14:53:42.020810
PAY-1D3B2264-9D20,CUST-01369,MERCH-047,107613,USD,PENDING,2026-09-09 05:48:40.020810
PAY-07354792-A6D3,CUST-00353,MERCH-040,47655,EUR,SUCCESS,2026-09-16 03:49:24.020810
PAY-D31EB012-5958,CUST-00088,MERCH-028,20422,USD,SUCCESS,2026-09-20 01:24:29.020810
PAY-AD03FC88-BBE1,CUST-00687,MERCH-043,135339,USD,SUCCESS,2026-09-14 08:11:28.020810
PAY-D8EF7A48-DBE7,CUST-00056,MERCH-042,89535,USD,PENDING,2026-09-28 12:24:51.020810
PAY-BBCDE742-84E2,CUST-00199,MERCH-013,28541,USD,SUCCESS,2026-09-11 16:45:24.020810
PAY-7B20A460-3D65,CUST-00457,MERCH-042,11103,USD,FAILED,2026-09-27 21:22:01.020810
PAY-D152F0C4-E459,CUST-00090,MERCH-018,140598,EUR,SUCCESS,2026-09-29 14:49:43.020810
PAY-CE89DB1C-239F,CUST-00460,MERCH-046,17338,USD,SUCCESS,2026-09-09 09:08:55.020810
PAY-8B6416ED-AAF5,CUST-01316,MERCH-006,40303,USD,SUCCESS,2026-09-10 08:09:16.020810
PAY-E3A1B656-66F3,CUST-00194,MERCH-012,98047,NGN,SUCCESS,2026-09-05 11:03:04.020810
PAY-4AD53763-A932,CUST-00607,MERCH-033,98145,USD,SUCCESS,2026-09-07 05:26:26.020810
PAY-681E51CA-73B2,CUST-01103,MERCH-010,142959,GBP,SUCCESS,2026-09-22 21:30:55.020810
PAY-774F23FD-0123,CUST-00855,MERCH-035,105741,USD,SUCCESS,2026-09-26 00:09:16.020810
PAY-FAFEA470-E6D3,CUST-00611,MERCH-001,29266,USD,FAILED,2026-09-06 19:20:15.020810
PAY-99663F7F-2902,CUST-01088,MERCH-021,146323,USD,FAILED,2026-09-14 11:36:38.020810
PAY-53EADE08-98B8,CUST-01101,MERCH-004,81582,USD,SUCCESS,2026-09-20 15:56:54.020810
PAY-6F6CD803-A5A0,CUST-00626,MERCH-049,751,GBP,SUCCESS,2026-09-08 05:48:20.020810
PAY-11FDEB4B-89CE,CUST-00088,MERCH-025,149926,USD,SUCCESS,2026-09-10 09:10:52.020810
PAY-0FD271FB-B394,CUST-01030,MERCH-032,137972,EUR,SUCCESS,2026-09-23 05:26:33.020810
PAY-2D1825FF-928A,CUST-00984,MERCH-016,137019,NGN,PENDING,2026-09-16 23:39:09.020810
PAY-422C49B6-A940,CUST-00671,MERCH-050,105810,EUR,SUCCESS,2026-09-20 13:54:49.020810
PAY-C84B142D-D1C3,CUST-00578,MERCH-026,31630,USD,SUCCESS,2026-09-16 20:17:24.020810
PAY-23BEF6FE-0805,CUST-01221,MERCH-028,57571,USD,SUCCESS,2026-09-08 00:50:15.020810
PAY-DCD7434F-6309,CUST-00607,MERCH-043,29805,USD,SUCCESS,2026-09-10 12:14:48.020810
PAY-DE884BE4-2326,CUST-01251,MERCH-010,38466,USD,SUCCESS,2026-09-22 22:18:21.020810
PAY-11BF45CC-30BE,CUST-00367,MERCH-005,48478,GBP,SUCCESS,2026-09-11 03:24:39.020810
PAY-12DE3D74-77F1,CUST-00036,MERCH-020,12420,USD,SUCCESS,2026-09-04 20:42:50.020810
PAY-E078F073-41DC,CUST-00583,MERCH-011,66805,USD,SUCCESS,2026-10-01 10:54:46.020810
PAY-4349BEB7-7121,CUST-01090,MERCH-014,74268,EUR,PENDING,2026-09-07 05:34:29.020810
PAY-49DFF497-6607,CUST-00995,MERCH-033,29838,USD,SUCCESS,2026-09-29 08:22:07.020810
PAY-B2D7B436-3C7A,CUST-00185,MERCH-031,117550,USD,PENDING,2026-10-01 14:42:52.020810
PAY-E65E9E1D-4778,CUST-00315,MERCH-049,73293,GBP,PENDING,2026-09-21 11:30:28.020810
PAY-19530A0B-69FD,CUST-01179,MERCH-045,25806,USD,PENDING,2026-09-27 08:00:39.020810
PAY-5F537777-1D95,CUST-01335,MERCH-011,52709,USD,SUCCESS,2026-09-26 16:40:47.020810
PAY-CC1D840D-7C92,CUST-00228,MERCH-048,5717,GBP,PENDING,2026-09-28 10:27:58.020810
PAY-75946286-064C,CUST-00117,MERCH-015,111189,USD,SUCCESS,2026-09-22 17:29:48.020810
PAY-E286A46A-FF3D,CUST-00840,MERCH-002,1058,USD,SUCCESS,2026-09-09 22:01:53.020810
PAY-63D98180-5A87,CUST-00128,MERCH-001,52065,USD,PENDING,2026-09-18 15:26:54.020810
PAY-C73ADE09-9006,CUST-00331,MERCH-035,51196,EUR,FAILED,2026-09-18 02:25:43.020810
PAY-15544BB2-DC32,CUST-01115,MERCH-026,25760,GBP,SUCCESS,2026-09-10 21:52:11.020810
PAY-599C0346-4448,CUST-00008,MERCH-021,86126,GBP,SUCCESS,2026-09-04 00:15:58.020810
PAY-4387BEB4-A229,CUST-00368,MERCH-018,139294,USD,SUCCESS,2026-09-13 14:47:17.020810
PAY-CDBE0386-CB28,CUST-00482,MERCH-036,93634,USD,FAILED,2026-09-01 20:25:02.020810
PAY-B980BB1F-529E,CUST-01133,MERCH-045,110057,NGN,SUCCESS,2026-09-09 14:44:48.020810
PAY-3EF46943-9734,CUST-01262,MERCH-011,16870,GBP,SUCCESS,2026-09-29 03:56:43.020810
PAY-5D808ACB-E83B,CUST-00123,MERCH-029,140480,GBP,SUCCESS,2026-09-21 02:01:11.020810
PAY-6F089403-A09A,CUST-01429,MERCH-028,120401,USD,SUCCESS,2026-09-09 17:16:51.020810
PAY-54F4ADC5-4441,CUST-00894,MERCH-016,46980,EUR,SUCCESS,2026-09-12 18:49:34.020810
PAY-CDD9D104-02D7,CUST-01139,MERCH-014,101520,NGN,SUCCESS,2026-09-26 02:35:56.020810
PAY-90289965-E3F2,CUST-01379,MERCH-014,127286,NGN,FAILED,2026-09-12 04:05:23.020810
PAY-9BDD1CEA-29E1,CUST-00835,MERCH-048,133055,USD,SUCCESS,2026-09-05 19:14:40.020810
PAY-0A818A03-70DF,CUST-00689,MERCH-041,142668,EUR,SUCCESS,2026-09-07 07:03:45.020810
PAY-28763A8B-817F,CUST-00825,MERCH-012,119742,EUR,SUCCESS,2026-09-21 01:29:09.020810
PAY-8645EA88-4A29,CUST-00215,MERCH-016,145242,USD,PENDING,2026-09-22 19:53:59.020810
PAY-9874119E-A2B5,CUST-00625,MERCH-050,715,USD,SUCCESS,2026-09-07 00:47:20.020810
PAY-9A820DE0-6FD1,CUST-00153,MERCH-013,133103,USD,FAILED,2026-09-09 06:50:24.020810
PAY-43D657DF-633B,CUST-00322,MERCH-013,40438,GBP,SUCCESS,2026-09-12 17:02:39.020810
PAY-1142AE4B-BC44,CUST-00204,MERCH-044,133695,USD,SUCCESS,2026-09-27 23:59:37.020810
PAY-B3A7C788-04CF,CUST-01498,MERCH-015,49477,USD,SUCCESS,2026-09-18 17:11:13.020810
PAY-3916416C-D2F0,CUST-00945,MERCH-048,17093,NGN,SUCCESS,2026-09-30 21:20:32.020810
PAY-74E37EA5-FF43,CUST-01083,MERCH-031,5686,USD,PENDING,2026-09-17 13:16:14.020810
PAY-90E15C1A-B24D,CUST-00832,MERCH-031,101593,USD,SUCCESS,2026-09-25 16:35:13.020810
PAY-04DF8543-4E76,CUST-00195,MERCH-042,111253,USD,SUCCESS,2026-09-03 20:48:44.020810
PAY-2F6BBDF5-0457,CUST-01289,MERCH-047,44290,NGN,SUCCESS,2026-09-19 17:32:41.020810
PAY-269FE944-FA4E,CUST-00013,MERCH-041,137508,USD,SUCCESS,2026-09-27 21:16:11.020810
PAY-840E5251-8323,CUST-00206,MERCH-042,65344,NGN,SUCCESS,2026-09-14 16:34:13.020810
PAY-53B7E852-9B62,CUST-00154,MERCH-040,122944,USD,PENDING,2026-09-07 22:39:50.020810
PAY-6DFE48E8-38A3,CUST-01243,MERCH-029,31112,USD,FAILED,2026-09-21 15:35:09.020810
PAY-C18D4603-2F9F,CUST-00944,MERCH-033,92864,EUR,SUCCESS,2026-09-07 03:07:46.020810
PAY-1E543743-01F8,CUST-01216,MERCH-027,140285,USD,SUCCESS,2026-09-29 21:25:18.020810
PAY-E165AA81-F5A8,CUST-01318,MERCH-016,78857,EUR,SUCCESS,2026-09-28 00:31:20.020810
PAY-1D6218D9-95B6,CUST-00717,MERCH-043,47212,USD,SUCCESS,2026-09-25 21:47:43.020810
PAY-58A170BA-738E,CUST-01384,MERCH-002,102943,USD,PENDING,2026-09-09 01:44:24.020810
PAY-85926559-1B8B,CUST-00772,MERCH-024,140449,USD,PENDING,2026-09-21 03:21:18.020810
PAY-269A2920-5996,CUST-00788,MERCH-049,93273,USD,SUCCESS,2026-09-10 01:12:16.020810
PAY-D96D0539-F442,CUST-01178,MERCH-007,85348,USD,FAILED,2026-09-08 11:23:55.020810
PAY-0149BE83-7B27,CUST-00918,MERCH-014,133467,GBP,SUCCESS,2026-09-16 17:05:33.020810
PAY-C4A58E9D-9B52,CUST-01215,MERCH-037,90527,NGN,SUCCESS,2026-09-09 15:31:33.020810
PAY-C1EA8FCD-93C0,CUST-00668,MERCH-015,72020,EUR,PENDING,2026-09-30 23:58:20.020810
PAY-ECD36137-D4BF,CUST-01375,MERCH-028,116980,GBP,PENDING,2026-09-02 04:42:51.020810
PAY-DDFC34CF-3DFF,CUST-00611,MERCH-009,6391,USD,SUCCESS,2026-09-29 21:09:39.020810
PAY-09C20123-2FA7,CUST-00912,MERCH-018,37913,USD,SUCCESS,2026-09-24 19:48:54.020810
PAY-4A85590F-E85E,CUST-01265,MERCH-027,80326,GBP,SUCCESS,2026-09-22 07:04:53.020810
PAY-5B8F327D-ABA7,CUST-00129,MERCH-049,104402,EUR,SUCCESS,2026-09-23 00:20:58.020810
PAY-E51AEC96-2D1C,CUST-00993,MERCH-002,1508,USD,SUCCESS,2026-09-29 01:28:34.020810
PAY-007C9D10-7242,CUST-01134,MERCH-039,80976,USD,FAILED,2026-09-23 22:57:56.020810
PAY-AC61E5A1-9A91,CUST-01405,MERCH-044,67323,USD,FAILED,2026-09-25 22:26:18.020810
PAY-A0B1A2D8-6FE5,CUST-01146,MERCH-023,75008,USD,SUCCESS,2026-10-01 17:59:17.020810
PAY-CF74D12D-5404,CUST-00831,MERCH-018,133946,EUR,PENDING,2026-09-05 09:53:03.020810
PAY-982CD461-95C1,CUST-00397,MERCH-039,79737,USD,SUCCESS,2026-09-26 05:28:22.020810
PAY-F62670C3-D951,CUST-00231,MERCH-027,64078,USD,SUCCESS,2026-09-24 04:30:37.020810
PAY-D924DAF6-C208,CUST-00592,MERCH-030,90510,GBP,FAILED,2026-09-26 22:51:18.020810
PAY-45363CF3-AB11,CUST-00423,MERCH-026,141123,USD,SUCCESS,2026-09-29 23:42:59.020810
PAY-F9C6374F-868C,CUST-01093,MERCH-007,77299,GBP,SUCCESS,2026-09-20 05:52:44.020810
PAY-229CE089-9F4C,CUST-01197,MERCH-035,70026,EUR,SUCCESS,2026-09-03 02:45:36.020810
PAY-6BEE17C8-F8C0,CUST-00594,MERCH-021,44190,EUR,SUCCESS,2026-09-02 05:41:51.020810
PAY-47C82D93-4BC2,CUST-01358,MERCH-041,103915,GBP,SUCCESS,2026-09-26 17:56:27.020810
PAY-C9B478B3-FF93,CUST-00021,MERCH-021,31503,USD,FAILED,2026-09-10 01:18:19.020810
PAY-4BBBA846-79B3,CUST-00065,MERCH-011,37079,USD,SUCCESS,2026-09-21 02:26:37.020810
PAY-50FCE765-EB41,CUST-00940,MERCH-003,105413,USD,SUCCESS,2026-09-21 00:23:19.020810
PAY-D5B0EEBB-BA4F,CUST-00594,MERCH-036,16544,NGN,FAILED,2026-09-30 23:22:22.020810
PAY-AF2BE42A-CB95,CUST-00038,MERCH-035,71425,USD,FAILED,2026-09-10 10:54:20.020810
PAY-1498F10B-8FD4,CUST-01095,MERCH-017,136836,USD,PENDING,2026-09-19 03:57:15.020810
PAY-71F1FCAA-8BC6,CUST-00214,MERCH-050,642,USD,SUCCESS,2026-09-12 12:11:11.020810
PAY-55BEE2F5-571B,CUST-01140,MERCH-035,146132,USD,SUCCESS,2026-09-29 13:56:26.020810
PAY-4D1931A8-33F4,CUST-00390,MERCH-043,86976,USD,SUCCESS,2026-09-03 18:07:58.020810
PAY-95EC7659-9619,CUST-00989,MERCH-020,144958,GBP,SUCCESS,2026-09-28 00:20:06.020810
PAY-9DDF7779-B387,CUST-00486,MERCH-040,124684,NGN,SUCCESS,2026-09-30 15:25:16.020810
PAY-C73F4E84-8059,CUST-00537,MERCH-048,145552,EUR,PENDING,2026-09-06 21:40:25.020810
PAY-E6898B1E-4062,CUST-00712,MERCH-027,4319,EUR,PENDING,2026-09-13 05:48:21.020810
PAY-1D828CC4-2685,CUST-00306,MERCH-029,3835,GBP,SUCCESS,2026-09-19 17:55:19.020810
PAY-9A0DB0EF-6235,CUST-00097,MERCH-001,12538,EUR,SUCCESS,2026-09-12 02:11:01.020810
PAY-BBA7432C-6571,CUST-01392,MERCH-023,106221,USD,SUCCESS,2026-09-20 17:00:48.020810
PAY-D9CD421D-60F0,CUST-00209,MERCH-038,93794,EUR,SUCCESS,2026-09-30 17:05:38.020810
PAY-27C0A8F0-3DA3,CUST-01322,MERCH-014,94199,USD,SUCCESS,2026-09-02 14:19:55.020810
PAY-3F2B4BD9-CCCD,CUST-00794,MERCH-019,146765,NGN,SUCCESS,2026-09-06 11:18:37.020810
PAY-AC7DC897-CC2C,CUST-00535,MERCH-050,50722,USD,SUCCESS,2026-09-29 04:51:06.020810
PAY-C38E55A3-FBAD,CUST-00898,MERCH-035,113744,NGN,PENDING,2026-09-16 00:56:48.020810
PAY-4E8AB8C4-A587,CUST-00920,MERCH-037,132267,EUR,PENDING,2026-09-04 06:31:34.020810
PAY-F919651E-1A56,CUST-00983,MERCH-047,31515,USD,PENDING,2026-09-02 16:54:59.020810
PAY-6F63F2C5-F112,CUST-01088,MERCH-031,109144,USD,SUCCESS,2026-09-09 14:55:45.020810
PAY-70FC3CD1-088C,CUST-01317,MERCH-003,30121,USD,SUCCESS,2026-09-03 06:34:35.020810
PAY-D52A2026-2211,CUST-01293,MERCH-049,112626,GBP,SUCCESS,2026-09-11 15:55:13.020810
PAY-07888F61-E447,CUST-00763,MERCH-045,12979,NGN,SUCCESS,2026-09-07 17:21:03.020810
PAY-553B57F0-402C,CUST-00473,MERCH-018,79933,USD,SUCCESS,2026-09-16 02:37:14.020810
PAY-7C7BACBE-E604,CUST-00517,MERCH-009,11841,EUR,FAILED,2026-09-30 22:56:03.020810
PAY-ECF7A0C2-5463,CUST-00806,MERCH-031,90400,USD,SUCCESS,2026-09-15 01:43:31.020810
PAY-7933E885-73BE,CUST-00865,MERCH-036,98600,USD,SUCCESS,2026-09-21 05:14:14.020810
PAY-5B5CBBAB-799A,CUST-00338,MERCH-020,99545,NGN,SUCCESS,2026-09-03 15:11:08.020810
PAY-8BBD122D-ACF5,CUST-00291,MERCH-050,31126,GBP,SUCCESS,2026-09-07 21:02:42.020810
PAY-1621CDCD-913A,CUST-00663,MERCH-023,114844,USD,PENDING,2026-10-01 10:23:08.020810
PAY-BBF886C4-B247,CUST-00979,MERCH-009,112034,USD,SUCCESS,2026-09-17 01:41:21.020810
PAY-3BD1230E-DBD3,CUST-00366,MERCH-012,33237,USD,SUCCESS,2026-09-10 12:50:17.020810
PAY-F3F90014-93E2,CUST-01248,MERCH-001,62342,GBP,SUCCESS,2026-09-17 20:44:55.020810
PAY-BDF69161-230A,CUST-00442,MERCH-041,115732,NGN,SUCCESS,2026-09-16 01:46:07.020810
PAY-0F265F13-8781,CUST-00061,MERCH-017,81057,USD,SUCCESS,2026-09-25 23:27:21.020810
PAY-E3C6BE96-ED1C,CUST-00984,MERCH-025,142368,USD,PENDING,2026-09-16 11:52:48.020810
PAY-4DDAB94B-78F8,CUST-00591,MERCH-044,98113,EUR,SUCCESS,2026-09-17 13:38:09.020810
PAY-128BF35F-ECED,CUST-01224,MERCH-015,115076,GBP,FAILED,2026-09-30 22:09:10.020810
PAY-14736D9B-C399,CUST-00669,MERCH-011,61254,USD,FAILED,2026-09-06 10:29:31.020810
PAY-0C653734-EA0B,CUST-01095,MERCH-015,2100,USD,SUCCESS,2026-09-16 22:19:34.020810
PAY-FE40E3AA-2A60,CUST-01002,MERCH-006,75858,USD,SUCCESS,2026-09-08 10:01:01.020810
PAY-B021D0A5-D98F,CUST-00683,MERCH-047,57689,USD,SUCCESS,2026-09-18 15:17:18.020810
PAY-63BBF5B5-FE26,CUST-00209,MERCH-011,15273,USD,FAILED,2026-09-30 16:30:07.020810
PAY-FC355CFE-04DC,CUST-00007,MERCH-048,103886,NGN,FAILED,2026-09-13 20:27:22.020810
PAY-6E88C74A-2086,CUST-00262,MERCH-043,24461,USD,SUCCESS,2026-09-10 17:32:20.020810
PAY-4920E9B3-78C7,CUST-00140,MERCH-046,62583,USD,SUCCESS,2026-09-24 16:27:42.020810
PAY-A0DF1963-21BD,CUST-01311,MERCH-010,130170,USD,SUCCESS,2026-09-24 05:59:28.020810
PAY-9A7BCD38-7C1D,CUST-00322,MERCH-028,141027,EUR,SUCCESS,2026-09-14 21:34:44.020810
PAY-550216D4-4C1F,CUST-01316,MERCH-035,91334,USD,SUCCESS,2026-09-13 17:14:42.020810
PAY-2D3E3AB9-59D3,CUST-01139,MERCH-021,145765,EUR,SUCCESS,2026-09-17 08:26:58.020810
PAY-B900692B-3C54,CUST-00666,MERCH-011,80525,USD,SUCCESS,2026-09-10 13:00:23.020810
PAY-DE7405CA-D69C,CUST-00349,MERCH-044,37185,USD,SUCCESS,2026-09-18 13:37:51.020810
PAY-24C1DDFF-6A2B,CUST-01460,MERCH-021,106951,GBP,PENDING,2026-09-06 16:20:02.020810
PAY-F2FDE15E-68B4,CUST-00237,MERCH-033,128754,USD,SUCCESS,2026-09-17 15:58:45.020810
PAY-BDE7A52D-BDE2,CUST-00755,MERCH-040,118104,EUR,SUCCESS,2026-09-05 20:05:48.020810
PAY-1ACDF2A9-A5E4,CUST-00137,MERCH-004,14190,USD,SUCCESS,2026-09-18 01:38:43.020810
PAY-AC5CB2C2-FE90,CUST-01084,MERCH-041,95729,USD,FAILED,2026-09-04 01:08:25.020810
PAY-D2003024-0703,CUST-00632,MERCH-039,68218,GBP,SUCCESS,2026-09-06 06:14:52.020810
PAY-B83C0E23-34D5,CUST-00918,MERCH-030,71080,USD,SUCCESS,2026-09-16 16:10:13.020810
PAY-09B1678A-5AB2,CUST-00966,MERCH-015,56814,USD,PENDING,2026-09-19 12:45:11.020810
PAY-074653C5-272E,CUST-00731,MERCH-050,78504,EUR,SUCCESS,2026-09-08 14:38:16.020810
PAY-01B853A2-8070,CUST-00898,MERCH-034,29895,GBP,FAILED,2026-09-16 02:49:07.020810
PAY-CD935F38-A369,CUST-00945,MERCH-008,79216,GBP,SUCCESS,2026-09-19 01:26:06.020810
PAY-84D9467E-802A,CUST-01439,MERCH-037,52781,USD,SUCCESS,2026-09-24 01:30:11.020810
PAY-64790426-B82E,CUST-00533,MERCH-019,53760,USD,PENDING,2026-10-01 00:46:37.020810
PAY-717BBCA3-2757,CUST-00076,MERCH-022,128512,EUR,PENDING,2026-09-12 23:45:14.020810
PAY-A7AB6669-E9BA,CUST-01046,MERCH-035,58760,USD,PENDING,2026-09-03 05:28:32.020810
PAY-11F1EB23-A04C,CUST-00400,MERCH-008,57587,USD,PENDING,2026-09-27 11:30:43.020810
PAY-C1F212F9-EE4C,CUST-00863,MERCH-006,53201,USD,SUCCESS,2026-09-05 02:10:16.020810
PAY-3EF76622-1CDA,CUST-00491,MERCH-042,48267,GBP,SUCCESS,2026-09-27 01:23:34.020810
PAY-C6D858A4-8F01,CUST-00875,MERCH-003,124870,USD,PENDING,2026-09-26 15:51:20.020810
PAY-9ACA546D-AE16,CUST-01037,MERCH-035,146466,USD,SUCCESS,2026-09-10 06:10:36.020810
PAY-F025970D-514C,CUST-00140,MERCH-023,126307,USD,FAILED,2026-09-10 05:01:06.020810
PAY-D53FD667-47DE,CUST-01113,MERCH-031,3027,EUR,SUCCESS,2026-09-11 06:53:45.020810
PAY-BB11ABD8-45B8,CUST-00585,MERCH-036,48722,USD,SUCCESS,2026-09-22 20:45:49.020810
PAY-2547720E-6C67,CUST-00648,MERCH-044,82671,USD,SUCCESS,2026-09-04 19:07:08.020810
PAY-78686478-D666,CUST-00372,MERCH-008,80645,EUR,SUCCESS,2026-09-23 08:51:06.020810
PAY-03774B01-6DC7,CUST-00837,MERCH-021,86335,USD,SUCCESS,2026-09-12 02:00:44.020810
PAY-DA843CDB-FA13,CUST-01493,MERCH-015,134680,USD,SUCCESS,2026-09-25 04:29:47.020810
PAY-C94F9FBD-056A,CUST-00103,MERCH-007,148486,USD,SUCCESS,2026-09-26 14:34:44.020810
PAY-984736BC-9EB2,CUST-00220,MERCH-023,125900,EUR,FAILED,2026-09-22 09:11:01.020810
PAY-675072E3-17C8,CUST-00386,MERCH-019,100512,USD,SUCCESS,2026-09-15 07:30:05.020810
PAY-7462FC04-9A77,CUST-01017,MERCH-006,116549,USD,SUCCESS,2026-09-25 00:29:18.020810
PAY-9D4C35E9-1D16,CUST-00776,MERCH-011,104699,NGN,SUCCESS,2026-09-30 12:29:29.020810
PAY-96CD4F55-8035,CUST-01206,MERCH-005,59347,USD,SUCCESS,2026-09-16 19:49:23.020810
PAY-588AA829-7825,CUST-00430,MERCH-026,67858,EUR,SUCCESS,2026-09-08 09:17:06.020810
PAY-4C5C5F90-EFD5,CUST-00771,MERCH-041,69179,EUR,PENDING,2026-09-22 15:11:26.020810
PAY-193DDCF2-FF37,CUST-00700,MERCH-004,8100,USD,SUCCESS,2026-10-01 08:24:58.020810
PAY-4FEFE0F1-7B3B,CUST-01413,MERCH-003,13141,USD,SUCCESS,2026-09-07 04:52:23.020810
PAY-CF9E1A33-1891,CUST-01091,MERCH-039,89703,EUR,SUCCESS,2026-09-28 15:46:05.020810
PAY-77DAEAEF-9842,CUST-00983,MERCH-015,4946,EUR,SUCCESS,2026-09-29 18:57:23.020810
PAY-FC2F4266-2A8D,CUST-01089,MERCH-015,43419,GBP,SUCCESS,2026-09-18 06:45:46.020810
PAY-20ECA81C-F4AC,CUST-00195,MERCH-046,142137,GBP,SUCCESS,2026-09-05 21:12:17.020810
PAY-7F6057C1-7355,CUST-01218,MERCH-027,76655,EUR,PENDING,2026-09-27 02:26:35.020810
PAY-408F21DF-6FC9,CUST-00589,MERCH-011,102700,USD,FAILED,2026-09-16 01:40:05.020810
PAY-1D9D1DE3-D861,CUST-00568,MERCH-048,135950,EUR,SUCCESS,2026-09-26 17:44:34.020810
PAY-46AAD605-D600,CUST-00610,MERCH-040,120515,USD,SUCCESS,2026-10-01 14:48:06.020810
PAY-75D04C30-D9DB,CUST-01194,MERCH-024,45247,NGN,FAILED,2026-09-23 00:32:41.020810
PAY-6EA8918B-8852,CUST-01150,MERCH-024,86638,USD,SUCCESS,2026-09-25 13:24:23.020810
PAY-B0181F06-7F51,CUST-01301,MERCH-046,91864,USD,SUCCESS,2026-09-29 11:28:16.020810
PAY-F78D00A0-E505,CUST-01065,MERCH-009,29640,USD,SUCCESS,2026-09-26 22:04:08.020810
PAY-5AEDC1A8-CCE0,CUST-01214,MERCH-004,38106,USD,SUCCESS,2026-09-10 10:54:57.020810
PAY-A9B86AEF-8185,CUST-00147,MERCH-029,121809,GBP,PENDING,2026-09-30 02:22:30.020810
PAY-D9493ED6-EDE2,CUST-01498,MERCH-035,19893,GBP,FAILED,2026-10-01 07:57:48.020810
PAY-ADE0C98B-C317,CUST-00282,MERCH-020,142175,USD,SUCCESS,2026-09-27 10:18:23.020810
PAY-6270AB2B-C6D6,CUST-00385,MERCH-041,118950,USD,FAILED,2026-10-01 07:04:12.020810
PAY-C8ECA115-29B8,CUST-00168,MERCH-030,86526,NGN,FAILED,2026-09-02 10:57:17.020810
PAY-1CD71C46-A2D2,CUST-01190,MERCH-034,69363,GBP,SUCCESS,2026-09-16 06:50:27.020810
PAY-85B5D08D-4D86,CUST-00674,MERCH-007,54530,USD,SUCCESS,2026-09-14 15:57:31.020810
PAY-7BFDE22E-F79B,CUST-00872,MERCH-032,137620,USD,SUCCESS,2026-09-09 12:27:35.020810
PAY-C25EA284-6945,CUST-00802,MERCH-034,22257,EUR,SUCCESS,2026-09-06 20:18:16.020810
PAY-9B4DFC6B-A671,CUST-00374,MERCH-047,8281,USD,SUCCESS,2026-09-12 07:45:26.020810
PAY-E1BEB04E-A76D,CUST-00430,MERCH-034,90079,USD,SUCCESS,2026-09-26 03:58:08.020810
PAY-0EE89209-F794,CUST-00890,MERCH-035,21973,USD,SUCCESS,2026-09-07 07:06:00.020810
PAY-1BDB950D-E751,CUST-01184,MERCH-016,129392,GBP,SUCCESS,2026-10-01 08:36:23.020810
PAY-7594BC4C-C921,CUST-01104,MERCH-006,88727,EUR,PENDING,2026-09-15 02:42:29.020810
PAY-3783488A-AD30,CUST-01181,MERCH-001,44258,GBP,PENDING,2026-09-02 20:35:46.020810
PAY-3F216456-9E52,CUST-00216,MERCH-029,12819,USD,SUCCESS,2026-09-24 11:27:44.020810
PAY-8B529FCA-7E2D,CUST-00759,MERCH-021,147372,USD,SUCCESS,2026-09-08 22:23:54.020810
PAY-D3BBC2A7-5FF2,CUST-00871,MERCH-028,54954,NGN,SUCCESS,2026-09-30 03:59:58.020810
PAY-A91ABE06-9AFC,CUST-00453,MERCH-024,82572,USD,SUCCESS,2026-09-06 02:23:04.020810
PAY-D3D9F15E-60E1,CUST-01034,MERCH-035,122312,USD,SUCCESS,2026-09-02 18:16:12.020810
PAY-346307CC-93BA,CUST-00025,MERCH-050,51659,EUR,PENDING,2026-09-17 05:10:24.020810
PAY-3BACD131-B640,CUST-00260,MERCH-044,5736,NGN,SUCCESS,2026-09-20 21:53:27.020810
PAY-8F47B03C-DE71,CUST-00249,MERCH-008,63711,USD,SUCCESS,2026-09-29 16:53:55.020810
PAY-D33D7E79-15E6,CUST-01198,MERCH-006,65674,USD,PENDING,2026-09-02 06:20:55.020810
PAY-4E4FDA27-8500,CUST-01091,MERCH-009,124837,USD,FAILED,2026-09-29 14:22:22.020810
PAY-1095F730-AABC,CUST-00630,MERCH-009,92135,USD,SUCCESS,2026-09-17 01:21:58.020810
PAY-2946957E-FFF0,CUST-00249,MERCH-016,11578,USD,SUCCESS,2026-09-22 11:12:23.020810
PAY-9694DF01-07DE,CUST-01176,MERCH-004,86506,EUR,SUCCESS,2026-09-27 12:59:20.020810
PAY-213FF4EB-FB75,CUST-01096,MERCH-007,32748,EUR,FAILED,2026-09-26 03:23:57.020810
PAY-CF7E03DF-E886,CUST-00088,MERCH-019,16489,USD,FAILED,2026-09-17 16:02:09.020810
PAY-6841B4F7-EA4F,CUST-00278,MERCH-020,121358,USD,SUCCESS,2026-09-12 01:23:43.020810
PAY-85AA0B3C-C492,CUST-00424,MERCH-026,90481,GBP,PENDING,2026-09-05 03:22:21.020810
PAY-DA19FA1D-6A1A,CUST-01428,MERCH-034,54407,USD,SUCCESS,2026-09-25 20:17:35.020810
PAY-FC393250-88FB,CUST-00777,MERCH-049,37163,USD,SUCCESS,2026-09-21 06:37:16.020810
PAY-1583A40B-A75E,CUST-00901,MERCH-006,91904,EUR,PENDING,2026-09-12 07:03:09.020810
PAY-36867F58-3B0C,CUST-01044,MERCH-047,105604,USD,SUCCESS,2026-09-30 20:45:23.020810
PAY-021C4DBC-6C68,CUST-01164,MERCH-016,93097,USD,SUCCESS,2026-09-11 21:40:36.020810
PAY-3E0CEF22-218E,CUST-00496,MERCH-040,2364,USD,SUCCESS,2026-09-04 16:30:28.020810
PAY-26597F80-6151,CUST-01284,MERCH-022,84846,EUR,SUCCESS,2026-09-28 04:38:26.020810
PAY-3DB357B7-3EF3,CUST-00882,MERCH-006,77019,USD,FAILED,2026-09-19 13:26:53.020810
PAY-4D63F474-5F76,CUST-00923,MERCH-043,23030,USD,SUCCESS,2026-09-13 17:09:47.020810
PAY-D989AA07-BEE3,CUST-01333,MERCH-022,98954,EUR,SUCCESS,2026-09-20 11:43:12.020810
PAY-8B8B018B-F3AF,CUST-00491,MERCH-038,149423,USD,SUCCESS,2026-09-25 09:59:13.020810
PAY-4D29A0E1-5D60,CUST-00381,MERCH-023,30827,GBP,FAILED,2026-09-18 14:08:44.020810
PAY-4536D904-08B0,CUST-00208,MERCH-025,65013,USD,SUCCESS,2026-09-15 20:16:18.020810
PAY-2247AC8E-B1C2,CUST-00805,MERCH-044,11664,USD,SUCCESS,2026-10-01 12:54:18.020810
PAY-D4012ED8-0506,CUST-01352,MERCH-009,63410,USD,SUCCESS,2026-09-26 10:07:17.020810
PAY-A2B48822-4084,CUST-00966,MERCH-032,120282,USD,FAILED,2026-09-10 13:53:57.020810
PAY-56C45FA0-7749,CUST-00058,MERCH-011,111078,USD,FAILED,2026-09-28 04:48:53.020810
PAY-9003BC28-7877,CUST-01332,MERCH-025,1728,EUR,SUCCESS,2026-09-21 15:42:41.020810
PAY-DF03C1FE-3AA2,CUST-00703,MERCH-016,46922,EUR,FAILED,2026-09-16 01:52:24.020810
PAY-CE322C74-5AA6,CUST-01068,MERCH-006,67317,USD,SUCCESS,2026-09-20 02:15:21.020810
PAY-C12E2851-EF8F,CUST-00526,MERCH-005,20565,USD,PENDING,2026-09-21 18:26:55.020810
PAY-0E2FD402-9163,CUST-00072,MERCH-007,85258,EUR,SUCCESS,2026-09-24 04:15:30.020810
PAY-4BAC0EE4-ED5B,CUST-01300,MERCH-014,140855,EUR,SUCCESS,2026-09-18 00:13:01.020810
PAY-14ECCF30-7C80,CUST-01301,MERCH-020,70125,USD,FAILED,2026-09-21 15:24:11.020810
PAY-6E55E461-E2D7,CUST-00088,MERCH-024,10323,USD,FAILED,2026-09-07 19:10:25.020810
PAY-98E0734C-5462,CUST-00387,MERCH-043,143856,EUR,SUCCESS,2026-09-28 22:53:25.020810
PAY-DD5BE747-8CAF,CUST-00003,MERCH-009,56597,USD,FAILED,2026-09-25 13:33:56.020810
PAY-9A679E63-0F6A,CUST-00017,MERCH-017,128060,NGN,SUCCESS,2026-09-08 16:27:35.020810
PAY-4593A687-1971,CUST-00860,MERCH-014,35711,USD,SUCCESS,2026-09-22 06:06:48.020810
PAY-4251D8C6-6A61,CUST-01043,MERCH-007,68438,GBP,FAILED,2026-09-14 12:57:15.020810
PAY-038823CC-B6AB,CUST-01386,MERCH-018,30924,USD,PENDING,2026-09-23 18:18:33.020810
PAY-8D2374F5-3DC2,CUST-01084,MERCH-049,60771,USD,FAILED,2026-09-29 20:47:17.020810
PAY-B6AEED78-CBDA,CUST-01213,MERCH-021,6164,USD,SUCCESS,2026-09-12 00:30:24.020810
PAY-40973E85-A219,CUST-01179,MERCH-027,12271,USD,SUCCESS,2026-09-29 16:16:08.020810
PAY-8CF853D2-79CB,CUST-00857,MERCH-032,68690,EUR,SUCCESS,2026-09-21 06:42:30.020810
PAY-1E7C1AA5-075D,CUST-01424,MERCH-049,1442,USD,SUCCESS,2026-10-01 05:10:41.020810
PAY-B1EF7B6E-927A,CUST-01167,MERCH-012,133054,USD,FAILED,2026-09-10 03:54:20.020810
PAY-B9152284-8862,CUST-01099,MERCH-049,133969,EUR,SUCCESS,2026-09-15 06:20:24.020810
PAY-E5935908-0551,CUST-00931,MERCH-049,84360,USD,SUCCESS,2026-09-14 20:19:25.020810
PAY-A5D03FAE-5AB2,CUST-00719,MERCH-008,86653,NGN,PENDING,2026-09-13 06:28:00.020810
PAY-4A1E6A36-CCDA,CUST-01102,MERCH-048,36095,EUR,PENDING,2026-09-23 18:45:35.020810
PAY-432D4325-93C8,CUST-01006,MERCH-008,70199,GBP,FAILED,2026-09-23 18:34:17.020810
PAY-420BDA21-9DDC,CUST-00403,MERCH-002,145412,USD,SUCCESS,2026-09-22 09:08:23.020810
PAY-C7C5445C-C609,CUST-01147,MERCH-008,101097,USD,SUCCESS,2026-09-06 21:17:30.020810
PAY-90010440-5DEC,CUST-00555,MERCH-050,53740,EUR,SUCCESS,2026-09-03 11:06:09.020810
PAY-736AD016-9F8D,CUST-00625,MERCH-014,132588,USD,SUCCESS,2026-09-30 10:20:42.020810
PAY-07FBE920-841F,CUST-01071,MERCH-005,129846,USD,SUCCESS,2026-09-26 09:11:17.020810
PAY-96FEAA6B-C890,CUST-00421,MERCH-036,116678,NGN,FAILED,2026-09-24 13:39:22.020810
PAY-F2B6473C-F638,CUST-01336,MERCH-048,134709,EUR,SUCCESS,2026-09-19 04:37:27.020810
PAY-3ABB7C67-3D8B,CUST-00456,MERCH-047,56716,USD,SUCCESS,2026-09-13 02:51:46.020810
PAY-06596B02-E7A3,CUST-00829,MERCH-019,118335,GBP,SUCCESS,2026-09-24 19:29:06.020810
PAY-73C6ACD2-585B,CUST-00029,MERCH-017,61461,USD,FAILED,2026-09-06 08:03:00.020810
PAY-30C2F94F-8A1F,CUST-01470,MERCH-001,3765,USD,SUCCESS,2026-10-01 03:07:00.020810
PAY-6D74CF26-93A8,CUST-01276,MERCH-008,51094,USD,SUCCESS,2026-09-18 16:55:46.020810
PAY-EB0AA64E-970C,CUST-01050,MERCH-041,6579,USD,SUCCESS,2026-09-22 02:30:50.020810
PAY-A4C36C7D-5BB0,CUST-00382,MERCH-035,104282,EUR,FAILED,2026-09-07 22:59:27.020810
PAY-8860CE80-9A38,CUST-00273,MERCH-023,44241,USD,PENDING,2026-09-14 14:21:51.020810
PAY-D4BF7C67-CB8E,CUST-00081,MERCH-017,45165,USD,SUCCESS,2026-09-05 01:12:25.020810
PAY-7D3920FA-5D33,CUST-00477,MERCH-006,9635,USD,SUCCESS,2026-10-01 10:18:20.020810
PAY-9DC616F3-13B6,CUST-01484,MERCH-042,118519,USD,SUCCESS,2026-09-19 01:04:36.020810
PAY-47351FF4-5766,CUST-00946,MERCH-009,70893,GBP,SUCCESS,2026-09-02 02:43:21.020810
PAY-BD120450-96ED,CUST-00573,MERCH-005,15336,EUR,PENDING,2026-09-02 17:07:12.020810
PAY-E1078F4A-B69A,CUST-01449,MERCH-045,71832,USD,SUCCESS,2026-09-25 18:36:50.020810
PAY-211F2C32-B62A,CUST-00205,MERCH-037,42327,EUR,SUCCESS,2026-09-12 04:47:26.020810
PAY-9E25E215-347D,CUST-00555,MERCH-024,144898,USD,SUCCESS,2026-09-13 10:02:30.020810
PAY-720C6542-B702,CUST-01318,MERCH-005,127042,USD,SUCCESS,2026-09-04 15:30:36.020810
PAY-71D0CBC5-D524,CUST-01464,MERCH-040,26397,USD,PENDING,2026-09-16 18:51:42.020810
PAY-1062D135-4F86,CUST-01300,MERCH-010,73126,GBP,SUCCESS,2026-09-08 18:11:38.020810
PAY-7C1F7E4D-61A3,CUST-01115,MERCH-030,146781,EUR,PENDING,2026-09-03 03:00:03.020810
PAY-92B63249-F215,CUST-00973,MERCH-010,67545,USD,SUCCESS,2026-09-20 16:18:40.020810
PAY-664056F8-19FA,CUST-01177,MERCH-027,48559,USD,FAILED,2026-09-11 16:40:02.020810
PAY-AE66A0F5-2EB3,CUST-00364,MERCH-024,130525,USD,PENDING,2026-09-05 13:13:02.020810
PAY-47A0A16E-5EFA,CUST-00612,MERCH-010,76420,USD,SUCCESS,2026-09-10 18:20:23.020810
PAY-9C6B86B6-DCF5,CUST-00029,MERCH-017,45691,USD,SUCCESS,2026-09-12 03:30:04.020810
PAY-2045CC44-69B6,CUST-00859,MERCH-007,140372,GBP,PENDING,2026-09-06 23:52:58.020810
PAY-1B3E6903-4AC9,CUST-01274,MERCH-004,50941,USD,PENDING,2026-09-03 11:29:18.020810
PAY-224D646E-3B90,CUST-00626,MERCH-025,113646,GBP,SUCCESS,2026-09-27 06:50:21.020810
PAY-49AF855C-EFCB,CUST-00204,MERCH-045,56890,EUR,SUCCESS,2026-09-20 06:39:00.020810
PAY-41F44E1C-E174,CUST-00103,MERCH-031,39640,USD,SUCCESS,2026-09-02 08:10:15.020810
PAY-262E2DF1-6A80,CUST-01119,MERCH-026,45021,EUR,SUCCESS,2026-09-23 12:54:24.020810
PAY-AB6DD4B0-C6B5,CUST-00115,MERCH-010,8835,GBP,FAILED,2026-09-03 11:08:28.020810
PAY-A27A676D-552A,CUST-01218,MERCH-022,102978,USD,SUCCESS,2026-09-13 05:40:12.020810
PAY-486B04D7-D263,CUST-00849,MERCH-047,18870,USD,SUCCESS,2026-09-08 08:06:31.020810
PAY-B87B2DE6-C1E1,CUST-01170,MERCH-024,107787,USD,SUCCESS,2026-09-11 07:14:21.020810
PAY-2AD76280-8B23,CUST-01114,MERCH-038,3115,USD,SUCCESS,2026-09-03 06:30:53.020810
PAY-9117625A-5ED2,CUST-00695,MERCH-030,82548,USD,SUCCESS,2026-09-24 20:32:00.020810
PAY-978CDB24-856A,CUST-00062,MERCH-004,130243,GBP,PENDING,2026-09-06 09:46:56.020810
PAY-4A98292B-C6D4,CUST-00499,MERCH-009,148109,USD,SUCCESS,2026-09-17 22:47:28.020810
PAY-7CDAC846-1CEC,CUST-00026,MERCH-002,57172,USD,SUCCESS,2026-09-24 03:45:17.020810
PAY-FC9F06F9-995D,CUST-01261,MERCH-030,50178,USD,SUCCESS,2026-09-06 02:26:13.020810
PAY-B32082EA-31C6,CUST-00071,MERCH-042,45500,NGN,SUCCESS,2026-09-23 16:11:33.020810
PAY-F69D3F08-F7A6,CUST-00329,MERCH-006,54028,GBP,SUCCESS,2026-09-07 01:22:04.020810
PAY-63B424A0-2D21,CUST-01108,MERCH-025,11315,USD,SUCCESS,2026-09-29 06:03:41.020810
PAY-F1B133C0-E771,CUST-01044,MERCH-031,102696,USD,SUCCESS,2026-09-05 10:14:12.020810
PAY-FB540791-5F3E,CUST-01016,MERCH-010,31944,USD,SUCCESS,2026-09-10 18:28:28.020810
PAY-F6779D2E-C67D,CUST-00052,MERCH-017,73724,USD,SUCCESS,2026-09-17 02:36:21.020810
PAY-0EEA4146-6E5E,CUST-00835,MERCH-008,29587,NGN,SUCCESS,2026-09-25 20:02:49.020810
PAY-F3AF887A-2A4F,CUST-01167,MERCH-011,18431,USD,SUCCESS,2026-09-28 07:40:32.020810
PAY-F2151632-44BC,CUST-00971,MERCH-001,67827,GBP,SUCCESS,2026-09-23 20:03:26.020810
PAY-1BD42D7B-65AC,CUST-00628,MERCH-016,14601,USD,SUCCESS,2026-09-21 12:27:10.020810
PAY-391430F0-A5A1,CUST-00297,MERCH-015,77343,USD,SUCCESS,2026-09-16 09:30:13.020810
PAY-D2EAC82D-4BD5,CUST-00270,MERCH-012,38307,NGN,PENDING,2026-09-19 06:15:26.020810
PAY-0E696CB2-7B72,CUST-00191,MERCH-042,4536,USD,SUCCESS,2026-09-21 01:05:31.020810
PAY-A62FB348-4AA9,CUST-00296,MERCH-022,56775,USD,SUCCESS,2026-09-10 13:10:07.020810
PAY-002F5854-F675,CUST-01204,MERCH-018,37702,GBP,SUCCESS,2026-09-05 18:03:23.020810
PAY-5B2A174F-EB4E,CUST-01361,MERCH-047,71697,USD,SUCCESS,2026-09-02 14:01:04.020810
PAY-64404F82-49E5,CUST-00625,MERCH-048,124876,GBP,SUCCESS,2026-09-23 09:54:32.020810
PAY-EE2337E1-2138,CUST-00370,MERCH-025,6425,USD,SUCCESS,2026-10-01 17:04:33.020810
PAY-5C390697-09A2,CUST-00427,MERCH-044,110775,USD,PENDING,2026-09-10 14:58:19.020810
PAY-2EAB046A-D9F9,CUST-01314,MERCH-041,83286,USD,SUCCESS,2026-09-18 21:36:29.020810
PAY-FEAB0314-5D7A,CUST-00194,MERCH-015,123792,USD,FAILED,2026-09-08 02:17:33.020810
PAY-EDFD522C-7E92,CUST-00838,MERCH-006,79171,USD,SUCCESS,2026-09-24 08:40:33.020810
PAY-72087C7C-D863,CUST-01475,MERCH-036,35610,USD,SUCCESS,2026-09-02 22:16:36.020810
PAY-B6542B88-236C,CUST-00554,MERCH-023,142070,EUR,PENDING,2026-09-19 04:33:40.020810
PAY-9415B3CA-9FFE,CUST-00719,MERCH-008,10213,USD,SUCCESS,2026-09-20 07:33:42.020810
PAY-519EE832-ED6A,CUST-00270,MERCH-007,29451,NGN,SUCCESS,2026-09-06 22:02:24.020810
PAY-8A94B656-3A14,CUST-00655,MERCH-035,24333,EUR,SUCCESS,2026-09-29 23:37:12.020810
PAY-98ACBB26-ED41,CUST-00350,MERCH-028,106564,USD,SUCCESS,2026-09-27 23:54:37.020810
PAY-6121AA35-0CB3,CUST-01440,MERCH-019,140972,GBP,FAILED,2026-10-01 04:59:22.020810
PAY-5EDA7B70-498F,CUST-00848,MERCH-017,146252,USD,SUCCESS,2026-09-25 00:13:50.020810
PAY-B95E897B-C1B5,CUST-00877,MERCH-033,33766,USD,SUCCESS,2026-09-22 05:02:31.020810
PAY-8D2BE273-6D88,CUST-00439,MERCH-030,15910,USD,SUCCESS,2026-09-20 04:11:16.020810
PAY-E62E854B-BA04,CUST-00020,MERCH-033,71078,NGN,FAILED,2026-09-27 06:27:53.020810
PAY-EAADA5F8-668D,CUST-00639,MERCH-030,6695,EUR,SUCCESS,2026-09-14 07:44:07.020810
PAY-1528BF85-31E8,CUST-01047,MERCH-048,115403,USD,PENDING,2026-09-12 23:00:02.020810
PAY-5472F5E6-15AA,CUST-01347,MERCH-036,148494,USD,SUCCESS,2026-09-06 01:22:59.020810
PAY-9284DEE8-6982,CUST-00225,MERCH-037,129132,USD,PENDING,2026-09-03 08:05:23.020810
PAY-71E71148-F62B,CUST-00598,MERCH-040,34743,GBP,SUCCESS,2026-09-29 07:05:21.020810
PAY-63B395D4-96CD,CUST-00176,MERCH-028,11932,GBP,SUCCESS,2026-09-16 08:37:11.020810
PAY-896B47D8-27DB,CUST-00104,MERCH-026,139196,USD,FAILED,2026-09-29 11:46:51.020810
PAY-2929434D-D63F,CUST-00413,MERCH-026,34017,GBP,SUCCESS,2026-10-01 06:28:47.020810
PAY-B10C065A-DD24,CUST-00405,MERCH-021,73533,USD,FAILED,2026-09-12 22:41:51.020810
PAY-625DFD95-65EB,CUST-01107,MERCH-018,115069,GBP,PENDING,2026-09-26 12:13:21.020810
PAY-D084F0DB-A589,CUST-00554,MERCH-029,132665,USD,PENDING,2026-09-03 15:42:49.020810
PAY-5AC54A73-FFB7,CUST-00324,MERCH-008,138855,NGN,SUCCESS,2026-09-12 15:10:17.020810
PAY-12C6A769-9D81,CUST-00841,MERCH-021,113665,GBP,SUCCESS,2026-09-15 01:47:52.020810
PAY-7F4C622B-5C44,CUST-00384,MERCH-010,44585,USD,SUCCESS,2026-09-02 05:31:30.020810
PAY-5F4A504E-694F,CUST-00136,MERCH-011,129387,USD,SUCCESS,2026-09-11 10:23:39.020810
PAY-01746507-2B37,CUST-01406,MERCH-048,4312,GBP,SUCCESS,2026-09-08 23:04:16.020810
PAY-F0395B33-120A,CUST-00736,MERCH-022,55061,USD,PENDING,2026-09-01 19:55:36.020810
PAY-F6B4C014-D57C,CUST-00447,MERCH-001,5905,USD,SUCCESS,2026-09-04 17:12:49.020810
PAY-301CF87C-08B8,CUST-00038,MERCH-036,99302,USD,SUCCESS,2026-09-26 22:51:58.020810
PAY-3C61A01B-79CD,CUST-00510,MERCH-019,119365,EUR,FAILED,2026-09-21 08:04:35.020810
PAY-08DC740C-73E8,CUST-00491,MERCH-038,1765,USD,FAILED,2026-09-07 03:46:58.020810
PAY-E3ADE85B-73A0,CUST-00007,MERCH-034,149431,USD,SUCCESS,2026-09-27 01:18:26.020810
PAY-C24A9B0C-41DF,CUST-00185,MERCH-008,31724,EUR,FAILED,2026-09-13 23:56:05.020810
PAY-5CCC3C96-09B3,CUST-00832,MERCH-001,24707,USD,SUCCESS,2026-09-02 21:09:14.020810
PAY-57270670-C8AF,CUST-00788,MERCH-037,62129,USD,SUCCESS,2026-09-09 03:35:45.020810
PAY-5E7B7302-EB5B,CUST-00285,MERCH-044,53332,USD,SUCCESS,2026-09-25 18:17:33.020810
PAY-D9043BE6-27CB,CUST-00936,MERCH-048,139942,USD,FAILED,2026-09-30 00:14:15.020810
PAY-CFF3A933-DFDD,CUST-01183,MERCH-047,12225,USD,SUCCESS,2026-09-24 01:55:58.020810
PAY-F02EE900-E206,CUST-00796,MERCH-001,88800,USD,SUCCESS,2026-09-28 01:24:24.020810
PAY-1A6966F5-46B0,CUST-00615,MERCH-035,144053,GBP,SUCCESS,2026-09-05 17:57:40.020810
PAY-A0C11235-D088,CUST-00871,MERCH-031,102345,USD,FAILED,2026-09-14 06:47:52.020810
PAY-DB1ED7FE-C2B1,CUST-00502,MERCH-003,6544,EUR,SUCCESS,2026-09-04 05:12:59.020810
PAY-B5353BDC-0C10,CUST-01223,MERCH-038,73200,USD,FAILED,2026-09-26 18:16:03.020810
PAY-529CA644-FEEF,CUST-01402,MERCH-015,114417,NGN,PENDING,2026-09-13 20:20:41.020810
PAY-CD8FB4C4-7DE1,CUST-00244,MERCH-007,117329,USD,PENDING,2026-09-13 14:50:33.020810
PAY-F13CBC48-09EB,CUST-00169,MERCH-007,22824,USD,SUCCESS,2026-09-27 03:59:09.020810
PAY-8443EA0F-3A8E,CUST-00652,MERCH-006,146067,GBP,SUCCESS,2026-10-01 02:03:07.020810
PAY-2BD827D1-63FC,CUST-01323,MERCH-024,86935,USD,SUCCESS,2026-09-14 08:06:30.020810
PAY-F705C819-41BA,CUST-01027,MERCH-010,81514,USD,FAILED,2026-09-29 14:10:11.020810
PAY-F68D6018-0B07,CUST-00308,MERCH-002,68598,EUR,SUCCESS,2026-09-10 22:31:22.020810
PAY-2576A05F-BA41,CUST-01362,MERCH-001,95663,USD,PENDING,2026-09-05 01:53:54.020810
PAY-E4ADFFCE-C730,CUST-00417,MERCH-021,73306,GBP,SUCCESS,2026-09-13 08:50:53.020810
PAY-4697AA53-1280,CUST-00846,MERCH-027,117541,NGN,FAILED,2026-09-03 05:06:35.020810
PAY-B331D353-263D,CUST-00659,MERCH-025,66136,USD,SUCCESS,2026-09-29 15:49:40.020810
PAY-CBF7A35F-D4CF,CUST-00581,MERCH-038,106516,USD,FAILED,2026-09-15 00:39:10.020810
PAY-3B9E5D52-26AD,CUST-00885,MERCH-029,14568,USD,SUCCESS,2026-09-08 22:56:15.020810
PAY-01D99DB0-A0BB,CUST-00196,MERCH-004,36662,USD,PENDING,2026-09-28 11:36:44.020810
PAY-3F528B01-83BE,CUST-00547,MERCH-042,37011,USD,PENDING,2026-09-02 12:52:09.020810
PAY-72ED7C69-FD6C,CUST-01447,MERCH-050,24512,NGN,SUCCESS,2026-09-27 22:15:30.020810
PAY-7C57E5AA-AC1A,CUST-01411,MERCH-033,36616,USD,SUCCESS,2026-09-09 03:31:31.020810
PAY-B1786209-E3F5,CUST-01337,MERCH-015,117609,NGN,SUCCESS,2026-09-26 16:16:26.020810
PAY-AC657347-3C64,CUST-01222,MERCH-050,795,USD,SUCCESS,2026-09-15 18:53:01.020810
PAY-F01064BD-0029,CUST-00306,MERCH-026,9329,USD,PENDING,2026-09-08 14:09:46.020810
PAY-9090988C-E248,CUST-01088,MERCH-023,18857,EUR,PENDING,2026-09-26 01:39:42.020810
PAY-F287B83A-029F,CUST-01018,MERCH-017,36136,USD,SUCCESS,2026-09-17 12:33:56.020810
PAY-3B3CD53E-A33B,CUST-00958,MERCH-015,51002,NGN,SUCCESS,2026-09-19 03:53:11.020810
PAY-26D1ECDD-CF38,CUST-00843,MERCH-020,58766,NGN,SUCCESS,2026-09-09 12:20:08.020810
PAY-F2764A6C-D998,CUST-00706,MERCH-030,2707,USD,SUCCESS,2026-09-02 14:27:34.020810
PAY-9B2850BA-5C0C,CUST-00604,MERCH-006,25325,NGN,PENDING,2026-09-09 11:59:14.020810
PAY-68C598DD-2B74,CUST-01147,MERCH-009,87535,USD,SUCCESS,2026-09-28 12:55:18.020810
PAY-CA51D147-9383,CUST-00220,MERCH-036,110252,USD,SUCCESS,2026-09-07 09:34:05.020810
PAY-0AD3862C-B20D,CUST-00143,MERCH-041,86316,EUR,SUCCESS,2026-09-10 08:02:56.020810
PAY-3AF82A8F-5521,CUST-00709,MERCH-037,75699,NGN,SUCCESS,2026-09-02 15:02:40.020810
PAY-7DFA6D4E-98DA,CUST-01364,MERCH-026,8811,GBP,SUCCESS,2026-09-07 07:30:08.020810
PAY-C646430E-E70A,CUST-00125,MERCH-030,45822,USD,PENDING,2026-09-30 23:07:23.020810
PAY-B2C8C0FC-A9DF,CUST-00449,MERCH-004,112296,USD,PENDING,2026-09-14 14:21:29.020810
PAY-6588ACCA-1BA3,CUST-00837,MERCH-002,22848,NGN,SUCCESS,2026-09-04 08:51:05.020810
PAY-A8454095-1C2D,CUST-00262,MERCH-036,137436,USD,SUCCESS,2026-09-13 12:29:39.020810
PAY-35265F32-2433,CUST-00294,MERCH-030,8265,USD,SUCCESS,2026-09-05 23:09:50.020810
PAY-9F51160C-58D0,CUST-00184,MERCH-047,53060,USD,SUCCESS,2026-09-10 06:59:26.020810
PAY-16FF5D39-45FC,CUST-00261,MERCH-037,18494,USD,SUCCESS,2026-09-22 11:55:59.020810
PAY-C87E820E-5D3B,CUST-00719,MERCH-006,8197,USD,SUCCESS,2026-09-07 19:56:06.020810
PAY-80A56CB7-9904,CUST-01342,MERCH-017,98610,USD,SUCCESS,2026-09-27 14:25:31.020810
PAY-9C184AB3-F089,CUST-00024,MERCH-032,114591,USD,SUCCESS,2026-09-22 14:27:30.020810
PAY-2C770868-95E0,CUST-00666,MERCH-015,82303,EUR,FAILED,2026-09-14 07:25:19.020810
PAY-10774E2F-CD47,CUST-00782,MERCH-047,80574,USD,SUCCESS,2026-09-03 23:47:19.020810
PAY-12EA4915-E8CB,CUST-01342,MERCH-012,115792,NGN,FAILED,2026-09-08 18:20:36.020810
PAY-BE653CE0-69C6,CUST-00859,MERCH-015,100853,USD,SUCCESS,2026-09-16 07:32:11.020810
PAY-14D539EF-C208,CUST-00052,MERCH-007,87766,USD,SUCCESS,2026-09-06 00:50:57.020810
PAY-82F59BD9-EE0D,CUST-00485,MERCH-001,131367,NGN,SUCCESS,2026-09-19 12:33:16.020810
PAY-0087B5EF-3AD1,CUST-01473,MERCH-048,81535,NGN,SUCCESS,2026-09-11 16:59:02.020810
PAY-27D56F00-C726,CUST-01008,MERCH-010,62071,NGN,SUCCESS,2026-09-14 08:29:55.020810
PAY-08D3A4AF-0B91,CUST-00717,MERCH-036,22277,USD,SUCCESS,2026-09-22 05:41:18.020810
PAY-FD075AA6-7E15,CUST-01006,MERCH-027,44822,USD,SUCCESS,2026-09-27 17:13:44.020810
PAY-9CE992E1-5E9C,CUST-00335,MERCH-021,33587,GBP,SUCCESS,2026-09-06 16:30:47.020810
PAY-EAF219AC-E4B6,CUST-00940,MERCH-043,103847,GBP,SUCCESS,2026-09-10 15:43:09.020810
PAY-0D0869AB-A5A1,CUST-00928,MERCH-001,103256,USD,PENDING,2026-09-26 11:40:14.020810
PAY-2678A9F2-6846,CUST-00857,MERCH-046,92534,USD,SUCCESS,2026-09-20 13:34:32.020810
PAY-50A47EAD-13BF,CUST-01432,MERCH-026,34584,EUR,SUCCESS,2026-09-09 04:01:57.020810
PAY-39DB175C-833C,CUST-00566,MERCH-005,107656,NGN,SUCCESS,2026-09-23 05:04:34.020810
PAY-EF73549C-BCBF,CUST-01118,MERCH-029,71164,USD,PENDING,2026-09-26 13:07:32.020810
PAY-506AE542-76DF,CUST-01278,MERCH-019,122942,USD,SUCCESS,2026-09-24 17:37:51.020810
PAY-291B26EE-CDA0,CUST-00165,MERCH-043,16252,NGN,SUCCESS,2026-09-09 12:11:21.020810
PAY-B5AE66E2-3C48,CUST-01309,MERCH-014,4443,GBP,SUCCESS,2026-09-19 07:29:30.020810
PAY-16ED461B-3881,CUST-00075,MERCH-027,134261,GBP,PENDING,2026-09-07 01:00:49.020810
PAY-42E90ED7-39EF,CUST-00622,MERCH-033,127213,USD,SUCCESS,2026-09-29 05:11:31.020810
PAY-433C1525-F000,CUST-00618,MERCH-010,62180,USD,FAILED,2026-09-07 20:28:18.020810
PAY-7437994B-ED39,CUST-00642,MERCH-018,81135,USD,SUCCESS,2026-09-11 22:14:48.020810
PAY-330AC60B-ED6D,CUST-00110,MERCH-020,99696,USD,PENDING,2026-09-22 02:40:58.020810
PAY-E16A3085-3BE6,CUST-01122,MERCH-010,40035,EUR,SUCCESS,2026-09-07 02:53:21.020810
PAY-1195C0CA-B1BB,CUST-00178,MERCH-022,66764,USD,SUCCESS,2026-09-22 18:28:00.020810
PAY-6608490A-0FEF,CUST-01239,MERCH-048,43393,USD,SUCCESS,2026-09-19 01:17:15.020810
PAY-75EDF5E9-F4D3,CUST-00731,MERCH-017,45606,NGN,PENDING,2026-09-29 15:55:07.020810
PAY-7B8C88E9-1BA8,CUST-00036,MERCH-026,74701,USD,SUCCESS,2026-09-15 04:14:04.020810
PAY-0F29B3D1-41C6,CUST-01317,MERCH-006,26996,USD,SUCCESS,2026-09-07 18:20:26.020810
PAY-C5E7C442-8B0E,CUST-01374,MERCH-046,129752,USD,SUCCESS,2026-10-01 11:45:26.020810
PAY-08F20323-799B,CUST-00401,MERCH-035,21552,USD,FAILED,2026-09-28 11:29:22.020810
PAY-648E596E-0749,CUST-01088,MERCH-010,65794,EUR,SUCCESS,2026-09-24 06:19:23.020810
PAY-4EDF6DAF-C8B7,CUST-00006,MERCH-043,61711,USD,PENDING,2026-09-22 14:03:08.020810
PAY-0E0662E1-2C96,CUST-00629,MERCH-015,75866,NGN,SUCCESS,2026-09-18 03:14:50.020810
PAY-EA70E694-BF40,CUST-01025,MERCH-033,17479,USD,SUCCESS,2026-09-10 10:28:23.020810
PAY-E1CB6002-DE86,CUST-01082,MERCH-034,110541,USD,SUCCESS,2026-09-15 05:11:03.020810
PAY-C1AD2AAD-806F,CUST-01100,MERCH-002,106708,USD,SUCCESS,2026-09-21 10:13:36.020810
PAY-441A5D50-ABA8,CUST-00532,MERCH-050,91546,USD,SUCCESS,2026-09-02 15:29:46.020810
PAY-F69B4220-7111,CUST-00202,MERCH-007,48143,NGN,SUCCESS,2026-09-03 21:09:15.020810
PAY-6FB382EC-603F,CUST-00187,MERCH-011,82027,EUR,SUCCESS,2026-09-19 18:31:07.020810
PAY-F639626E-AEFB,CUST-00402,MERCH-043,22064,USD,SUCCESS,2026-09-15 07:12:34.020810
PAY-692FDD44-5C81,CUST-01488,MERCH-012,8182,USD,SUCCESS,2026-09-13 18:07:24.020810
PAY-697B1AE2-94F4,CUST-00243,MERCH-046,13858,USD,SUCCESS,2026-09-21 05:54:44.020810
PAY-4E9097B0-5981,CUST-00637,MERCH-040,111618,EUR,SUCCESS,2026-09-27 09:13:48.020810
PAY-DC63355D-3546,CUST-00009,MERCH-016,37797,EUR,SUCCESS,2026-09-25 20:51:17.020810
PAY-643ED6DD-3CA4,CUST-00206,MERCH-046,101438,EUR,SUCCESS,2026-09-26 06:50:02.020810
PAY-B12FC305-42A8,CUST-00109,MERCH-004,43270,EUR,PENDING,2026-09-11 14:16:42.020810
PAY-72CAA3D9-AF19,CUST-00128,MERCH-045,28034,NGN,SUCCESS,2026-09-11 13:07:25.020810
PAY-03AE7FEB-BCD3,CUST-01218,MERCH-029,13475,GBP,SUCCESS,2026-09-28 11:52:16.020810
PAY-1316F84B-2ABB,CUST-00165,MERCH-006,9002,NGN,SUCCESS,2026-09-15 03:46:49.020810
PAY-3D66DB7A-B130,CUST-00028,MERCH-014,124977,USD,SUCCESS,2026-09-16 05:10:09.020810
PAY-0A7E7DBB-19E4,CUST-00240,MERCH-016,130623,USD,FAILED,2026-09-06 22:46:56.020810
PAY-250CD16A-B509,CUST-00203,MERCH-038,145931,NGN,SUCCESS,2026-09-24 09:51:35.020810
PAY-D5634A17-6636,CUST-00850,MERCH-003,102199,EUR,FAILED,2026-09-06 20:28:50.020810
PAY-09267F9C-8813,CUST-00319,MERCH-049,13850,USD,SUCCESS,2026-09-18 23:32:16.020810
PAY-E3931764-ED48,CUST-01479,MERCH-033,26326,USD,SUCCESS,2026-09-14 07:12:51.020810
PAY-DF07185E-B4D0,CUST-01192,MERCH-042,122831,USD,SUCCESS,2026-09-15 14:07:04.020810
PAY-4B8AD5E0-AD84,CUST-01073,MERCH-022,2970,USD,SUCCESS,2026-09-19 11:02:55.020810
PAY-95A131DA-6070,CUST-01288,MERCH-008,54510,NGN,SUCCESS,2026-09-05 11:57:01.020810
PAY-B20C4D3B-1113,CUST-00897,MERCH-022,89025,USD,SUCCESS,2026-09-12 14:32:13.020810
PAY-461476D1-F774,CUST-01086,MERCH-011,6433,USD,SUCCESS,2026-09-07 13:16:42.020810
PAY-EAC654E4-144E,CUST-00968,MERCH-011,139039,USD,SUCCESS,2026-09-28 20:26:17.020810
PAY-E7EAA734-6B5E,CUST-01385,MERCH-029,1407,USD,SUCCESS,2026-09-27 03:02:52.020810
PAY-6D172C6D-D71B,CUST-00966,MERCH-009,15242,USD,SUCCESS,2026-09-24 11:25:45.020810
PAY-53F64284-43C5,CUST-01465,MERCH-015,29847,USD,SUCCESS,2026-09-24 11:23:24.020810
PAY-D2D40BCE-AA61,CUST-00851,MERCH-007,7706,USD,FAILED,2026-09-22 11:23:34.020810
PAY-AA27284C-3D74,CUST-01132,MERCH-045,29615,USD,FAILED,2026-09-26 14:41:50.020810
PAY-185C8200-F772,CUST-01261,MERCH-031,34520,GBP,SUCCESS,2026-09-09 06:20:46.020810
PAY-2FA45FDA-031A,CUST-00416,MERCH-044,101215,USD,SUCCESS,2026-09-30 16:15:25.020810
PAY-B5BC581D-EC89,CUST-00515,MERCH-031,32118,USD,SUCCESS,2026-09-25 13:33:35.020810
PAY-8E4CA748-3B5D,CUST-01097,MERCH-013,89326,USD,SUCCESS,2026-09-25 07:26:55.020810
PAY-F8E4923A-E037,CUST-00465,MERCH-003,110397,USD,FAILED,2026-09-23 11:27:35.020810
PAY-41C2AF2F-97FD,CUST-01147,MERCH-007,48226,USD,PENDING,2026-09-02 02:18:58.020810
PAY-09CEFA99-6C98,CUST-00588,MERCH-036,144427,NGN,PENDING,2026-09-02 11:34:44.020810
PAY-1609EA92-F31C,CUST-00751,MERCH-023,131703,GBP,SUCCESS,2026-09-24 08:33:48.020810
PAY-73879731-996A,CUST-00065,MERCH-001,67843,USD,SUCCESS,2026-09-09 23:55:29.020810
PAY-EC7AFF72-4158,CUST-01371,MERCH-019,35877,USD,FAILED,2026-09-11 04:23:50.020810
PAY-EBAF4FFC-0856,CUST-00437,MERCH-026,43037,NGN,SUCCESS,2026-09-10 19:09:22.020810
PAY-A39C60BD-C448,CUST-00249,MERCH-026,10474,USD,SUCCESS,2026-09-30 03:51:31.020810
PAY-2BD28E50-0E05,CUST-00788,MERCH-039,145068,USD,SUCCESS,2026-09-20 07:45:00.020810
PAY-4FFDEA78-B582,CUST-00722,MERCH-030,104940,USD,FAILED,2026-09-14 08:37:31.020810
PAY-859AA9E8-7A0E,CUST-01365,MERCH-031,102456,USD,PENDING,2026-09-02 17:24:10.020810
PAY-36B441AB-A2CC,CUST-00907,MERCH-044,17878,EUR,FAILED,2026-09-19 01:33:07.020810
PAY-90B2CDAE-4DE6,CUST-00895,MERCH-040,64963,USD,PENDING,2026-09-07 12:07:48.020810
PAY-BA46AFC5-2B19,CUST-01184,MERCH-024,23946,EUR,SUCCESS,2026-09-08 15:40:35.020810
PAY-552C6C01-CA4F,CUST-00660,MERCH-004,107080,USD,PENDING,2026-09-07 08:41:17.020810
PAY-53CC7CB8-1090,CUST-00611,MERCH-010,19557,USD,SUCCESS,2026-09-20 14:42:14.020810
PAY-1CCB55F0-C923,CUST-00010,MERCH-031,57538,USD,SUCCESS,2026-09-02 05:25:46.020810
PAY-85585E8D-A438,CUST-00405,MERCH-024,137517,GBP,SUCCESS,2026-09-04 00:16:29.020810
PAY-748C49C9-FF1C,CUST-00529,MERCH-011,56043,USD,PENDING,2026-09-15 10:49:31.020810
PAY-12DCC39C-182A,CUST-01440,MERCH-048,141584,GBP,PENDING,2026-09-07 05:16:12.020810
PAY-D2BB618C-7F13,CUST-00455,MERCH-037,76143,USD,SUCCESS,2026-09-08 09:45:11.020810
PAY-E04AF9C4-17D2,CUST-01110,MERCH-019,17790,USD,FAILED,2026-09-26 04:40:54.020810
PAY-06C79FE4-78A0,CUST-00452,MERCH-002,79517,USD,SUCCESS,2026-09-02 06:05:48.020810
PAY-AB3EA73D-B0A9,CUST-00220,MERCH-048,20054,USD,SUCCESS,2026-09-22 09:27:08.020810
PAY-7FB817EE-5D67,CUST-00032,MERCH-021,12781,GBP,SUCCESS,2026-09-12 20:34:03.020810
PAY-AF598D4B-72F5,CUST-00302,MERCH-007,19182,EUR,PENDING,2026-09-19 15:17:33.020810
PAY-D569C587-1B82,CUST-00773,MERCH-031,144692,USD,SUCCESS,2026-09-19 11:07:48.020810
PAY-D26E9599-FC18,CUST-00795,MERCH-045,106479,NGN,PENDING,2026-09-15 20:59:57.020810
PAY-C70E3F37-2181,CUST-01461,MERCH-016,87006,USD,SUCCESS,2026-09-12 23:25:41.020810
PAY-5BFDA22D-576A,CUST-00477,MERCH-020,24280,USD,FAILED,2026-09-28 10:55:47.020810
PAY-C291F793-F720,CUST-00192,MERCH-001,4976,EUR,SUCCESS,2026-09-17 13:50:07.020810
PAY-50F2B486-EC8E,CUST-00243,MERCH-049,131223,USD,SUCCESS,2026-09-15 03:54:50.020810
PAY-8E810090-1268,CUST-00862,MERCH-017,129103,USD,SUCCESS,2026-09-09 07:19:27.020810
PAY-BCDE00EB-B008,CUST-01036,MERCH-038,32554,EUR,SUCCESS,2026-09-22 08:45:11.020810
PAY-6A240A0D-641C,CUST-00656,MERCH-031,145153,USD,SUCCESS,2026-09-13 17:42:45.020810
PAY-AF0B9344-2040,CUST-00691,MERCH-021,36365,USD,SUCCESS,2026-09-07 03:42:35.020810
PAY-5BF7284F-CFD1,CUST-01119,MERCH-050,118213,USD,SUCCESS,2026-09-05 11:09:24.020810
PAY-2C5F85D6-A321,CUST-01010,MERCH-022,35623,USD,SUCCESS,2026-09-06 12:55:44.020810
PAY-63EB36E0-46DC,CUST-00480,MERCH-038,148031,EUR,SUCCESS,2026-09-19 19:44:14.020810
PAY-425DE623-D98B,CUST-01020,MERCH-033,89987,EUR,FAILED,2026-09-06 12:54:28.020810
PAY-3E9EE3E5-5CF0,CUST-00742,MERCH-017,99165,USD,PENDING,2026-09-09 06:30:16.020810
PAY-943B7ED0-4CA2,CUST-01310,MERCH-003,121573,USD,FAILED,2026-09-30 19:33:40.020810
PAY-0B3B558D-C6B7,CUST-00330,MERCH-015,5444,NGN,PENDING,2026-09-20 08:49:43.020810
PAY-CDB2557C-664F,CUST-00315,MERCH-019,114567,USD,SUCCESS,2026-09-15 23:13:58.020810
PAY-884C5193-E4A9,CUST-00758,MERCH-050,111347,USD,SUCCESS,2026-09-15 08:37:42.020810
PAY-E2A7D4CA-D0E0,CUST-00948,MERCH-030,10115,EUR,SUCCESS,2026-09-08 14:52:16.020810
PAY-CED6EDDC-EDE3,CUST-00734,MERCH-005,27172,USD,SUCCESS,2026-09-23 04:37:32.020810
PAY-E9E32057-9C14,CUST-00056,MERCH-030,16529,USD,PENDING,2026-09-11 15:22:19.020810
PAY-6A854B7C-CFD3,CUST-01025,MERCH-030,95305,GBP,SUCCESS,2026-09-07 16:55:02.020810
PAY-D3952880-BBB7,CUST-00787,MERCH-017,139844,EUR,SUCCESS,2026-09-25 02:13:43.020810
PAY-97ADE354-CCA1,CUST-01314,MERCH-049,126631,USD,PENDING,2026-09-12 22:01:14.020810
PAY-0BB9395C-B9F2,CUST-01362,MERCH-047,57257,GBP,SUCCESS,2026-09-04 17:29:44.020810
PAY-5D19A990-3A72,CUST-00201,MERCH-032,80950,USD,SUCCESS,2026-09-17 04:44:46.020810
PAY-B45FEB66-4512,CUST-00468,MERCH-034,49183,USD,SUCCESS,2026-09-02 12:46:08.020810
PAY-419A090F-4295,CUST-00906,MERCH-019,79592,USD,SUCCESS,2026-09-05 07:07:14.020810
PAY-4F4606E5-7D65,CUST-01031,MERCH-021,47965,USD,SUCCESS,2026-09-24 00:59:11.020810
PAY-4116FCE4-0F01,CUST-00786,MERCH-004,147988,NGN,FAILED,2026-09-09 14:55:54.020810
PAY-4EB7489D-D35A,CUST-00354,MERCH-022,103896,USD,SUCCESS,2026-09-14 08:36:01.020810
PAY-BB95A12A-33FE,CUST-01404,MERCH-034,39166,USD,SUCCESS,2026-09-21 07:31:04.020810
PAY-3B682459-0603,CUST-00924,MERCH-012,135817,USD,FAILED,2026-09-28 16:48:47.020810
PAY-8D79BBDE-83C9,CUST-00615,MERCH-003,109714,EUR,SUCCESS,2026-09-23 12:57:29.020810
PAY-BF8F3F77-F756,CUST-00878,MERCH-017,3196,USD,PENDING,2026-09-08 08:46:00.020810
PAY-7F69BDE8-D0F1,CUST-00913,MERCH-042,54730,NGN,SUCCESS,2026-09-20 01:42:55.020810
PAY-91805B39-674D,CUST-00295,MERCH-031,54639,USD,SUCCESS,2026-09-05 00:56:52.020810
PAY-1F26F952-07DD,CUST-00693,MERCH-014,105590,USD,SUCCESS,2026-09-28 09:13:40.020810
PAY-6E473122-339D,CUST-00975,MERCH-027,94382,USD,SUCCESS,2026-09-08 11:23:44.020810
PAY-D6239A2D-9923,CUST-01237,MERCH-009,139177,USD,SUCCESS,2026-09-12 08:02:55.020810
PAY-3CFFF9D4-7568,CUST-00884,MERCH-047,125066,GBP,SUCCESS,2026-09-26 05:20:05.020810
PAY-7D4859B9-9939,CUST-01244,MERCH-004,8419,EUR,SUCCESS,2026-09-21 11:43:27.020810
PAY-0E02524D-6821,CUST-00540,MERCH-034,103623,USD,SUCCESS,2026-09-27 03:53:51.020810
PAY-2B960CE3-9240,CUST-01212,MERCH-044,46733,EUR,SUCCESS,2026-09-13 02:32:10.020810
PAY-02E0E72E-BC58,CUST-00118,MERCH-045,97628,USD,SUCCESS,2026-09-18 00:02:18.020810
PAY-671A9BCE-17A2,CUST-00482,MERCH-017,91425,USD,PENDING,2026-09-02 01:12:43.020810
PAY-B09A106B-FD62,CUST-00053,MERCH-044,38455,USD,SUCCESS,2026-09-27 05:39:28.020810
PAY-6B06143C-4C9D,CUST-00972,MERCH-013,110107,USD,PENDING,2026-09-29 19:16:20.020810
PAY-F0DDC0F6-A5B9,CUST-00172,MERCH-021,118300,USD,FAILED,2026-09-30 16:47:32.020810
PAY-5C72F1E1-C72A,CUST-00879,MERCH-017,82884,GBP,SUCCESS,2026-09-02 04:29:01.020810
PAY-8223EF46-E5A2,CUST-00393,MERCH-044,108370,USD,SUCCESS,2026-09-17 08:57:44.020810
PAY-9DB2B597-3C5F,CUST-00923,MERCH-004,131622,GBP,SUCCESS,2026-09-24 18:04:46.020810
PAY-19BE83A9-CBF5,CUST-01220,MERCH-030,89367,USD,SUCCESS,2026-09-26 00:30:48.020810
PAY-49567AB8-ECD9,CUST-00706,MERCH-017,114882,USD,SUCCESS,2026-09-09 11:11:20.020810
PAY-B01CDE3A-8EFF,CUST-00158,MERCH-038,63739,USD,SUCCESS,2026-09-03 02:22:18.020810
PAY-3EBB3767-5648,CUST-01080,MERCH-017,47929,USD,SUCCESS,2026-09-08 21:38:51.020810
PAY-7DFAE7E2-BB96,CUST-00977,MERCH-014,34641,NGN,SUCCESS,2026-09-21 07:04:07.020810
PAY-5DF84E19-F869,CUST-00933,MERCH-047,47754,GBP,SUCCESS,2026-09-11 18:28:48.020810
PAY-836C287C-0010,CUST-00123,MERCH-046,46490,USD,FAILED,2026-09-10 07:19:11.020810
PAY-BE54D28D-65AD,CUST-01318,MERCH-010,27576,USD,PENDING,2026-09-25 03:55:51.020810
PAY-285F2E19-6FEA,CUST-00218,MERCH-049,122341,GBP,SUCCESS,2026-09-05 09:35:07.020810
PAY-D0952043-75B8,CUST-00760,MERCH-042,112154,USD,SUCCESS,2026-09-25 13:11:37.020810
PAY-F710F953-4141,CUST-01243,MERCH-008,28446,USD,SUCCESS,2026-09-25 15:12:08.020810
PAY-0DE929BB-B9FA,CUST-00867,MERCH-011,77708,USD,SUCCESS,2026-09-04 12:50:27.020810
PAY-BBD76F8A-C587,CUST-00323,MERCH-040,98004,USD,FAILED,2026-09-28 03:03:33.020810
PAY-BBDF9196-0E21,CUST-00234,MERCH-019,145331,GBP,SUCCESS,2026-09-14 18:40:19.020810
PAY-4A88B984-5773,CUST-00828,MERCH-037,61498,GBP,SUCCESS,2026-09-28 15:01:02.020810
PAY-48CFB44B-5CE4,CUST-00067,MERCH-024,27649,USD,SUCCESS,2026-09-10 06:55:16.020810
PAY-2402CE08-2DF0,CUST-00871,MERCH-038,54850,USD,SUCCESS,2026-09-02 03:21:09.020810
PAY-09400980-5F89,CUST-01198,MERCH-012,8256,GBP,PENDING,2026-09-10 20:16:18.020810
PAY-E069A868-22CD,CUST-00370,MERCH-048,149565,EUR,FAILED,2026-09-21 19:36:49.020810
PAY-10599EB9-44FC,CUST-01126,MERCH-001,70267,USD,SUCCESS,2026-09-06 09:38:14.020810
PAY-351E3097-2C60,CUST-00378,MERCH-044,70921,EUR,SUCCESS,2026-09-21 01:20:09.020810
PAY-9E8549F4-E2CA,CUST-01015,MERCH-005,111204,USD,SUCCESS,2026-09-04 16:44:12.020810
PAY-B789D45D-CACA,CUST-01119,MERCH-002,118616,EUR,SUCCESS,2026-09-05 05:26:22.020810
PAY-7F8040B4-F1A0,CUST-00952,MERCH-049,57132,EUR,SUCCESS,2026-09-02 16:42:29.020810
PAY-960529F4-C024,CUST-00165,MERCH-026,117324,USD,SUCCESS,2026-09-11 04:14:18.020810
PAY-BF647B53-0AE7,CUST-00081,MERCH-022,9124,USD,PENDING,2026-09-02 06:45:02.020810
PAY-8F084778-6D5C,CUST-00597,MERCH-038,55203,USD,SUCCESS,2026-09-11 09:12:32.020810
PAY-3813EB28-829C,CUST-00379,MERCH-027,48613,USD,SUCCESS,2026-09-24 00:46:33.020810
PAY-66D53E51-99B6,CUST-00520,MERCH-018,59187,USD,SUCCESS,2026-09-20 01:07:08.020810
PAY-DB9CA2FA-8156,CUST-00232,MERCH-029,148139,NGN,SUCCESS,2026-09-09 12:29:56.020810
PAY-CE6964F6-F444,CUST-00571,MERCH-029,63851,USD,SUCCESS,2026-09-22 18:56:30.020810
PAY-E6B9694C-B964,CUST-01138,MERCH-001,58772,USD,SUCCESS,2026-09-27 23:15:22.020810
PAY-5BC27747-4D49,CUST-01153,MERCH-003,85722,EUR,PENDING,2026-09-21 01:32:35.020810
PAY-33E91B26-172B,CUST-00533,MERCH-004,92196,USD,FAILED,2026-09-09 08:15:46.020810
PAY-C48DCF10-67DE,CUST-01262,MERCH-047,144690,USD,SUCCESS,2026-10-01 12:05:39.020810
PAY-7AC9CC93-0DDD,CUST-00666,MERCH-007,57905,USD,SUCCESS,2026-10-01 01:27:45.020810
PAY-D4FD6C43-8D5F,CUST-01239,MERCH-015,121615,NGN,SUCCESS,2026-09-07 22:24:48.020810
PAY-260488E1-EFFD,CUST-01436,MERCH-011,47733,USD,PENDING,2026-09-25 16:52:33.020810
PAY-96DB3E27-A630,CUST-01108,MERCH-006,31399,GBP,FAILED,2026-09-09 12:40:49.020810
PAY-AF11911C-9C77,CUST-00794,MERCH-015,13019,NGN,SUCCESS,2026-09-18 15:42:43.020810
PAY-FDE93645-D559,CUST-00612,MERCH-050,113022,GBP,SUCCESS,2026-09-29 02:22:50.020810
PAY-D01C9B53-5254,CUST-00122,MERCH-009,110543,GBP,FAILED,2026-09-22 15:41:52.020810
PAY-5FA63C0B-BDFB,CUST-00927,MERCH-026,45495,USD,FAILED,2026-09-17 19:58:57.020810
PAY-7477B239-AFA5,CUST-00930,MERCH-011,80119,USD,SUCCESS,2026-09-28 14:26:29.020810
PAY-4DE083BB-18C5,CUST-00729,MERCH-014,128754,USD,PENDING,2026-09-30 07:23:27.020810
PAY-D2D442E9-DA39,CUST-00543,MERCH-040,98446,USD,SUCCESS,2026-09-30 05:22:40.020810
PAY-D90E91DD-E409,CUST-00048,MERCH-029,133057,USD,PENDING,2026-09-01 18:51:20.020810
PAY-CD7A9E38-CDB5,CUST-01119,MERCH-028,1231,USD,FAILED,2026-09-16 09:17:31.020810
PAY-A6120559-0FF2,CUST-00858,MERCH-048,95759,GBP,SUCCESS,2026-09-25 19:05:45.020810
PAY-D6D92FC3-228C,CUST-00846,MERCH-002,12190,USD,FAILED,2026-09-09 23:50:34.020810
PAY-FE603AD6-3630,CUST-01118,MERCH-001,148623,NGN,FAILED,2026-09-06 18:31:26.020810
PAY-1EFD2226-DE54,CUST-00352,MERCH-039,43990,USD,PENDING,2026-09-04 00:19:03.020810
PAY-3A2A739F-982E,CUST-00382,MERCH-050,97861,USD,SUCCESS,2026-09-05 12:46:52.020810
PAY-B8FA11F4-96C2,CUST-00613,MERCH-016,73767,GBP,SUCCESS,2026-09-03 08:08:34.020810
PAY-C4A8CA0F-39BD,CUST-00531,MERCH-035,9568,GBP,SUCCESS,2026-09-29 13:06:40.020810
PAY-D561DC37-50B2,CUST-01198,MERCH-015,41624,GBP,SUCCESS,2026-09-10 04:09:41.020810
PAY-DBEB637C-B500,CUST-00714,MERCH-013,54577,USD,FAILED,2026-09-13 18:16:36.020810
PAY-23CDC6EE-23CD,CUST-00355,MERCH-001,64641,USD,SUCCESS,2026-09-09 21:39:36.020810
PAY-1476CAAE-0279,CUST-00733,MERCH-005,40860,NGN,SUCCESS,2026-09-03 17:39:10.020810
PAY-C5633D32-95C2,CUST-00767,MERCH-042,90691,NGN,SUCCESS,2026-09-17 20:16:55.020810
PAY-A9292CDB-F8F2,CUST-00122,MERCH-008,89011,USD,FAILED,2026-09-12 17:46:55.020810
PAY-5FFDB078-86A7,CUST-00581,MERCH-022,59754,EUR,SUCCESS,2026-09-03 09:05:35.020810
PAY-6E4BE253-2EF4,CUST-00830,MERCH-038,145828,USD,FAILED,2026-09-26 05:44:07.020810
PAY-F6C3987A-6E82,CUST-01148,MERCH-019,51261,USD,SUCCESS,2026-09-11 20:42:16.020810
PAY-7AF25B50-9D05,CUST-00503,MERCH-013,77712,USD,SUCCESS,2026-09-09 15:10:08.020810
PAY-9B39F854-8DF5,CUST-00505,MERCH-026,112371,USD,SUCCESS,2026-09-09 16:20:45.020810
PAY-62F1609E-E835,CUST-00271,MERCH-001,7486,USD,SUCCESS,2026-09-27 20:18:41.020810
PAY-79089D8D-0FC6,CUST-00711,MERCH-037,60921,USD,SUCCESS,2026-09-27 21:25:56.020810
PAY-61454D5D-1A03,CUST-00251,MERCH-009,71337,USD,PENDING,2026-09-14 20:08:28.020810
PAY-C644AF48-204E,CUST-00186,MERCH-011,15581,EUR,SUCCESS,2026-09-29 21:41:32.020810
PAY-F47FA9B8-3DBB,CUST-00910,MERCH-050,103475,EUR,SUCCESS,2026-09-17 22:33:35.020810
PAY-0C236A88-0211,CUST-00642,MERCH-040,35600,GBP,PENDING,2026-09-30 22:34:25.020810
PAY-B01421DC-24A0,CUST-00116,MERCH-008,64129,USD,SUCCESS,2026-09-08 16:22:54.020810
PAY-E5214709-3BBF,CUST-01017,MERCH-026,20227,USD,SUCCESS,2026-09-11 08:58:47.020810
PAY-8A38DB42-0824,CUST-00986,MERCH-030,97937,GBP,SUCCESS,2026-09-16 18:11:25.020810
PAY-867EE981-F97B,CUST-00570,MERCH-011,4402,USD,SUCCESS,2026-09-04 22:34:52.020810
PAY-81905569-BD06,CUST-00787,MERCH-012,70807,EUR,SUCCESS,2026-09-30 15:45:45.020810
PAY-CA30E6BC-7ECE,CUST-01313,MERCH-006,53754,NGN,SUCCESS,2026-09-29 06:02:41.020810
PAY-3360F132-3BA4,CUST-00918,MERCH-022,35218,USD,FAILED,2026-09-06 12:07:23.020810
PAY-E90F3D1F-FBB1,CUST-00371,MERCH-026,20426,USD,SUCCESS,2026-09-23 10:12:46.020810
PAY-F8DEC4B1-ECE6,CUST-01440,MERCH-015,126753,USD,SUCCESS,2026-09-06 14:33:11.020810
PAY-1CDE8D82-8DD3,CUST-00763,MERCH-015,34082,USD,PENDING,2026-09-21 05:08:09.020810
PAY-76A3C248-821E,CUST-00868,MERCH-018,83993,USD,FAILED,2026-09-24 17:48:10.020810
PAY-7598CB02-EB7F,CUST-00310,MERCH-043,105001,USD,SUCCESS,2026-09-26 10:51:52.020810
PAY-4225811E-6A47,CUST-00516,MERCH-025,37689,USD,PENDING,2026-09-06 18:03:40.020810
PAY-A7D90627-0656,CUST-01437,MERCH-002,32079,EUR,FAILED,2026-09-22 10:11:40.020810
PAY-C385A7C3-F703,CUST-00919,MERCH-050,7433,USD,SUCCESS,2026-09-12 20:29:33.020810
PAY-E39B267D-031B,CUST-00010,MERCH-037,42007,USD,PENDING,2026-09-30 13:11:33.020810
PAY-1EED3C0D-97A7,CUST-01352,MERCH-048,70906,USD,SUCCESS,2026-09-27 15:14:04.020810
PAY-3BD2D7CA-8652,CUST-00646,MERCH-009,16512,USD,SUCCESS,2026-09-14 21:19:31.020810
PAY-09E318BF-24A0,CUST-00392,MERCH-011,16961,USD,PENDING,2026-09-06 21:34:01.020810
PAY-507D28CC-ADE3,CUST-00725,MERCH-045,87496,USD,PENDING,2026-09-12 22:28:36.020810
PAY-DD9C9E52-C50F,CUST-00727,MERCH-001,25164,GBP,SUCCESS,2026-09-17 04:26:56.020810
PAY-90A61944-9754,CUST-00555,MERCH-014,26810,USD,SUCCESS,2026-09-08 12:48:22.020810
PAY-54C45489-18F2,CUST-01192,MERCH-041,79015,NGN,SUCCESS,2026-09-06 20:36:11.020810
PAY-16DECC42-4985,CUST-00487,MERCH-043,136139,USD,SUCCESS,2026-09-04 03:42:37.020810
PAY-B3CFF7D9-479B,CUST-00905,MERCH-032,121347,USD,SUCCESS,2026-09-30 11:04:53.020810
PAY-60BFCC34-617A,CUST-01307,MERCH-009,122695,USD,FAILED,2026-09-14 10:11:39.020810
PAY-5B170996-41E3,CUST-01240,MERCH-009,66383,GBP,SUCCESS,2026-09-19 22:21:13.020810
PAY-DAF1594F-DB2B,CUST-00269,MERCH-010,132022,USD,PENDING,2026-09-06 07:02:16.020810
PAY-DC77D9A3-2F31,CUST-01117,MERCH-016,84736,USD,PENDING,2026-09-14 02:33:21.020810
PAY-4FBA4582-4D9E,CUST-01435,MERCH-035,47773,USD,SUCCESS,2026-09-07 01:43:21.020810
PAY-41B097BA-C675,CUST-00016,MERCH-020,127142,USD,SUCCESS,2026-09-28 02:31:08.020810
PAY-CA156947-F63F,CUST-01009,MERCH-003,129660,GBP,SUCCESS,2026-09-22 16:50:02.020810
PAY-9E14C557-73CB,CUST-01299,MERCH-025,52476,USD,SUCCESS,2026-09-29 15:37:34.020810
PAY-6BC892B0-54F2,CUST-00428,MERCH-016,146826,GBP,SUCCESS,2026-09-10 00:26:11.020810
PAY-CBF24439-9576,CUST-00881,MERCH-023,94339,GBP,SUCCESS,2026-09-06 09:11:39.020810
PAY-3815FBFB-878A,CUST-01265,MERCH-004,89705,USD,FAILED,2026-09-09 19:30:44.020810
PAY-A7F0E1EF-45CC,CUST-00957,MERCH-046,76478,USD,SUCCESS,2026-09-28 02:43:01.020810
PAY-CDAFA6EB-6A11,CUST-00888,MERCH-018,136753,USD,SUCCESS,2026-09-04 12:59:06.020810
PAY-9855EFD4-D228,CUST-00684,MERCH-041,94682,EUR,SUCCESS,2026-09-26 04:45:35.020810
PAY-EEF74C33-5BA0,CUST-01080,MERCH-034,142447,USD,SUCCESS,2026-09-11 02:00:35.020810
PAY-3656249A-837A,CUST-00352,MERCH-050,115120,USD,SUCCESS,2026-09-17 07:45:44.020810
PAY-94403057-0C46,CUST-01456,MERCH-031,106545,NGN,PENDING,2026-09-08 07:26:56.020810
PAY-9AF7A604-91B8,CUST-00353,MERCH-002,70263,USD,SUCCESS,2026-09-26 09:57:18.020810
PAY-70D25408-4BB8,CUST-00815,MERCH-031,44614,NGN,SUCCESS,2026-09-07 20:12:36.020810
PAY-125CC82C-946C,CUST-00743,MERCH-020,84093,USD,FAILED,2026-09-12 06:40:19.020810
PAY-C8E89FE7-91DF,CUST-00765,MERCH-006,103205,USD,SUCCESS,2026-09-30 04:28:00.020810
PAY-A752B3B4-9058,CUST-00346,MERCH-036,45749,NGN,SUCCESS,2026-09-09 11:28:01.020810
PAY-65EA645D-E994,CUST-00376,MERCH-023,28363,USD,SUCCESS,2026-09-02 04:14:13.020810
PAY-74F68457-17A8,CUST-01093,MERCH-012,106860,USD,FAILED,2026-09-18 21:04:46.020810
PAY-DEA95B6C-A66D,CUST-00345,MERCH-049,117736,USD,SUCCESS,2026-09-16 07:34:16.020810
PAY-13B55CC8-E8BF,CUST-00353,MERCH-036,49967,NGN,SUCCESS,2026-09-21 17:15:39.020810
PAY-C9EDCD71-0B25,CUST-01207,MERCH-049,47759,USD,SUCCESS,2026-09-13 23:44:10.020810
PAY-31BC6C1E-D834,CUST-01324,MERCH-001,44940,USD,SUCCESS,2026-09-06 03:47:37.020810
PAY-DA2BC6FB-B15D,CUST-00333,MERCH-016,23356,NGN,PENDING,2026-09-15 00:52:22.020810
PAY-AB98D970-F667,CUST-00589,MERCH-037,46376,USD,SUCCESS,2026-09-29 14:14:51.020810
PAY-D897A975-2FB9,CUST-01217,MERCH-001,109946,USD,SUCCESS,2026-09-02 09:51:18.020810
PAY-FF059139-3871,CUST-00808,MERCH-011,10922,USD,PENDING,2026-09-23 06:46:14.020810
PAY-8E7A3AD3-A495,CUST-00276,MERCH-027,564,USD,SUCCESS,2026-09-21 02:28:45.020810
PAY-FC1DC886-DE57,CUST-00538,MERCH-022,95214,USD,SUCCESS,2026-09-04 07:29:32.020810
PAY-4169F49E-76B8,CUST-00882,MERCH-013,17998,USD,SUCCESS,2026-09-10 17:51:41.020810
PAY-E2F6E78A-D52F,CUST-00978,MERCH-019,5418,USD,SUCCESS,2026-09-03 16:01:23.020810
PAY-117C9A42-C8CF,CUST-01469,MERCH-015,20127,USD,SUCCESS,2026-10-01 14:09:44.020810
PAY-AC2B6992-93AF,CUST-00103,MERCH-048,58068,USD,PENDING,2026-09-05 20:31:35.020810
PAY-748AA418-0932,CUST-00504,MERCH-024,141728,USD,SUCCESS,2026-09-11 12:07:50.020810
PAY-2697F67D-8F8B,CUST-01269,MERCH-012,42527,USD,FAILED,2026-09-08 06:51:29.020810
PAY-60445DE1-A477,CUST-00611,MERCH-030,23265,USD,SUCCESS,2026-09-06 07:17:47.020810
PAY-85E81E20-49C5,CUST-01213,MERCH-015,2017,USD,SUCCESS,2026-09-20 07:37:39.020810
PAY-68EF527F-C6E8,CUST-01424,MERCH-003,6075,USD,SUCCESS,2026-09-22 03:22:37.020810
PAY-FC57CEF3-21A4,CUST-01084,MERCH-010,127863,GBP,SUCCESS,2026-09-24 03:45:53.020810
PAY-64434BD2-E1B4,CUST-01350,MERCH-003,105350,USD,SUCCESS,2026-09-17 07:26:59.020810
PAY-5C0F0D64-FBF9,CUST-00576,MERCH-026,110072,USD,SUCCESS,2026-09-07 03:23:43.020810
PAY-5DF1A0EF-B9F2,CUST-00113,MERCH-031,34526,GBP,PENDING,2026-09-22 22:04:55.020810
PAY-4C3DB2F7-63AB,CUST-00801,MERCH-019,138314,USD,SUCCESS,2026-09-12 08:37:55.020810
PAY-2E73B128-51C1,CUST-01461,MERCH-023,4360,USD,SUCCESS,2026-09-02 06:13:06.020810
PAY-2D324F05-1B0D,CUST-01173,MERCH-021,121880,EUR,FAILED,2026-09-12 20:08:37.020810
PAY-435972AF-F93C,CUST-00356,MERCH-013,111559,GBP,SUCCESS,2026-09-14 22:22:04.020810
PAY-D805988A-449B,CUST-00185,MERCH-029,38933,EUR,SUCCESS,2026-09-22 10:03:47.020810
PAY-DBD9AED6-FE7B,CUST-00457,MERCH-044,54393,USD,SUCCESS,2026-09-07 03:53:34.020810
PAY-794D2A1A-E10A,CUST-00406,MERCH-027,3758,EUR,SUCCESS,2026-09-07 07:47:11.020810
PAY-976A74C1-B7A2,CUST-01317,MERCH-040,74716,EUR,SUCCESS,2026-09-14 07:55:07.020810
PAY-6122D368-0D59,CUST-01460,MERCH-006,79056,EUR,SUCCESS,2026-09-22 21:19:13.020810
PAY-094819A7-C293,CUST-00282,MERCH-013,102497,USD,SUCCESS,2026-09-06 13:41:57.020810
PAY-B44DB7DC-1D0A,CUST-00715,MERCH-018,30988,USD,SUCCESS,2026-09-15 17:23:31.020810
PAY-F15794C7-D9C6,CUST-00403,MERCH-030,122114,USD,SUCCESS,2026-09-10 10:21:53.020810
PAY-8C8E5578-0F10,CUST-00963,MERCH-043,137695,USD,PENDING,2026-09-20 14:39:53.020810
PAY-56197741-DF95,CUST-00742,MERCH-031,8795,USD,SUCCESS,2026-09-22 03:47:11.020810
PAY-1DCF1FAE-BFAC,CUST-00865,MERCH-045,66300,USD,SUCCESS,2026-09-11 21:01:38.020810
PAY-1F12CC42-137E,CUST-01238,MERCH-019,12297,GBP,SUCCESS,2026-09-10 11:58:36.020810
PAY-465D8769-BB54,CUST-00569,MERCH-028,124594,EUR,SUCCESS,2026-09-05 03:07:09.020810
PAY-901A32DD-CB1C,CUST-00672,MERCH-022,134612,USD,PENDING,2026-09-06 14:48:01.020810
PAY-1D8FEF5A-727D,CUST-01128,MERCH-029,23186,USD,SUCCESS,2026-09-02 17:13:40.020810
PAY-0EBEDF08-85F5,CUST-01013,MERCH-040,148514,GBP,PENDING,2026-10-01 15:17:43.020810
PAY-72D90DE5-787D,CUST-00387,MERCH-012,48407,USD,SUCCESS,2026-09-16 07:27:34.020810
PAY-51AED04B-5D93,CUST-00085,MERCH-011,147395,USD,SUCCESS,2026-09-15 16:36:22.020810
PAY-9143EB39-6E0D,CUST-00449,MERCH-029,70389,NGN,SUCCESS,2026-09-16 16:37:54.020810
PAY-72DEBB71-20EC,CUST-00548,MERCH-005,44597,USD,PENDING,2026-09-25 20:19:03.020810
PAY-57E6A1EF-77C9,CUST-00449,MERCH-018,112802,USD,SUCCESS,2026-09-18 12:33:11.020810
PAY-FB5FAEF9-5745,CUST-00687,MERCH-013,102400,NGN,FAILED,2026-09-26 01:52:42.020810
PAY-43C71E39-F468,CUST-01173,MERCH-017,149993,GBP,SUCCESS,2026-09-23 12:53:19.020810
PAY-C9F4811C-98D6,CUST-00023,MERCH-011,77418,GBP,SUCCESS,2026-09-19 04:22:51.020810
PAY-5197C368-ED54,CUST-01098,MERCH-024,99721,USD,PENDING,2026-09-12 16:47:40.020810
PAY-23288DF5-F57D,CUST-00281,MERCH-027,149350,USD,FAILED,2026-09-28 21:57:10.020810
PAY-D31BC042-3023,CUST-00085,MERCH-018,45839,USD,SUCCESS,2026-09-24 10:59:47.020810
PAY-E9E8F0BA-4631,CUST-00406,MERCH-034,70288,GBP,SUCCESS,2026-09-22 19:41:24.020810
PAY-9FEAE0F8-25DB,CUST-00130,MERCH-042,1342,EUR,SUCCESS,2026-09-02 08:16:27.020810
PAY-1CC5A20C-BDA2,CUST-01220,MERCH-022,131797,NGN,SUCCESS,2026-09-12 18:49:26.020810
PAY-5D14FBB3-5C11,CUST-00691,MERCH-041,126777,USD,SUCCESS,2026-09-16 22:48:24.020810
PAY-C3343C90-3B42,CUST-00549,MERCH-012,102949,NGN,FAILED,2026-09-06 04:38:41.020810
PAY-9E6F97FC-B810,CUST-01488,MERCH-018,84723,EUR,SUCCESS,2026-09-13 03:21:06.020810
PAY-4673E008-05CC,CUST-01209,MERCH-039,9020,USD,SUCCESS,2026-09-02 12:50:10.020810
PAY-2DCE4B8F-57EB,CUST-01192,MERCH-050,125531,USD,SUCCESS,2026-09-12 10:56:44.020810
PAY-01948970-1ADA,CUST-01093,MERCH-005,112524,NGN,FAILED,2026-09-14 11:16:06.020810
PAY-29593D30-F512,CUST-00103,MERCH-020,108127,USD,SUCCESS,2026-09-25 11:36:03.020810
PAY-7C9EF4E9-DEA9,CUST-00193,MERCH-019,119935,GBP,SUCCESS,2026-09-12 12:59:23.020810
PAY-B5E40842-6803,CUST-01035,MERCH-034,72801,USD,SUCCESS,2026-09-14 11:21:16.020810
PAY-A2A857AE-2515,CUST-00435,MERCH-030,104356,USD,FAILED,2026-09-04 05:52:38.020810
PAY-F2E23FAA-FB0C,CUST-01491,MERCH-025,142642,USD,SUCCESS,2026-09-05 18:08:26.020810
PAY-57A457BE-D657,CUST-00925,MERCH-042,109456,USD,FAILED,2026-09-18 19:36:16.020810
PAY-5801CEFF-DB99,CUST-00526,MERCH-027,34938,USD,SUCCESS,2026-09-24 10:41:51.020810
PAY-F4BB2AEF-AAB3,CUST-01392,MERCH-025,106440,NGN,PENDING,2026-09-13 02:38:03.020810
PAY-6989AA7D-F745,CUST-01134,MERCH-005,78339,NGN,FAILED,2026-09-19 14:38:32.020810
PAY-D9167DBB-C4A6,CUST-01422,MERCH-006,98218,USD,SUCCESS,2026-09-26 23:24:50.020810
PAY-8F70E51B-9D6F,CUST-01060,MERCH-048,9297,USD,SUCCESS,2026-10-01 07:38:39.020810
PAY-D05A4EAA-D4C5,CUST-00123,MERCH-010,125117,NGN,FAILED,2026-09-23 17:45:15.020810
PAY-5ECA04A9-1BAE,CUST-01425,MERCH-011,29334,EUR,SUCCESS,2026-09-29 18:17:12.020810
PAY-46EB9DD8-8A86,CUST-00023,MERCH-050,81257,NGN,FAILED,2026-09-26 20:33:59.020810
PAY-68B2E83A-DB57,CUST-00686,MERCH-003,147850,USD,PENDING,2026-09-23 19:37:51.020810
PAY-BE7A7B71-6B5F,CUST-00789,MERCH-002,62415,USD,SUCCESS,2026-09-15 20:07:49.020810
PAY-1691C13B-84F0,CUST-00745,MERCH-027,9220,EUR,SUCCESS,2026-09-22 13:19:06.020810
PAY-A32CB576-C7E4,CUST-00692,MERCH-003,65506,USD,SUCCESS,2026-09-12 19:42:22.020810
PAY-95E879C3-3A27,CUST-00910,MERCH-018,133982,NGN,SUCCESS,2026-09-22 09:07:31.020810
PAY-13E7ECA8-9528,CUST-00504,MERCH-014,104402,EUR,SUCCESS,2026-09-03 01:42:21.020810
PAY-76378E02-61C1,CUST-00990,MERCH-042,55809,USD,SUCCESS,2026-09-23 02:51:53.020810
PAY-3AA8DFF9-768D,CUST-00046,MERCH-026,32020,USD,SUCCESS,2026-09-24 14:56:57.020810
PAY-C710DD5E-E03F,CUST-01123,MERCH-009,48579,USD,SUCCESS,2026-09-10 15:26:37.020810
PAY-5F70901D-A245,CUST-00862,MERCH-027,74217,USD,FAILED,2026-09-24 20:02:33.020810
PAY-45890C84-2E9E,CUST-00167,MERCH-040,134691,USD,SUCCESS,2026-09-02 13:00:02.020810
PAY-22313076-A933,CUST-00926,MERCH-033,113459,USD,SUCCESS,2026-09-26 08:57:58.020810
PAY-DE30D844-DF9E,CUST-00674,MERCH-014,86873,USD,PENDING,2026-09-26 03:30:27.020810
PAY-5E7712CE-C4D1,CUST-01385,MERCH-039,102004,GBP,SUCCESS,2026-09-04 00:35:22.020810
PAY-B920BD45-0752,CUST-00965,MERCH-049,109213,USD,SUCCESS,2026-09-11 17:19:11.020810
PAY-ABD520A5-580C,CUST-00419,MERCH-020,135513,GBP,SUCCESS,2026-09-09 23:16:35.020810
PAY-77738AFC-DACC,CUST-01421,MERCH-040,126742,USD,FAILED,2026-09-26 05:03:40.020810
PAY-FBA306A8-FD3A,CUST-00819,MERCH-002,85081,GBP,FAILED,2026-09-17 01:05:26.020810
PAY-8E07FB68-E216,CUST-00045,MERCH-043,36689,GBP,PENDING,2026-09-16 10:50:32.020810
PAY-108E001C-A5FE,CUST-00285,MERCH-008,15883,USD,SUCCESS,2026-09-23 20:47:00.020810
PAY-E8F19410-27A0,CUST-00538,MERCH-042,111278,GBP,SUCCESS,2026-09-28 23:50:35.020810
PAY-C82E592A-1E94,CUST-01434,MERCH-049,143385,NGN,SUCCESS,2026-09-05 12:46:32.020810
PAY-212DBED5-BA20,CUST-00823,MERCH-044,8296,USD,SUCCESS,2026-09-23 06:04:08.020810
PAY-E820706D-29B1,CUST-00834,MERCH-026,49473,USD,SUCCESS,2026-09-11 18:07:11.020810
PAY-6B65A8E3-CC1A,CUST-00126,MERCH-049,105939,EUR,SUCCESS,2026-09-05 03:25:48.020810
PAY-182A1209-818F,CUST-00334,MERCH-037,124904,EUR,SUCCESS,2026-09-02 11:28:08.020810
PAY-3CF60F17-05FF,CUST-00393,MERCH-038,46981,USD,SUCCESS,2026-09-29 23:31:03.020810
PAY-F6D7D2F5-70D2,CUST-01043,MERCH-040,149043,EUR,FAILED,2026-09-05 15:30:17.020810
PAY-709FA8E9-03EC,CUST-01099,MERCH-011,31956,GBP,PENDING,2026-09-25 13:42:32.020810
PAY-AB1841E0-AC93,CUST-01151,MERCH-010,85135,NGN,SUCCESS,2026-09-22 01:59:16.020810
PAY-7F558B09-59F4,CUST-00418,MERCH-050,122043,NGN,FAILED,2026-09-13 02:05:55.020810
PAY-3708D59D-A888,CUST-00186,MERCH-030,140456,GBP,SUCCESS,2026-09-02 01:16:10.020810
PAY-16EF9605-C8FD,CUST-00867,MERCH-020,69290,NGN,SUCCESS,2026-10-01 09:45:41.020810
PAY-41ADD87F-2A34,CUST-00352,MERCH-026,77029,GBP,SUCCESS,2026-09-30 06:27:33.020810
PAY-2F30CCF2-17D0,CUST-00324,MERCH-002,140894,USD,SUCCESS,2026-09-11 18:29:08.020810
PAY-67D0EF53-8066,CUST-01407,MERCH-043,23332,USD,SUCCESS,2026-09-13 03:18:25.020810
PAY-949D2FEC-5BE0,CUST-01382,MERCH-050,86177,GBP,SUCCESS,2026-09-13 06:47:17.020810
PAY-D05946A4-C9DC,CUST-00620,MERCH-044,5553,USD,SUCCESS,2026-09-30 22:59:37.020810
PAY-179E35D1-4F17,CUST-00232,MERCH-019,148763,USD,SUCCESS,2026-09-19 04:12:51.020810
PAY-D3656479-A84C,CUST-01251,MERCH-027,7521,USD,SUCCESS,2026-09-23 14:03:38.020810
PAY-42BE0A5D-C2FB,CUST-00780,MERCH-039,17148,EUR,SUCCESS,2026-09-10 11:28:39.020810
PAY-35950F08-174D,CUST-01264,MERCH-022,115630,USD,SUCCESS,2026-09-27 21:42:53.020810
PAY-3D0508F1-BDFF,CUST-00389,MERCH-001,68254,NGN,SUCCESS,2026-09-19 14:47:02.020810
PAY-874C2F65-C584,CUST-01244,MERCH-034,71686,USD,SUCCESS,2026-09-09 15:24:27.020810
PAY-9FB44E18-C5CA,CUST-00476,MERCH-036,73359,USD,SUCCESS,2026-09-26 15:26:51.020810
PAY-13BDA3F5-89A5,CUST-01349,MERCH-016,38956,USD,SUCCESS,2026-09-04 09:27:32.020810
PAY-9A4EE727-A08E,CUST-01421,MERCH-044,122635,USD,SUCCESS,2026-09-05 09:58:25.020810
PAY-C1846AEE-374B,CUST-01485,MERCH-035,109102,EUR,PENDING,2026-09-07 04:16:04.020810
PAY-3CBC115B-AD09,CUST-00966,MERCH-033,101783,USD,SUCCESS,2026-09-02 00:41:32.020810
PAY-F7004D71-222F,CUST-01299,MERCH-025,58641,NGN,FAILED,2026-09-14 22:01:16.020810
PAY-3F750D0C-BBFB,CUST-01389,MERCH-008,138834,USD,FAILED,2026-09-18 10:40:36.020810
PAY-4AD317B4-290D,CUST-01188,MERCH-049,27489,USD,SUCCESS,2026-09-04 06:32:53.020810
PAY-8C691767-4E4D,CUST-00778,MERCH-042,37702,USD,SUCCESS,2026-09-14 00:29:18.020810
PAY-C7E9A69E-D7A8,CUST-01340,MERCH-033,86632,USD,SUCCESS,2026-09-06 06:43:21.020810
PAY-BA7C9D73-2AA1,CUST-00004,MERCH-013,12658,EUR,SUCCESS,2026-09-23 13:02:37.020810
PAY-D2EA562A-9A58,CUST-00235,MERCH-031,41414,USD,SUCCESS,2026-09-04 09:34:13.020810
PAY-071BE3AB-DDF0,CUST-00845,MERCH-041,11649,USD,SUCCESS,2026-09-16 05:47:11.020810
PAY-365778CC-AA9B,CUST-00914,MERCH-004,8649,NGN,SUCCESS,2026-09-11 15:23:13.020810
PAY-2216C81C-E79D,CUST-01051,MERCH-041,8743,USD,PENDING,2026-09-27 22:39:43.020810
PAY-9995F7F3-CA54,CUST-01061,MERCH-041,119581,USD,PENDING,2026-09-04 22:36:31.020810
PAY-EC2893BA-C1D2,CUST-00327,MERCH-026,139093,USD,SUCCESS,2026-09-09 01:12:46.020810
PAY-B5BDF545-DB92,CUST-00340,MERCH-039,144749,USD,SUCCESS,2026-09-21 21:15:25.020810
PAY-9AFD328B-0634,CUST-00357,MERCH-042,78919,USD,PENDING,2026-09-16 03:02:07.020810
PAY-82F6FC26-3C7C,CUST-01079,MERCH-021,5543,EUR,SUCCESS,2026-09-03 05:21:56.020810
PAY-DFB0455A-C116,CUST-00938,MERCH-010,133575,GBP,SUCCESS,2026-09-26 19:46:14.020810
PAY-084B6A09-5854,CUST-01352,MERCH-038,148597,EUR,SUCCESS,2026-09-18 05:00:48.020810
PAY-C3EC560A-1F16,CUST-00377,MERCH-042,72749,GBP,SUCCESS,2026-09-24 10:11:59.020810
PAY-41C77B61-557F,CUST-00182,MERCH-005,142015,EUR,PENDING,2026-09-22 02:18:03.020810
PAY-711A8C48-2552,CUST-00005,MERCH-028,29947,USD,SUCCESS,2026-09-30 12:18:45.020810
PAY-94E537F7-730A,CUST-01473,MERCH-039,29382,USD,SUCCESS,2026-09-20 10:36:24.020810
PAY-8AC5AABC-8E73,CUST-00352,MERCH-031,103237,EUR,PENDING,2026-09-21 11:23:00.020810
PAY-B9A6F7F3-F3AE,CUST-00272,MERCH-001,9175,USD,SUCCESS,2026-09-28 19:41:22.020810
PAY-5F3E96DC-CE54,CUST-01087,MERCH-009,63442,EUR,SUCCESS,2026-09-02 13:41:52.020810
PAY-FA36544B-AF52,CUST-01280,MERCH-008,15394,USD,PENDING,2026-09-23 21:48:23.020810
PAY-6341C5AC-3B51,CUST-01302,MERCH-049,110935,EUR,SUCCESS,2026-09-10 06:20:55.020810
PAY-BF909D85-08B7,CUST-00399,MERCH-044,74060,USD,SUCCESS,2026-09-14 14:25:42.020810
PAY-E44B75D1-1D2E,CUST-00552,MERCH-014,100504,GBP,FAILED,2026-09-17 14:04:56.020810
PAY-1A41FA9A-C538,CUST-01291,MERCH-042,66843,USD,PENDING,2026-09-10 16:25:37.020810
PAY-DC5BBAD3-BB84,CUST-00685,MERCH-034,2038,USD,SUCCESS,2026-09-25 06:44:09.020810
PAY-B7C92BD4-EE75,CUST-00167,MERCH-012,77894,USD,SUCCESS,2026-09-02 06:57:03.020810
PAY-5673B7EA-A3A2,CUST-01356,MERCH-043,78686,NGN,SUCCESS,2026-09-08 16:20:12.020810
PAY-2FD7BFE2-6726,CUST-00333,MERCH-043,56847,USD,FAILED,2026-09-19 21:51:24.020810
PAY-696AB044-2371,CUST-00836,MERCH-039,24099,EUR,FAILED,2026-09-02 15:49:24.020810
PAY-085DED5D-FB99,CUST-00320,MERCH-015,95981,USD,SUCCESS,2026-09-24 00:24:58.020810
PAY-852C1D69-2FD9,CUST-00510,MERCH-001,145025,NGN,SUCCESS,2026-09-10 14:58:53.020810
PAY-DCACF9AB-5874,CUST-00546,MERCH-037,106686,GBP,SUCCESS,2026-09-23 16:03:02.020810
PAY-A033A07A-BD4D,CUST-01443,MERCH-004,99255,GBP,SUCCESS,2026-09-13 21:22:30.020810
PAY-46F65524-826A,CUST-01330,MERCH-049,701,USD,PENDING,2026-09-23 13:08:59.020810
PAY-D6595262-0A85,CUST-00271,MERCH-049,64013,USD,FAILED,2026-09-16 00:18:39.020810
PAY-54B3EFF1-C10C,CUST-00769,MERCH-021,81329,GBP,FAILED,2026-09-08 05:05:51.020810
PAY-60B02996-B4E3,CUST-00087,MERCH-023,58776,NGN,SUCCESS,2026-09-18 23:37:56.020810
PAY-33C8DCBD-7BB3,CUST-01431,MERCH-049,67567,USD,SUCCESS,2026-09-22 09:15:06.020810
PAY-2C5A8733-06F7,CUST-01027,MERCH-049,140167,USD,SUCCESS,2026-09-05 14:25:04.020810
PAY-984B95DD-CBDB,CUST-00901,MERCH-024,4764,USD,SUCCESS,2026-09-15 06:31:43.020810
PAY-DC38648F-53C2,CUST-00498,MERCH-026,134198,USD,SUCCESS,2026-09-14 23:04:02.020810
PAY-C31BD124-9788,CUST-01120,MERCH-010,92847,GBP,SUCCESS,2026-09-07 12:40:07.020810
PAY-172BE4A6-E0A4,CUST-01469,MERCH-037,131155,USD,PENDING,2026-09-23 16:32:25.020810
PAY-AD2C9408-0113,CUST-00510,MERCH-034,72968,USD,PENDING,2026-09-19 16:37:05.020810
PAY-B1C13AC1-2EB3,CUST-01459,MERCH-026,40416,EUR,SUCCESS,2026-09-21 17:10:23.020810
PAY-0169067E-A344,CUST-00405,MERCH-009,112668,EUR,FAILED,2026-09-12 23:07:00.020810
PAY-BDE7650C-8727,CUST-00079,MERCH-025,122028,USD,PENDING,2026-09-21 07:59:25.020810
PAY-8D817BC8-D2C5,CUST-01238,MERCH-050,107389,USD,SUCCESS,2026-09-27 10:27:00.020810
PAY-67F01CFB-4AB2,CUST-00582,MERCH-038,34407,USD,SUCCESS,2026-09-05 08:02:45.020810
PAY-9877385F-4352,CUST-00764,MERCH-038,149121,USD,PENDING,2026-09-16 19:50:49.020810
PAY-B32D1734-6E9D,CUST-00993,MERCH-043,35860,USD,SUCCESS,2026-09-10 05:07:29.020810
PAY-E4D8AB23-5922,CUST-00104,MERCH-017,137977,USD,PENDING,2026-09-10 18:53:27.020810
PAY-2CB9D3B8-15E0,CUST-00793,MERCH-012,108170,NGN,FAILED,2026-09-09 19:20:42.020810
PAY-4B9E37FF-DC15,CUST-01155,MERCH-040,3404,NGN,FAILED,2026-09-08 00:15:58.020810
PAY-39DD2FCB-E79E,CUST-00787,MERCH-027,19550,NGN,FAILED,2026-09-21 02:04:30.020810
PAY-5810F467-930D,CUST-00930,MERCH-037,107502,USD,SUCCESS,2026-09-30 01:54:32.020810
PAY-368DA67B-743C,CUST-00363,MERCH-013,99316,EUR,SUCCESS,2026-09-18 11:51:24.020810
PAY-33F79400-B072,CUST-01250,MERCH-038,40954,USD,SUCCESS,2026-09-30 22:11:40.020810
PAY-C3999985-7D90,CUST-01205,MERCH-048,144197,NGN,SUCCESS,2026-10-01 00:58:21.020810
PAY-8328CA62-02F1,CUST-00508,MERCH-014,145425,GBP,FAILED,2026-09-17 07:44:09.020810
PAY-3034E2B4-1550,CUST-00978,MERCH-026,135443,NGN,PENDING,2026-09-28 17:57:07.020810
PAY-92187172-DA9F,CUST-00951,MERCH-046,118711,GBP,SUCCESS,2026-09-25 19:24:40.020810
PAY-1AD8CBBA-9684,CUST-01252,MERCH-012,114225,USD,SUCCESS,2026-09-19 19:47:56.020810
PAY-6D7F3B05-9A28,CUST-00026,MERCH-020,65265,GBP,PENDING,2026-09-07 15:39:11.020810
PAY-F2B7B30D-1978,CUST-00522,MERCH-034,13307,GBP,SUCCESS,2026-09-10 03:21:43.020810
PAY-0D54DA3A-136D,CUST-01072,MERCH-017,65254,USD,SUCCESS,2026-10-01 06:34:20.020810
PAY-92B1D047-D1FB,CUST-00196,MERCH-021,138880,USD,SUCCESS,2026-09-11 11:22:23.020810
PAY-7B75E43A-CAB0,CUST-00389,MERCH-049,22687,USD,FAILED,2026-09-30 20:38:52.020810
PAY-9CC98757-FAA6,CUST-00317,MERCH-009,3080,USD,SUCCESS,2026-09-21 07:04:48.020810
PAY-2D6FE8AA-DA92,CUST-00061,MERCH-001,76415,NGN,SUCCESS,2026-09-04 23:40:02.020810
PAY-ADB6C670-3D76,CUST-00610,MERCH-004,105068,USD,SUCCESS,2026-09-24 09:35:53.020810
PAY-73753D72-0DB2,CUST-00301,MERCH-040,80443,USD,SUCCESS,2026-09-05 00:38:46.020810
PAY-0B037838-C283,CUST-01336,MERCH-043,9348,USD,SUCCESS,2026-09-12 18:27:56.020810
PAY-01CDF9D3-C70D,CUST-00583,MERCH-047,19038,USD,SUCCESS,2026-09-29 03:19:30.020810
PAY-91EA8D1F-7507,CUST-00446,MERCH-020,4873,GBP,SUCCESS,2026-09-07 11:54:50.020810
PAY-031A9B32-C525,CUST-00419,MERCH-034,130446,NGN,SUCCESS,2026-09-29 16:00:41.020810
PAY-E85C7761-466E,CUST-00659,MERCH-010,123727,USD,FAILED,2026-09-28 03:29:19.020810
PAY-E39A6818-BF07,CUST-00272,MERCH-003,142096,USD,SUCCESS,2026-09-30 11:15:52.020810
PAY-672B75A7-C999,CUST-00891,MERCH-042,101096,EUR,SUCCESS,2026-09-17 15:26:08.020810
PAY-FEB32E0A-C809,CUST-00609,MERCH-011,78317,GBP,PENDING,2026-09-08 07:58:51.020810
PAY-7D74CB77-CF60,CUST-00024,MERCH-022,15078,USD,SUCCESS,2026-09-09 02:30:18.020810
PAY-60EA8D18-B814,CUST-01063,MERCH-012,88798,USD,PENDING,2026-09-13 02:16:32.020810
PAY-A50C4C2F-7F37,CUST-00476,MERCH-002,127503,GBP,PENDING,2026-09-29 10:33:15.020810
PAY-4C405C1C-11FD,CUST-00874,MERCH-028,27318,USD,FAILED,2026-10-01 07:17:51.020810
PAY-F7DC3ED0-C103,CUST-01275,MERCH-017,105535,USD,SUCCESS,2026-09-28 21:07:21.020810
PAY-029169EB-6EC6,CUST-00257,MERCH-037,9401,NGN,SUCCESS,2026-09-28 05:23:37.020810
PAY-24CAFA86-D54B,CUST-01330,MERCH-024,140471,NGN,SUCCESS,2026-09-21 06:54:08.020810
PAY-2925E58B-5813,CUST-00270,MERCH-001,124719,GBP,SUCCESS,2026-09-05 21:25:37.020810
PAY-5E9C6DFE-54CC,CUST-01350,MERCH-024,1228,USD,SUCCESS,2026-09-13 16:48:26.020810
PAY-84E374AA-BA12,CUST-00919,MERCH-040,107727,USD,SUCCESS,2026-09-21 14:07:03.020810
PAY-D5088429-CDF2,CUST-00206,MERCH-034,87847,EUR,SUCCESS,2026-09-22 15:53:30.020810
PAY-AD510443-68AC,CUST-00984,MERCH-010,2263,USD,SUCCESS,2026-09-15 20:30:27.020810
PAY-16C7ECAD-6027,CUST-00635,MERCH-016,129147,USD,FAILED,2026-09-16 16:17:01.020810
PAY-344FF351-E563,CUST-00528,MERCH-008,83858,GBP,SUCCESS,2026-09-09 16:31:37.020810
PAY-F39AC9FC-601D,CUST-00462,MERCH-005,126895,USD,FAILED,2026-09-11 04:24:59.020810
PAY-5480A074-9DE5,CUST-01353,MERCH-040,106590,USD,SUCCESS,2026-09-17 02:03:52.020810
PAY-FD75177A-D914,CUST-00199,MERCH-001,130576,USD,SUCCESS,2026-09-04 06:34:36.020810
PAY-746D6C95-77B4,CUST-01004,MERCH-032,44948,USD,SUCCESS,2026-09-11 07:04:15.020810
PAY-9D1CFB16-3B42,CUST-00151,MERCH-032,16781,EUR,SUCCESS,2026-09-18 17:31:05.020810
PAY-8B954AEE-0180,CUST-00463,MERCH-027,47512,USD,SUCCESS,2026-09-05 22:34:32.020810
PAY-A8BE3504-1F27,CUST-00093,MERCH-010,19107,USD,SUCCESS,2026-09-17 22:46:36.020810
PAY-EE2C3371-5C19,CUST-01210,MERCH-013,127450,NGN,SUCCESS,2026-09-26 18:57:02.020810
PAY-C8B05A32-6C45,CUST-00397,MERCH-014,11068,EUR,SUCCESS,2026-09-24 01:41:20.020810
PAY-403A74B3-1381,CUST-00389,MERCH-020,77550,EUR,SUCCESS,2026-09-10 16:23:23.020810
PAY-B1441C13-E6CC,CUST-00636,MERCH-018,75633,USD,FAILED,2026-09-23 12:47:38.020810
PAY-0D2A11C0-DBCF,CUST-01127,MERCH-039,71523,USD,FAILED,2026-09-01 18:17:25.020810
PAY-E9EF916D-C5E2,CUST-01011,MERCH-028,116873,USD,PENDING,2026-09-03 00:06:06.020810
PAY-647172A2-C872,CUST-01095,MERCH-027,59611,GBP,PENDING,2026-09-08 00:06:11.020810
PAY-4AB641BC-3153,CUST-00646,MERCH-005,123821,USD,SUCCESS,2026-09-02 00:10:38.020810
PAY-6D9CAF3A-1CFD,CUST-00847,MERCH-021,19188,GBP,PENDING,2026-09-05 10:59:21.020810
PAY-A38E5751-0187,CUST-00966,MERCH-041,146609,NGN,SUCCESS,2026-09-03 09:56:19.020810
PAY-91667BCE-007E,CUST-00732,MERCH-006,63124,GBP,SUCCESS,2026-09-25 05:18:03.020810
PAY-91657D91-3D8E,CUST-01347,MERCH-011,91493,USD,SUCCESS,2026-09-27 21:15:15.020810
PAY-8B3D0657-CD08,CUST-00161,MERCH-018,101039,USD,PENDING,2026-09-18 19:55:19.020810
PAY-F1AF63E0-C56A,CUST-00395,MERCH-017,19734,USD,SUCCESS,2026-09-03 13:20:41.020810
PAY-4F8C60B1-5C7B,CUST-01144,MERCH-023,881,USD,SUCCESS,2026-09-26 11:04:59.020810
PAY-399FBF9A-99C4,CUST-00706,MERCH-023,21223,USD,SUCCESS,2026-09-28 04:42:22.020810
PAY-AC77FD8F-47E4,CUST-01493,MERCH-048,84637,USD,FAILED,2026-09-06 09:22:55.020810
PAY-146E5DA9-C9BF,CUST-00926,MERCH-017,103365,NGN,SUCCESS,2026-09-14 22:13:05.020810
PAY-7A710EF3-E8EF,CUST-01371,MERCH-024,31163,USD,SUCCESS,2026-09-13 20:09:10.020810
PAY-66A6CE69-69F2,CUST-00816,MERCH-004,124440,EUR,SUCCESS,2026-09-25 15:17:32.020810
PAY-10EEF06B-2E2D,CUST-00006,MERCH-004,3464,USD,SUCCESS,2026-09-15 14:18:20.020810
PAY-AD5B1BF9-B8D2,CUST-01204,MERCH-016,82153,NGN,SUCCESS,2026-09-02 08:52:21.020810
PAY-197472F2-1AD0,CUST-00654,MERCH-020,141946,USD,PENDING,2026-09-07 10:46:23.020810
PAY-E7597E8C-1254,CUST-00566,MERCH-002,143612,EUR,FAILED,2026-09-13 19:52:57.020810
PAY-7EFC3E20-ED1B,CUST-00307,MERCH-012,141960,USD,PENDING,2026-09-05 17:04:09.020810
PAY-32C5F35D-363B,CUST-00050,MERCH-044,100801,EUR,PENDING,2026-09-11 21:42:02.020810
PAY-FB45D667-86D5,CUST-00807,MERCH-050,10961,EUR,FAILED,2026-09-09 12:58:32.020810
PAY-4E294842-46C6,CUST-00489,MERCH-033,143103,USD,SUCCESS,2026-09-19 19:18:25.020810
PAY-2F75E459-F34E,CUST-01136,MERCH-026,6015,GBP,SUCCESS,2026-09-15 06:54:04.020810
PAY-46184A55-EFB1,CUST-01352,MERCH-029,142184,USD,SUCCESS,2026-09-27 16:33:12.020810
PAY-44B00EF4-0F05,CUST-00026,MERCH-010,84830,GBP,SUCCESS,2026-09-20 18:36:12.020810
PAY-3B0F4CEC-BA64,CUST-00323,MERCH-039,24235,GBP,SUCCESS,2026-09-18 03:55:35.020810
PAY-15D40991-830C,CUST-00783,MERCH-019,54671,USD,SUCCESS,2026-09-22 23:42:59.020810
PAY-BCEBE11C-84AD,CUST-00418,MERCH-047,90296,USD,SUCCESS,2026-09-13 06:00:04.020810
PAY-CC591349-4572,CUST-01477,MERCH-027,52951,USD,SUCCESS,2026-09-08 04:09:29.020810
PAY-69E2924E-A33D,CUST-00114,MERCH-013,123294,NGN,SUCCESS,2026-10-01 02:57:07.020810
PAY-24ED1F08-8DCE,CUST-00615,MERCH-017,132394,EUR,SUCCESS,2026-09-02 18:16:02.020810
PAY-ED1DF40D-771E,CUST-01039,MERCH-004,128264,EUR,SUCCESS,2026-09-22 17:30:37.020810
PAY-8E2DE4D0-68D6,CUST-00088,MERCH-033,146878,EUR,FAILED,2026-10-01 03:12:20.020810
PAY-24FDA8D3-5563,CUST-00990,MERCH-003,44589,EUR,SUCCESS,2026-09-30 17:15:28.020810
PAY-7C8B3BA1-5699,CUST-00085,MERCH-044,24789,EUR,SUCCESS,2026-09-07 11:04:12.020810
PAY-D40FCB2C-A908,CUST-01108,MERCH-047,58789,USD,SUCCESS,2026-09-15 10:54:59.020810
PAY-6D6A75D6-4368,CUST-00162,MERCH-006,38578,USD,SUCCESS,2026-09-11 10:50:56.020810
PAY-EDE2B76B-F554,CUST-00799,MERCH-025,25730,EUR,SUCCESS,2026-09-06 15:00:07.020810
PAY-677963FA-2505,CUST-00687,MERCH-035,145608,USD,SUCCESS,2026-09-15 03:22:40.020810
PAY-C0689CD0-6173,CUST-00694,MERCH-036,90391,EUR,SUCCESS,2026-09-04 01:00:10.020810
PAY-7A344DAC-08EE,CUST-00334,MERCH-026,49382,USD,FAILED,2026-09-13 10:56:23.020810
PAY-2C1D79E3-AC5B,CUST-01348,MERCH-008,106216,USD,SUCCESS,2026-09-07 04:01:33.020810
PAY-16BA09C0-5563,CUST-00067,MERCH-019,42163,USD,SUCCESS,2026-09-23 20:05:48.020810
PAY-1CA71B92-C631,CUST-00301,MERCH-002,59715,EUR,SUCCESS,2026-09-16 23:29:26.020810
PAY-81E0FF48-2A29,CUST-01231,MERCH-031,125293,USD,SUCCESS,2026-09-02 02:21:30.020810
PAY-166CAB3E-025D,CUST-00978,MERCH-018,73511,EUR,PENDING,2026-09-19 09:32:02.020810
PAY-7474693C-01E4,CUST-00607,MERCH-031,139914,USD,SUCCESS,2026-09-04 12:15:25.020810
PAY-7E07B9F7-6FE9,CUST-01391,MERCH-044,52060,GBP,FAILED,2026-09-08 10:29:27.020810
PAY-C88BD309-01EF,CUST-00164,MERCH-029,76331,GBP,SUCCESS,2026-09-04 20:12:03.020810
PAY-5CC64A12-DB75,CUST-00800,MERCH-048,89355,GBP,SUCCESS,2026-09-05 07:44:29.020810
PAY-6939CE9A-9B14,CUST-01494,MERCH-016,71881,USD,SUCCESS,2026-09-29 17:57:14.020810
PAY-1D65A181-95B0,CUST-00863,MERCH-032,107500,EUR,SUCCESS,2026-09-20 13:38:40.020810
PAY-117B37CA-6607,CUST-00271,MERCH-027,65563,USD,SUCCESS,2026-09-10 11:40:31.020810
PAY-15DC11C5-19D0,CUST-00670,MERCH-045,99046,USD,PENDING,2026-09-29 17:32:00.020810
PAY-9FD33239-E2FF,CUST-00006,MERCH-024,4067,USD,SUCCESS,2026-09-13 00:35:39.020810
PAY-FAF28C2A-DD10,CUST-00283,MERCH-048,19812,GBP,SUCCESS,2026-09-20 10:00:40.020810
PAY-269DFA58-939E,CUST-01095,MERCH-020,34510,EUR,FAILED,2026-09-02 13:20:57.020810
PAY-5000C00A-7F61,CUST-00766,MERCH-032,118051,NGN,PENDING,2026-09-28 17:25:23.020810
PAY-46F9725F-6B6D,CUST-00013,MERCH-014,136011,USD,SUCCESS,2026-09-20 14:32:54.020810
PAY-0E700AA4-5349,CUST-00822,MERCH-004,14087,USD,SUCCESS,2026-09-17 19:25:08.020810
PAY-0E24386A-66A5,CUST-00806,MERCH-016,104368,USD,SUCCESS,2026-09-03 18:34:36.020810
PAY-7E04C2F3-8485,CUST-00811,MERCH-016,2692,GBP,SUCCESS,2026-09-22 19:48:20.020810
PAY-7E26F987-D8CB,CUST-00760,MERCH-003,139672,USD,SUCCESS,2026-09-08 00:47:46.020810
PAY-BEF69900-8EE1,CUST-01313,MERCH-006,70225,USD,PENDING,2026-09-22 13:56:09.020810
PAY-AB9F5668-B91C,CUST-00017,MERCH-040,32136,USD,SUCCESS,2026-09-28 05:11:00.020810
PAY-510036AC-5636,CUST-00023,MERCH-014,11982,USD,SUCCESS,2026-09-30 05:40:40.020810
PAY-CF1E99E4-5920,CUST-01214,MERCH-008,15888,USD,FAILED,2026-09-09 18:19:24.020810
PAY-312CC3F6-0F04,CUST-00486,MERCH-041,38029,USD,SUCCESS,2026-09-03 03:45:35.020810
PAY-DD160D71-DDCB,CUST-00748,MERCH-009,69258,USD,FAILED,2026-09-02 21:20:37.020810
PAY-4F718AD0-4EFB,CUST-00695,MERCH-011,121104,EUR,SUCCESS,2026-09-11 11:14:37.020810
PAY-7EF91875-A1E9,CUST-00760,MERCH-037,96619,USD,PENDING,2026-09-24 10:51:25.020810
PAY-DFDF0267-6A67,CUST-00474,MERCH-008,49435,GBP,FAILED,2026-09-29 15:30:22.020810
PAY-66F8304C-022B,CUST-00804,MERCH-003,140339,GBP,SUCCESS,2026-09-04 03:54:28.020810
PAY-DC9B09CD-414E,CUST-00882,MERCH-003,121995,USD,PENDING,2026-09-08 05:12:10.020810
PAY-2B81661B-E3AC,CUST-00715,MERCH-032,84826,NGN,SUCCESS,2026-09-16 02:12:43.020810
PAY-A6C2B5B4-21B1,CUST-00528,MERCH-018,36430,USD,PENDING,2026-09-30 10:12:53.020810
PAY-EB340DC1-E4B0,CUST-00090,MERCH-021,146471,USD,PENDING,2026-09-15 15:12:24.020810
PAY-AC66465C-5C37,CUST-01239,MERCH-019,86844,USD,SUCCESS,2026-09-15 14:36:17.020810
PAY-64C9566F-575B,CUST-00462,MERCH-033,33099,USD,SUCCESS,2026-09-06 03:42:15.020810
PAY-617087BB-AC54,CUST-01142,MERCH-002,32160,USD,SUCCESS,2026-09-28 23:52:22.020810
PAY-66510365-6DE4,CUST-01472,MERCH-036,102549,EUR,PENDING,2026-09-30 15:41:56.020810
PAY-28A2EA61-A52E,CUST-00713,MERCH-041,139277,USD,SUCCESS,2026-09-18 18:25:33.020810
PAY-1FCE78C6-E952,CUST-00433,MERCH-019,87052,USD,SUCCESS,2026-09-15 11:53:53.020810
PAY-3E19457D-D22F,CUST-00816,MERCH-026,44507,USD,SUCCESS,2026-09-09 08:59:34.020810
PAY-5A67E0D2-344F,CUST-01223,MERCH-044,39666,USD,SUCCESS,2026-09-19 18:25:51.020810
PAY-2C0FE24F-500A,CUST-00253,MERCH-032,130272,USD,FAILED,2026-10-01 16:30:05.020810
PAY-3582BECC-F264,CUST-00108,MERCH-021,100084,USD,PENDING,2026-09-21 12:50:51.020810
PAY-45CD13A5-6126,CUST-00025,MERCH-016,27382,NGN,PENDING,2026-09-21 13:59:53.020810
PAY-A96FB2F9-EED3,CUST-00861,MERCH-009,142519,NGN,SUCCESS,2026-09-16 18:53:50.020810
PAY-45920EAB-0593,CUST-00867,MERCH-002,3248,USD,SUCCESS,2026-09-23 11:44:06.020810
PAY-EAACFAC5-95A7,CUST-00607,MERCH-029,111019,GBP,PENDING,2026-09-09 05:55:14.020810
PAY-7BBD021D-CE1C,CUST-00832,MERCH-002,52074,GBP,SUCCESS,2026-09-08 02:54:44.020810
PAY-F0D5553C-624F,CUST-00724,MERCH-005,132612,GBP,SUCCESS,2026-09-19 12:34:46.020810
PAY-DC25952B-98F4,CUST-00748,MERCH-002,98662,USD,FAILED,2026-09-05 04:55:08.020810
PAY-1FD9A002-5BA2,CUST-00408,MERCH-044,18286,USD,PENDING,2026-09-01 23:16:47.020810
PAY-A7CCC105-89D1,CUST-00904,MERCH-015,111428,USD,PENDING,2026-09-06 03:14:31.020810
PAY-5B66F791-CC6C,CUST-01018,MERCH-007,111451,USD,FAILED,2026-09-17 02:23:47.020810
PAY-A332EF82-58AF,CUST-00111,MERCH-023,115853,GBP,PENDING,2026-09-27 07:40:36.020810
PAY-0594E680-2CDC,CUST-01172,MERCH-004,34303,USD,PENDING,2026-09-19 21:15:22.020810
PAY-578BE7B6-B644,CUST-00368,MERCH-017,20174,USD,SUCCESS,2026-09-16 10:18:18.020810
PAY-38704C4D-B160,CUST-00429,MERCH-016,86063,USD,FAILED,2026-09-30 10:26:30.020810
PAY-96685149-BD9C,CUST-00630,MERCH-029,70059,USD,FAILED,2026-09-29 06:59:20.020810
PAY-5233FF78-CC61,CUST-00116,MERCH-046,69762,EUR,SUCCESS,2026-09-19 23:32:08.020810
PAY-45B27BDC-9FFB,CUST-01499,MERCH-048,56544,NGN,SUCCESS,2026-09-19 11:52:26.020810
PAY-0248C6C2-A167,CUST-00199,MERCH-044,123062,GBP,SUCCESS,2026-09-17 06:52:15.020810
PAY-FC63ACFC-0437,CUST-01196,MERCH-004,121147,USD,SUCCESS,2026-09-17 06:13:23.020810
PAY-F89E1D45-55F9,CUST-00253,MERCH-037,138050,USD,SUCCESS,2026-09-05 15:20:29.020810
PAY-FBB67DB4-A2DA,CUST-01306,MERCH-037,104796,USD,SUCCESS,2026-09-27 13:27:11.020810
PAY-B954D788-FBF9,CUST-00891,MERCH-048,106567,USD,SUCCESS,2026-09-16 08:07:02.020810
PAY-B166AAAF-24FF,CUST-01190,MERCH-014,87033,GBP,SUCCESS,2026-09-22 14:48:37.020810
PAY-21B22A3F-BA68,CUST-00796,MERCH-008,62117,GBP,SUCCESS,2026-09-28 15:19:54.020810
PAY-CA59685D-400A,CUST-00399,MERCH-021,130234,EUR,SUCCESS,2026-10-01 05:42:55.020810
PAY-D8BD0564-A020,CUST-00541,MERCH-041,121087,USD,SUCCESS,2026-09-28 22:07:57.020810
PAY-5A191690-C9F4,CUST-00811,MERCH-036,98608,USD,PENDING,2026-09-02 02:14:53.020810
PAY-854424BC-1B0C,CUST-01407,MERCH-030,49189,GBP,SUCCESS,2026-09-04 03:29:06.020810
PAY-EF04D392-B912,CUST-00498,MERCH-048,124768,GBP,SUCCESS,2026-09-24 23:24:51.020810
PAY-B225987A-37B3,CUST-01498,MERCH-006,70062,USD,SUCCESS,2026-09-28 01:44:15.020810
PAY-5F792F3E-45B3,CUST-00501,MERCH-001,148260,GBP,FAILED,2026-09-06 15:00:14.020810
PAY-83918DA2-D539,CUST-00381,MERCH-011,94840,GBP,SUCCESS,2026-09-02 23:56:21.020810
PAY-CA740971-C1C7,CUST-00886,MERCH-032,57388,USD,FAILED,2026-09-13 12:01:10.020810
PAY-107831B1-A713,CUST-00389,MERCH-010,126082,USD,SUCCESS,2026-10-01 01:33:26.020810
PAY-4B9E574E-BF16,CUST-00436,MERCH-044,55637,USD,SUCCESS,2026-09-08 05:27:05.020810
PAY-17AE017A-F26E,CUST-01159,MERCH-026,68415,USD,SUCCESS,2026-09-15 19:00:42.020810
PAY-18DC0D38-EBDE,CUST-00082,MERCH-012,35462,USD,SUCCESS,2026-09-28 23:25:11.020810
PAY-E101DC28-C2C5,CUST-00660,MERCH-016,103990,USD,SUCCESS,2026-09-09 17:06:29.020810
PAY-2F1FAFF5-67E7,CUST-00943,MERCH-025,49476,USD,SUCCESS,2026-10-01 17:24:39.020810
PAY-BBCB999E-514F,CUST-00529,MERCH-011,124598,EUR,SUCCESS,2026-09-23 02:00:28.020810
PAY-8F673ABC-EDC1,CUST-00485,MERCH-040,59176,GBP,FAILED,2026-09-09 11:58:04.020810
PAY-B1378DBC-C68B,CUST-01477,MERCH-035,37381,USD,SUCCESS,2026-09-18 04:09:41.020810
PAY-E03D2ED2-6FCE,CUST-00096,MERCH-009,48304,GBP,SUCCESS,2026-09-13 07:49:43.020810
PAY-BEBD675F-2EF1,CUST-00045,MERCH-037,66393,USD,SUCCESS,2026-09-06 07:36:59.020810
PAY-D706BE20-5EC7,CUST-01411,MERCH-001,111460,EUR,SUCCESS,2026-09-04 22:13:21.020810
PAY-290E2184-E12F,CUST-01264,MERCH-013,46424,NGN,PENDING,2026-09-12 19:46:31.020810
PAY-E6BFED3E-3A1D,CUST-01058,MERCH-018,36754,USD,SUCCESS,2026-09-15 23:57:03.020810
PAY-97E59BDF-8C16,CUST-00436,MERCH-020,19007,USD,SUCCESS,2026-09-25 18:29:34.020810
PAY-B15D438D-DFA2,CUST-01239,MERCH-038,39651,USD,SUCCESS,2026-09-27 06:10:34.020810
PAY-4F960B13-4B49,CUST-01246,MERCH-001,87374,USD,SUCCESS,2026-09-25 05:14:34.020810
PAY-1AA761C8-1996,CUST-00658,MERCH-006,70945,USD,PENDING,2026-09-17 16:38:11.020810
PAY-955C966E-225D,CUST-01414,MERCH-022,102475,USD,PENDING,2026-09-07 21:58:02.020810
PAY-CECD5EA6-872C,CUST-00118,MERCH-029,114904,USD,SUCCESS,2026-09-17 11:13:15.020810
PAY-E4EF0E96-6120,CUST-01165,MERCH-045,18703,USD,SUCCESS,2026-10-01 08:08:13.020810
PAY-830EAF2B-A620,CUST-00414,MERCH-036,33088,USD,PENDING,2026-09-12 11:50:03.020810
PAY-2DAEA824-536D,CUST-00061,MERCH-001,75039,NGN,SUCCESS,2026-09-20 20:28:26.020810
PAY-4BA81633-40C7,CUST-00504,MERCH-014,48814,USD,SUCCESS,2026-09-09 06:27:32.020810
PAY-DB101AF8-8EF8,CUST-00886,MERCH-041,34128,USD,SUCCESS,2026-09-09 01:35:30.020810
PAY-D3B11D78-F64B,CUST-01010,MERCH-029,122885,USD,SUCCESS,2026-09-24 10:47:50.020810
PAY-056F1240-33BF,CUST-00448,MERCH-014,109071,USD,SUCCESS,2026-09-05 10:04:32.020810
PAY-8AD1A12C-C7FF,CUST-01487,MERCH-033,104944,USD,SUCCESS,2026-09-03 09:32:08.020810
PAY-B2AA3550-558A,CUST-00823,MERCH-020,7912,NGN,SUCCESS,2026-09-24 23:16:01.020810
PAY-A252DDE7-D797,CUST-00908,MERCH-001,146910,GBP,FAILED,2026-09-11 19:45:14.020810
PAY-52C39733-FE3A,CUST-00741,MERCH-004,99708,NGN,FAILED,2026-09-13 07:31:39.020810
PAY-017A170C-DEF5,CUST-00071,MERCH-022,82601,EUR,PENDING,2026-10-01 13:58:30.020810
PAY-1302B53C-41F9,CUST-00348,MERCH-040,80253,USD,SUCCESS,2026-09-26 04:43:17.020810
PAY-B9116906-B02E,CUST-00278,MERCH-041,22733,NGN,FAILED,2026-09-15 17:20:37.020810
PAY-5977C6BA-984E,CUST-01491,MERCH-003,78490,NGN,FAILED,2026-09-24 17:10:43.020810
PAY-749F2080-5BC5,CUST-01491,MERCH-004,130538,GBP,FAILED,2026-09-08 04:18:14.020810
PAY-6FAF6AC4-9DE4,CUST-00554,MERCH-002,124557,GBP,SUCCESS,2026-09-22 20:13:14.020810
PAY-B16ED328-661F,CUST-00752,MERCH-033,112704,NGN,FAILED,2026-09-09 20:45:54.020810
PAY-1AC5742A-BFA4,CUST-00929,MERCH-027,97821,GBP,SUCCESS,2026-09-08 10:38:46.020810
PAY-47370486-5580,CUST-01166,MERCH-001,42417,USD,SUCCESS,2026-09-22 14:49:39.020810
PAY-CA6BF802-CC1A,CUST-00029,MERCH-003,106625,NGN,SUCCESS,2026-09-13 15:45:53.020810
PAY-02684D2F-4133,CUST-00391,MERCH-033,106285,USD,SUCCESS,2026-09-19 01:55:41.020810
PAY-F9DB5321-6CD9,CUST-00538,MERCH-027,74614,GBP,FAILED,2026-09-05 04:52:52.020810
PAY-81D5FF20-7A2E,CUST-01175,MERCH-029,83091,GBP,SUCCESS,2026-09-14 17:34:40.020810
PAY-ED682163-9CF8,CUST-01219,MERCH-032,55252,USD,SUCCESS,2026-09-30 05:09:39.020810
PAY-ECEAA41B-F597,CUST-00214,MERCH-034,127483,USD,FAILED,2026-09-12 07:42:02.020810
PAY-8349B987-F251,CUST-01177,MERCH-035,20786,USD,SUCCESS,2026-09-15 05:50:49.020810
PAY-99BFD505-3367,CUST-00528,MERCH-039,112500,USD,SUCCESS,2026-09-26 07:49:25.020810
PAY-66DA88C4-267A,CUST-00071,MERCH-038,82703,NGN,SUCCESS,2026-09-17 01:11:07.020810
PAY-EC9DB9E0-FD85,CUST-00030,MERCH-019,54904,GBP,SUCCESS,2026-09-30 17:59:49.020810
PAY-B1E9B302-728D,CUST-00293,MERCH-027,78251,USD,SUCCESS,2026-09-22 22:46:18.020810
PAY-A76E6209-5602,CUST-00444,MERCH-009,58809,USD,FAILED,2026-09-08 03:44:06.020810
PAY-83135B82-A318,CUST-01210,MERCH-017,27089,USD,SUCCESS,2026-09-20 06:05:42.020810
PAY-C5702525-1F92,CUST-00268,MERCH-007,144168,USD,SUCCESS,2026-09-09 09:02:56.020810
PAY-7C4AACDE-0B65,CUST-01200,MERCH-046,20063,GBP,SUCCESS,2026-09-27 15:57:30.020810
PAY-C94DDEB3-68E0,CUST-01353,MERCH-007,76080,USD,FAILED,2026-09-17 18:08:15.020810
PAY-1E86BCB6-7E95,CUST-01152,MERCH-022,66423,EUR,SUCCESS,2026-09-12 19:48:17.020810
PAY-33E0BFCE-B8FB,CUST-00034,MERCH-001,48328,EUR,SUCCESS,2026-09-05 07:30:53.020810
PAY-CF858A85-D16D,CUST-01403,MERCH-029,43320,EUR,SUCCESS,2026-09-22 23:15:35.020810
PAY-26A899E4-3893,CUST-00282,MERCH-013,139712,NGN,SUCCESS,2026-09-30 11:25:46.020810
PAY-66A5D179-3554,CUST-01441,MERCH-020,79188,NGN,SUCCESS,2026-09-25 22:03:44.020810
PAY-742A88CF-D985,CUST-00354,MERCH-041,89893,EUR,SUCCESS,2026-09-09 14:29:11.020810
PAY-74BC73EF-9E6E,CUST-00815,MERCH-046,132624,USD,FAILED,2026-09-24 03:24:20.020810
PAY-3C580FFD-F377,CUST-01426,MERCH-032,135082,EUR,SUCCESS,2026-09-04 21:00:19.020810
PAY-B030D7D2-A0AB,CUST-01027,MERCH-034,34255,USD,SUCCESS,2026-09-08 14:52:05.020810
PAY-EB77A0A2-1FE3,CUST-00420,MERCH-029,143640,NGN,PENDING,2026-09-27 06:51:41.020810
PAY-F754FDDF-6A33,CUST-01330,MERCH-031,86962,USD,PENDING,2026-09-04 13:32:33.020810
PAY-109704C5-1548,CUST-01347,MERCH-035,18166,NGN,SUCCESS,2026-09-15 20:12:31.020810
PAY-82C80636-350A,CUST-00795,MERCH-034,101273,EUR,SUCCESS,2026-09-04 03:50:03.020810
PAY-F0E1F090-F443,CUST-01429,MERCH-005,67456,EUR,SUCCESS,2026-09-11 11:07:27.020810
PAY-D9E7F2E9-25FE,CUST-01179,MERCH-042,105570,USD,SUCCESS,2026-09-19 17:21:46.020810
PAY-8C64C76D-3C61,CUST-00627,MERCH-030,141135,USD,FAILED,2026-09-29 16:03:40.020810
PAY-25DE0917-AD48,CUST-00556,MERCH-026,85583,USD,SUCCESS,2026-09-02 22:44:13.020810
PAY-89121915-9BDB,CUST-01056,MERCH-028,71105,GBP,SUCCESS,2026-09-23 07:16:54.020810
PAY-5BE4FFB7-4E9C,CUST-01162,MERCH-050,51040,USD,PENDING,2026-09-20 12:52:10.020810
PAY-398CBF4D-54DF,CUST-01390,MERCH-035,1471,GBP,SUCCESS,2026-09-13 11:29:27.020810
PAY-F9C0A7F8-3330,CUST-01272,MERCH-029,53277,USD,PENDING,2026-09-09 05:48:23.020810
PAY-8A7D5931-36A4,CUST-00809,MERCH-008,142845,USD,SUCCESS,2026-09-04 05:15:18.020810
PAY-2C0462C8-C37C,CUST-00122,MERCH-037,109861,USD,SUCCESS,2026-09-08 14:07:42.020810
PAY-2D875555-CB99,CUST-00172,MERCH-025,35210,EUR,FAILED,2026-09-21 05:07:43.020810
PAY-25CC4F2C-2195,CUST-00016,MERCH-007,85081,NGN,FAILED,2026-09-22 02:00:19.020810
PAY-C084D5EF-BF42,CUST-00730,MERCH-021,133293,USD,SUCCESS,2026-09-23 14:02:04.020810
PAY-30E8628C-BAA9,CUST-00833,MERCH-018,131378,NGN,SUCCESS,2026-09-17 19:18:08.020810
PAY-EA503A18-0F2C,CUST-01363,MERCH-034,85034,USD,PENDING,2026-09-21 02:35:24.020810
PAY-461D7F2D-F212,CUST-00672,MERCH-049,129876,USD,SUCCESS,2026-09-19 03:50:35.020810
PAY-D76374D1-5D72,CUST-00722,MERCH-007,67285,GBP,PENDING,2026-09-10 02:45:27.020810
PAY-38660E0E-F0A6,CUST-00964,MERCH-028,1999,USD,PENDING,2026-09-15 02:07:11.020810
PAY-56746F3C-0EAB,CUST-00015,MERCH-004,137804,USD,SUCCESS,2026-09-20 12:23:48.020810
PAY-BE65692A-483B,CUST-00915,MERCH-022,109270,NGN,PENDING,2026-09-27 01:13:21.020810
PAY-055E7F15-6C94,CUST-01088,MERCH-009,15570,USD,SUCCESS,2026-09-15 21:25:43.020810
PAY-7CF070E9-4854,CUST-00732,MERCH-005,100800,USD,SUCCESS,2026-09-21 21:22:42.020810
PAY-32CFCED9-17F5,CUST-00723,MERCH-017,28421,USD,SUCCESS,2026-09-17 12:57:18.020810
PAY-F0984872-8FD2,CUST-00316,MERCH-012,79808,USD,SUCCESS,2026-09-14 05:15:13.020810
PAY-F6111DB2-DB51,CUST-00533,MERCH-005,124313,USD,FAILED,2026-09-26 15:03:16.020810
PAY-ACCA3445-2C02,CUST-00607,MERCH-001,53378,USD,SUCCESS,2026-09-08 17:38:13.020810
PAY-A6F0A5C6-48CC,CUST-00413,MERCH-034,140592,GBP,FAILED,2026-09-21 11:50:22.020810
PAY-F78DE8E7-1B5B,CUST-00873,MERCH-002,61679,USD,SUCCESS,2026-09-26 15:21:53.020810
PAY-C9512A5B-6584,CUST-00652,MERCH-031,17152,EUR,SUCCESS,2026-09-03 19:00:13.020810
PAY-E4F9AC85-5C73,CUST-00927,MERCH-002,107509,GBP,SUCCESS,2026-09-13 15:48:42.020810
PAY-3EE6017C-CF46,CUST-00398,MERCH-003,70697,USD,SUCCESS,2026-09-16 05:44:03.020810
PAY-4482CC89-9676,CUST-00316,MERCH-014,108296,EUR,PENDING,2026-09-26 15:31:23.020810
PAY-EF820441-8954,CUST-00125,MERCH-012,87737,USD,SUCCESS,2026-09-03 22:52:42.020810
PAY-9132A0E7-69B1,CUST-01498,MERCH-004,140661,USD,SUCCESS,2026-09-27 23:59:08.020810
PAY-2A7D807F-5C47,CUST-00458,MERCH-002,73370,GBP,SUCCESS,2026-10-01 07:23:35.020810
PAY-597A5017-11F6,CUST-00142,MERCH-014,3676,NGN,SUCCESS,2026-09-14 19:43:56.020810
PAY-51F7347C-2DC7,CUST-01196,MERCH-050,17857,NGN,FAILED,2026-09-22 18:58:24.020810
PAY-7EE88096-5618,CUST-01244,MERCH-031,127585,USD,SUCCESS,2026-09-30 17:01:11.020810
PAY-FE1ABC07-33F4,CUST-01180,MERCH-032,71996,USD,SUCCESS,2026-09-08 07:23:42.020810
PAY-F304F8BC-1398,CUST-00690,MERCH-010,70944,USD,SUCCESS,2026-09-28 17:05:26.020810
PAY-C05778B7-DB65,CUST-00225,MERCH-014,102537,NGN,SUCCESS,2026-09-19 08:37:31.020810
PAY-5F6B92B7-8DD2,CUST-01249,MERCH-018,3955,GBP,PENDING,2026-09-27 07:45:19.020810
PAY-F2EB8EA4-722D,CUST-00612,MERCH-021,122144,GBP,SUCCESS,2026-09-03 19:24:03.020810
PAY-1E8EFF15-CBB9,CUST-00420,MERCH-023,129512,USD,SUCCESS,2026-09-20 02:10:27.020810
PAY-4C6F7C7C-1DC2,CUST-00613,MERCH-033,84875,USD,SUCCESS,2026-09-02 10:41:21.020810
PAY-F7AB7325-B9A5,CUST-01021,MERCH-041,66354,GBP,SUCCESS,2026-09-12 13:44:20.020810
PAY-781D4A04-BB2D,CUST-01387,MERCH-002,144287,USD,PENDING,2026-09-18 02:34:14.020810
PAY-3E02EF3C-C3BD,CUST-00093,MERCH-009,785,USD,SUCCESS,2026-09-22 17:44:10.020810
PAY-3FAC48F8-E970,CUST-00346,MERCH-046,66291,GBP,SUCCESS,2026-10-01 17:02:15.020810
PAY-EC68DDB5-1E0B,CUST-00554,MERCH-010,61649,EUR,SUCCESS,2026-09-03 21:47:54.020810
PAY-ED44EC8C-36BB,CUST-00185,MERCH-023,37177,GBP,SUCCESS,2026-09-27 12:12:19.020810
PAY-00554711-E78F,CUST-00681,MERCH-034,5103,USD,SUCCESS,2026-09-15 08:50:30.020810
PAY-F74BDAC2-CD6D,CUST-00960,MERCH-013,40756,USD,SUCCESS,2026-09-16 21:54:20.020810
PAY-7D0FEB06-AB62,CUST-00084,MERCH-015,148223,USD,SUCCESS,2026-09-06 10:28:08.020810
PAY-B967AFB8-21CC,CUST-00902,MERCH-043,124013,USD,SUCCESS,2026-09-24 01:56:20.020810
PAY-B76A69F0-8BA2,CUST-00586,MERCH-035,121158,USD,SUCCESS,2026-09-22 23:05:01.020810
PAY-EB8DE037-50C4,CUST-00743,MERCH-040,30300,USD,SUCCESS,2026-09-19 11:47:44.020810
PAY-43F2376A-08EC,CUST-01345,MERCH-020,135107,GBP,PENDING,2026-09-04 23:53:40.020810
PAY-1885AE49-0BE7,CUST-00872,MERCH-048,137517,USD,SUCCESS,2026-09-14 17:37:24.020810
PAY-F0069B15-6C2F,CUST-01478,MERCH-011,1468,USD,SUCCESS,2026-09-11 12:54:59.020810
PAY-469D4092-DDFF,CUST-01026,MERCH-034,84386,EUR,SUCCESS,2026-09-08 00:38:44.020810
PAY-3F0F76E3-3931,CUST-01314,MERCH-034,135321,EUR,SUCCESS,2026-09-21 00:04:02.020810
PAY-6471F1C1-E72A,CUST-00567,MERCH-007,110675,USD,FAILED,2026-09-29 10:55:53.020810
PAY-3663FD6C-05C6,CUST-00326,MERCH-016,44622,USD,SUCCESS,2026-09-12 10:15:24.020810
PAY-63BDA970-8F3A,CUST-00880,MERCH-002,144321,NGN,PENDING,2026-09-19 06:18:49.020810
PAY-13AE781A-3412,CUST-00772,MERCH-046,43949,GBP,SUCCESS,2026-09-15 08:21:26.020810
PAY-A2AE55BF-23FE,CUST-00941,MERCH-027,77186,USD,PENDING,2026-09-25 02:05:25.020810
PAY-A8BAC534-7C44,CUST-01058,MERCH-014,116748,USD,PENDING,2026-09-06 13:08:04.020810
PAY-138B6E76-C0AE,CUST-00395,MERCH-045,101149,USD,SUCCESS,2026-09-01 21:05:21.020810
PAY-678F11DE-792B,CUST-00826,MERCH-012,56503,NGN,SUCCESS,2026-09-30 10:00:17.020810
PAY-66928ADD-014B,CUST-01346,MERCH-042,97894,USD,SUCCESS,2026-09-05 22:54:51.020810
PAY-EB37CB90-8B84,CUST-00189,MERCH-034,123377,USD,SUCCESS,2026-09-06 03:25:50.020810
PAY-2BEE19C0-7A23,CUST-01108,MERCH-033,77806,USD,SUCCESS,2026-09-09 00:27:56.020810
PAY-FFE49634-24C6,CUST-00301,MERCH-025,89599,GBP,SUCCESS,2026-09-19 07:44:04.020810
PAY-0483D7A0-DFC5,CUST-01154,MERCH-020,144353,NGN,SUCCESS,2026-09-21 20:54:28.020810
PAY-476091B0-3CEE,CUST-01216,MERCH-002,40545,USD,SUCCESS,2026-09-22 04:00:07.020810
PAY-D5407EC6-20A5,CUST-00483,MERCH-009,38356,EUR,PENDING,2026-09-24 02:19:32.020810
PAY-45CDD5C9-74B2,CUST-00451,MERCH-042,31707,GBP,SUCCESS,2026-09-24 18:09:28.020810
PAY-C54B632A-DF34,CUST-00923,MERCH-040,7571,USD,FAILED,2026-09-26 03:44:49.020810
PAY-46863D5C-E5E3,CUST-00311,MERCH-011,124107,NGN,PENDING,2026-09-12 19:49:44.020810
PAY-C191E8F5-BDB7,CUST-01392,MERCH-037,9914,USD,PENDING,2026-09-04 12:09:03.020810
PAY-B67EAB3B-5C88,CUST-01451,MERCH-049,83431,USD,SUCCESS,2026-09-22 13:19:42.020810
PAY-AFEC0688-88F7,CUST-00559,MERCH-046,117946,USD,SUCCESS,2026-09-28 01:50:40.020810
PAY-C6582B52-1301,CUST-00114,MERCH-043,74049,GBP,PENDING,2026-09-28 13:32:16.020810
PAY-CD86BE0C-5009,CUST-00955,MERCH-029,85162,GBP,SUCCESS,2026-09-29 23:01:02.020810
PAY-BB1AE215-33FA,CUST-01441,MERCH-017,117198,USD,FAILED,2026-09-05 04:26:50.020810
PAY-7722FF09-4EE9,CUST-00862,MERCH-032,82780,USD,FAILED,2026-09-16 23:58:51.020810
PAY-5E3119E3-9F56,CUST-00415,MERCH-038,20788,EUR,SUCCESS,2026-09-27 05:39:49.020810
PAY-0172D6CC-2466,CUST-01116,MERCH-035,119102,USD,PENDING,2026-09-03 16:33:04.020810
PAY-232DFEC2-D011,CUST-00431,MERCH-030,17882,USD,SUCCESS,2026-09-26 17:15:49.020810
PAY-7277F804-698E,CUST-00723,MERCH-038,84492,GBP,SUCCESS,2026-09-04 21:41:26.020810
PAY-AA7A104D-5C47,CUST-01012,MERCH-039,146730,GBP,SUCCESS,2026-09-04 13:51:24.020810
PAY-CD04CE00-E50F,CUST-01190,MERCH-020,134174,USD,PENDING,2026-09-19 16:47:56.020810
PAY-3F0F7ED3-4249,CUST-01247,MERCH-049,44447,USD,SUCCESS,2026-09-20 17:16:49.020810
PAY-D174A0AB-DE49,CUST-00830,MERCH-036,133021,USD,SUCCESS,2026-09-11 22:58:21.020810
PAY-F1E973C6-4AD8,CUST-00540,MERCH-036,116706,EUR,SUCCESS,2026-09-26 14:23:43.020810
PAY-EA10CCF4-423F,CUST-00842,MERCH-014,6491,GBP,FAILED,2026-09-27 06:00:15.020810
PAY-0B49FA30-3D76,CUST-00319,MERCH-002,104988,USD,SUCCESS,2026-09-25 00:15:02.020810
PAY-54B5516D-0348,CUST-00163,MERCH-010,105134,EUR,SUCCESS,2026-09-13 07:14:32.020810
PAY-C5CDE7C0-3F53,CUST-01396,MERCH-007,30519,USD,SUCCESS,2026-09-10 12:22:47.020810
PAY-F09194C9-0872,CUST-01294,MERCH-043,7802,EUR,SUCCESS,2026-10-01 00:18:08.020810
PAY-EE58AF8E-C904,CUST-01295,MERCH-022,143940,USD,FAILED,2026-09-06 00:58:10.020810
PAY-D15203FF-F6C7,CUST-01120,MERCH-007,149154,GBP,SUCCESS,2026-09-09 06:24:48.020810
PAY-4BE74304-B08B,CUST-01326,MERCH-035,101940,GBP,SUCCESS,2026-09-27 03:31:25.020810
PAY-C70A4EB7-C20B,CUST-01343,MERCH-049,134388,GBP,SUCCESS,2026-09-06 12:42:31.020810
PAY-6005B433-ED69,CUST-00275,MERCH-002,2346,GBP,SUCCESS,2026-09-25 11:16:52.020810
PAY-C68CD61D-1192,CUST-00823,MERCH-025,10107,USD,SUCCESS,2026-09-30 16:34:12.020810
PAY-00FAE7E5-EDD4,CUST-00243,MERCH-004,35091,USD,SUCCESS,2026-09-23 19:55:59.020810
PAY-E93A3E9F-BB79,CUST-00450,MERCH-031,145947,USD,FAILED,2026-09-08 21:08:56.020810
PAY-7AE7A26B-27B4,CUST-00295,MERCH-025,61046,EUR,SUCCESS,2026-09-28 14:48:28.020810
PAY-3CF0B5B1-FF3F,CUST-00459,MERCH-018,114967,USD,PENDING,2026-09-26 13:59:33.020810
PAY-426BA256-8462,CUST-01355,MERCH-020,119545,GBP,FAILED,2026-10-01 05:56:48.020810
PAY-F1B71BCE-D287,CUST-00095,MERCH-016,12096,USD,SUCCESS,2026-09-17 02:34:13.020810
PAY-9BE6FB42-EB72,CUST-00862,MERCH-032,121149,USD,SUCCESS,2026-09-17 16:13:34.020810
PAY-33EEE65E-BD88,CUST-01047,MERCH-040,136438,USD,SUCCESS,2026-09-21 20:15:46.020810
PAY-10759DAC-2AC4,CUST-01495,MERCH-015,89188,EUR,SUCCESS,2026-09-11 00:43:56.020810
PAY-9EB8A7F5-75DE,CUST-00726,MERCH-045,3978,USD,PENDING,2026-09-23 09:55:28.020810
PAY-1D9C36E8-B3AB,CUST-00998,MERCH-029,27123,USD,FAILED,2026-09-13 05:17:49.020810
PAY-0B48D9F3-566C,CUST-00350,MERCH-043,26753,USD,SUCCESS,2026-09-12 08:12:10.020810
PAY-80F5AF12-84B3,CUST-00662,MERCH-022,11695,USD,FAILED,2026-09-18 06:37:36.020810
PAY-9506C28B-3DBC,CUST-01396,MERCH-050,115837,USD,PENDING,2026-09-17 05:01:39.020810
PAY-55484455-F05E,CUST-01385,MERCH-003,33786,USD,SUCCESS,2026-09-19 02:40:51.020810
PAY-2BEC0CD6-9F6C,CUST-01319,MERCH-006,125920,EUR,SUCCESS,2026-09-27 05:37:27.020810
PAY-79D70FF3-BF7D,CUST-01266,MERCH-039,135917,GBP,SUCCESS,2026-09-12 13:35:22.020810
PAY-D51186B3-C140,CUST-00561,MERCH-046,69550,USD,FAILED,2026-09-15 08:35:49.020810
PAY-6844CE81-05B1,CUST-00092,MERCH-020,133957,NGN,SUCCESS,2026-09-19 14:31:39.020810
PAY-1D6DD6B3-9579,CUST-01101,MERCH-014,20514,GBP,SUCCESS,2026-09-06 20:08:27.020810
PAY-54D0EE79-15C1,CUST-00638,MERCH-005,127219,GBP,SUCCESS,2026-09-16 17:41:58.020810
PAY-E50AFD53-9636,CUST-00106,MERCH-042,40446,USD,SUCCESS,2026-09-06 17:29:55.020810
PAY-87034D67-5695,CUST-00465,MERCH-042,13402,USD,SUCCESS,2026-09-17 10:10:06.020810
PAY-97134E6B-FC05,CUST-00407,MERCH-026,116883,USD,SUCCESS,2026-09-27 18:23:22.020810
PAY-A6FFB47D-B2B5,CUST-00234,MERCH-021,140436,NGN,SUCCESS,2026-09-20 20:42:09.020810
PAY-12D7B976-D8AC,CUST-01233,MERCH-005,115295,USD,SUCCESS,2026-09-03 13:51:06.020810
PAY-1830CF2C-03DC,CUST-00923,MERCH-040,141461,NGN,SUCCESS,2026-09-23 10:17:40.020810
PAY-C8E71EE7-1557,CUST-00110,MERCH-010,79812,USD,SUCCESS,2026-09-13 00:37:52.020810
PAY-7FEF2BBF-FE58,CUST-01286,MERCH-018,112265,USD,SUCCESS,2026-09-19 02:18:46.020810
PAY-DEDB2244-80AA,CUST-01050,MERCH-019,108506,USD,SUCCESS,2026-09-14 13:04:45.020810
PAY-CEC6BDB4-D6C4,CUST-00969,MERCH-037,6985,USD,SUCCESS,2026-09-16 00:04:42.020810
PAY-F1CB8817-9628,CUST-00475,MERCH-050,112507,USD,SUCCESS,2026-09-22 07:19:21.020810
PAY-E0346BCC-314D,CUST-00611,MERCH-002,113747,NGN,PENDING,2026-09-04 23:32:42.020810
PAY-DF94BA29-4B50,CUST-00447,MERCH-009,84202,USD,SUCCESS,2026-10-01 12:34:09.020810
PAY-AB221CC8-4954,CUST-00983,MERCH-014,133153,EUR,SUCCESS,2026-09-25 23:06:45.020810
PAY-F3D2735C-D9FA,CUST-01356,MERCH-014,93578,USD,SUCCESS,2026-09-07 12:51:54.020810
PAY-382F8D0D-8922,CUST-01193,MERCH-032,119252,NGN,PENDING,2026-09-19 12:40:18.020810
PAY-0540EEC9-A82A,CUST-01447,MERCH-011,39114,USD,SUCCESS,2026-09-30 22:53:45.020810
PAY-A266FEE4-6D5C,CUST-01357,MERCH-029,27883,NGN,PENDING,2026-09-13 02:15:46.020810
PAY-725E65CC-2CF1,CUST-01043,MERCH-026,55124,NGN,SUCCESS,2026-09-28 22:07:32.020810
PAY-3090F191-C22D,CUST-01456,MERCH-003,148594,USD,SUCCESS,2026-09-08 09:27:49.020810
PAY-97E01439-EB68,CUST-00182,MERCH-022,97044,USD,SUCCESS,2026-09-28 21:43:06.020810
PAY-243E63CB-66D0,CUST-01445,MERCH-043,43407,USD,PENDING,2026-09-16 12:43:32.020810
PAY-4B1521A4-4D2D,CUST-00465,MERCH-015,79165,GBP,SUCCESS,2026-09-10 06:08:21.020810
PAY-F7433B1D-3FCE,CUST-00186,MERCH-025,18580,GBP,SUCCESS,2026-09-19 20:35:26.020810
PAY-6A8D4BFC-C503,CUST-01127,MERCH-023,141413,GBP,SUCCESS,2026-09-14 02:27:34.020810
PAY-AE0FFBDA-7FF5,CUST-00507,MERCH-038,102490,USD,SUCCESS,2026-09-22 18:30:35.020810
PAY-D0A3DA9E-06A4,CUST-00050,MERCH-030,79114,USD,SUCCESS,2026-09-11 19:43:02.020810
PAY-E7DADF9C-2CF0,CUST-00598,MERCH-025,67243,USD,PENDING,2026-09-24 14:52:43.020810
PAY-6FE0661A-D63D,CUST-00797,MERCH-012,91038,USD,SUCCESS,2026-09-07 16:43:03.020810
PAY-DB5F05AD-B568,CUST-01295,MERCH-037,143308,USD,SUCCESS,2026-09-19 01:49:08.020810
PAY-163DDDC9-3DE6,CUST-00581,MERCH-042,128178,USD,FAILED,2026-09-05 18:06:48.020810
PAY-5846A236-5742,CUST-00549,MERCH-048,30621,USD,SUCCESS,2026-10-01 08:36:43.020810
PAY-4FEB79C8-8FAE,CUST-00870,MERCH-005,1270,EUR,SUCCESS,2026-09-23 05:06:14.020810
PAY-FDACB7A8-7046,CUST-00690,MERCH-001,43907,USD,PENDING,2026-09-09 14:25:26.020810
PAY-D1730DDB-F979,CUST-00158,MERCH-033,106534,USD,SUCCESS,2026-09-06 07:45:33.020810
PAY-CAFCC304-69DF,CUST-01157,MERCH-036,75651,NGN,SUCCESS,2026-09-05 05:51:00.020810
PAY-DA4E5FDA-07E1,CUST-00203,MERCH-015,72185,USD,PENDING,2026-09-16 07:32:36.020810
PAY-6D6CCA83-A574,CUST-01368,MERCH-031,15854,USD,SUCCESS,2026-09-20 12:37:01.020810
PAY-CC2516F9-78AE,CUST-01445,MERCH-038,147943,GBP,PENDING,2026-09-14 03:27:24.020810
PAY-308C28CF-8ABC,CUST-00417,MERCH-045,118398,USD,SUCCESS,2026-09-25 09:24:58.020810
PAY-01710EF7-C817,CUST-00590,MERCH-002,33366,GBP,FAILED,2026-09-07 23:51:33.020810
PAY-9D66B27D-317F,CUST-01098,MERCH-026,63772,USD,SUCCESS,2026-09-15 18:27:08.020810
PAY-B3DB6DBF-43B6,CUST-00413,MERCH-050,40231,USD,PENDING,2026-09-03 03:35:45.020810
PAY-13C40625-DE4B,CUST-00870,MERCH-041,8251,GBP,PENDING,2026-09-18 15:30:05.020810
PAY-EFA96AC5-A25D,CUST-01178,MERCH-047,101286,GBP,SUCCESS,2026-09-30 03:55:52.020810
PAY-D9477C8B-2553,CUST-01449,MERCH-012,146731,USD,FAILED,2026-09-07 10:00:38.020810
PAY-EC5F7668-B21B,CUST-00387,MERCH-027,119099,EUR,SUCCESS,2026-09-20 01:33:27.020810
PAY-3CA6BA37-D69C,CUST-00942,MERCH-008,99473,USD,PENDING,2026-09-30 20:59:20.020810
PAY-0A16C730-4396,CUST-00851,MERCH-027,20936,USD,SUCCESS,2026-09-22 21:35:37.020810
PAY-EC05D8E3-BCD8,CUST-00004,MERCH-009,103825,EUR,SUCCESS,2026-09-16 23:23:01.020810
PAY-5E144B59-2F2D,CUST-00493,MERCH-018,8907,USD,FAILED,2026-09-10 04:47:40.020810
PAY-CC9944FF-E98D,CUST-00276,MERCH-009,58218,USD,SUCCESS,2026-09-08 05:53:31.020810
PAY-B15C9DFC-4228,CUST-00551,MERCH-040,143163,USD,FAILED,2026-09-30 07:42:24.020810
PAY-B809099B-BFB8,CUST-00082,MERCH-005,115245,NGN,FAILED,2026-09-11 21:24:36.020810
PAY-13268FC9-1744,CUST-00868,MERCH-036,110856,NGN,SUCCESS,2026-09-12 11:20:00.020810
PAY-CD09646D-9193,CUST-01000,MERCH-023,4732,USD,SUCCESS,2026-10-01 17:16:38.020810
PAY-6DB3BF21-B9C2,CUST-00193,MERCH-031,19418,USD,FAILED,2026-09-23 17:12:16.020810
PAY-DEEB87CD-8ADC,CUST-00671,MERCH-010,72872,EUR,PENDING,2026-09-16 12:52:35.020810
PAY-39C275B3-0F6D,CUST-00827,MERCH-008,77508,USD,SUCCESS,2026-09-15 01:49:45.020810
PAY-8FE2D43D-BC71,CUST-00056,MERCH-040,55888,USD,SUCCESS,2026-09-09 17:30:10.020810
PAY-5F825F59-FBA2,CUST-00503,MERCH-050,16927,USD,SUCCESS,2026-09-18 18:30:30.020810
PAY-21A3FEE2-5D31,CUST-00938,MERCH-020,95001,USD,SUCCESS,2026-09-20 22:55:36.020810
PAY-F5E389D1-F64A,CUST-00890,MERCH-020,99300,USD,SUCCESS,2026-09-08 13:26:01.020810
PAY-770CE7D7-3720,CUST-00108,MERCH-008,101092,USD,SUCCESS,2026-09-28 10:30:15.020810
PAY-17E2B55A-20D2,CUST-00505,MERCH-032,100012,USD,SUCCESS,2026-09-07 23:36:07.020810
PAY-2F52DCC1-9CC1,CUST-00447,MERCH-005,94007,USD,SUCCESS,2026-09-29 07:30:22.020810
PAY-27BBA5A1-F141,CUST-01317,MERCH-025,88280,USD,SUCCESS,2026-10-01 11:37:09.020810
PAY-3B5C353C-F2EF,CUST-00730,MERCH-038,48395,EUR,FAILED,2026-09-09 10:13:00.020810
PAY-35A82C50-A90D,CUST-00996,MERCH-044,98968,USD,SUCCESS,2026-09-23 01:16:49.020810
PAY-F6708DF1-3904,CUST-00539,MERCH-006,12291,GBP,SUCCESS,2026-09-16 06:07:14.020810
PAY-71F1F29F-6DFA,CUST-00054,MERCH-014,85271,EUR,SUCCESS,2026-09-28 08:09:35.020810
PAY-7D0EB781-8890,CUST-00006,MERCH-012,90487,USD,FAILED,2026-09-17 23:56:16.020810
PAY-A5329DFE-9E1B,CUST-00131,MERCH-047,71563,USD,SUCCESS,2026-09-11 20:51:42.020810
PAY-638FE5D7-2941,CUST-00591,MERCH-044,144502,USD,SUCCESS,2026-09-14 04:14:25.020810
PAY-6C9FACB1-3D85,CUST-00818,MERCH-031,47834,USD,SUCCESS,2026-09-08 14:05:49.020810
PAY-AEDBE632-70DF,CUST-01093,MERCH-035,708,GBP,FAILED,2026-09-12 20:38:18.020810
PAY-FDD8883F-4165,CUST-00616,MERCH-031,61691,USD,PENDING,2026-09-13 11:12:34.020810
PAY-CD7E9975-69CB,CUST-00136,MERCH-017,72849,USD,SUCCESS,2026-09-19 07:00:57.020810
PAY-7FD7F839-3044,CUST-00775,MERCH-047,98487,GBP,FAILED,2026-09-05 19:41:56.020810
PAY-FB292623-A50F,CUST-01407,MERCH-031,52397,EUR,SUCCESS,2026-09-15 22:52:26.020810
PAY-194BBE43-F7A7,CUST-00305,MERCH-023,30504,USD,PENDING,2026-09-06 06:18:17.020810
PAY-F8946A20-D5DB,CUST-00534,MERCH-045,120558,USD,SUCCESS,2026-09-30 07:40:48.020810
PAY-4CB306A8-76CC,CUST-01078,MERCH-034,83551,USD,FAILED,2026-09-24 09:46:07.020810
PAY-BFEF8C46-DBED,CUST-00438,MERCH-005,2617,USD,SUCCESS,2026-09-08 06:19:38.020810
PAY-F128EA41-E69C,CUST-00593,MERCH-001,84970,USD,SUCCESS,2026-09-30 01:37:29.020810
PAY-D7BA97DC-4078,CUST-00585,MERCH-016,130404,EUR,SUCCESS,2026-09-23 03:46:27.020810
PAY-80ADAE6F-CF43,CUST-01333,MERCH-028,25340,EUR,SUCCESS,2026-09-22 09:15:55.020810
PAY-3113CD72-8D9B,CUST-01053,MERCH-013,139000,USD,SUCCESS,2026-09-04 06:30:15.020810
PAY-01814D5E-01DA,CUST-00766,MERCH-033,16169,USD,SUCCESS,2026-09-04 06:18:25.020810
PAY-A8A93A55-1B35,CUST-00205,MERCH-047,126440,USD,FAILED,2026-09-27 18:34:31.020810
PAY-B0724DA2-2B97,CUST-00499,MERCH-006,54535,GBP,SUCCESS,2026-09-16 21:43:13.020810
PAY-D0DB207D-D040,CUST-01193,MERCH-006,24643,USD,PENDING,2026-09-17 12:20:42.020810
PAY-F78E6120-A248,CUST-00133,MERCH-017,114043,EUR,SUCCESS,2026-09-12 20:48:31.020810
PAY-85CF7424-2589,CUST-00986,MERCH-035,45282,GBP,SUCCESS,2026-09-21 18:50:58.020810
PAY-8F06723A-F16A,CUST-01293,MERCH-007,127871,USD,SUCCESS,2026-09-02 11:24:47.020810
PAY-4726E5A5-7BDF,CUST-01124,MERCH-005,120065,USD,PENDING,2026-09-28 09:34:50.020810
PAY-12EC268B-A541,CUST-00200,MERCH-003,106770,USD,SUCCESS,2026-10-01 14:52:48.020810
PAY-31F8BBC0-E533,CUST-01293,MERCH-034,111451,NGN,PENDING,2026-09-17 07:06:54.020810
PAY-E9DA9E3C-14E1,CUST-00617,MERCH-009,119550,EUR,SUCCESS,2026-09-17 19:26:51.020810
PAY-ED999A7F-CF22,CUST-00109,MERCH-027,1102,USD,FAILED,2026-09-28 08:33:32.020810
PAY-B5F32EA7-00A5,CUST-00293,MERCH-028,52384,USD,SUCCESS,2026-09-29 19:49:35.020810
PAY-9332ECD9-00CB,CUST-00501,MERCH-047,98092,USD,SUCCESS,2026-09-05 06:11:44.020810
PAY-94DE1BDA-0FEB,CUST-00540,MERCH-012,3707,USD,SUCCESS,2026-09-11 06:45:08.020810
PAY-22F6FFE7-837A,CUST-00828,MERCH-003,48914,USD,SUCCESS,2026-09-04 07:42:00.020810
PAY-8720FB73-92D1,CUST-00400,MERCH-004,132149,USD,SUCCESS,2026-09-10 17:45:14.020810
PAY-BA989386-08F1,CUST-00885,MERCH-022,5445,EUR,FAILED,2026-09-18 00:39:14.020810
PAY-07E7759F-3017,CUST-01383,MERCH-021,44592,USD,SUCCESS,2026-09-08 11:05:43.020810
PAY-D07C19B2-4041,CUST-00591,MERCH-048,25623,USD,SUCCESS,2026-09-06 09:32:43.020810
PAY-8177784F-5D42,CUST-00593,MERCH-010,106331,USD,SUCCESS,2026-09-03 02:00:27.020810
PAY-5DA9C2FC-3BD9,CUST-00838,MERCH-031,27526,EUR,SUCCESS,2026-09-03 12:54:44.020810
PAY-16F272BF-A20D,CUST-00646,MERCH-005,84322,USD,SUCCESS,2026-09-14 04:33:45.020810
PAY-E1017673-2A2C,CUST-01206,MERCH-037,5505,GBP,SUCCESS,2026-09-08 15:14:43.020810
PAY-A2F9FB6B-AA13,CUST-00196,MERCH-026,65996,EUR,SUCCESS,2026-09-22 08:40:12.020810
PAY-948E14E5-8DE6,CUST-00422,MERCH-048,37370,EUR,PENDING,2026-09-26 23:13:37.020810
PAY-4F74574C-8C1C,CUST-00264,MERCH-009,73343,NGN,SUCCESS,2026-09-08 09:22:35.020810
PAY-9C88E8DA-F386,CUST-00077,MERCH-003,61345,USD,SUCCESS,2026-09-17 06:27:14.020810
PAY-CBDD6429-683B,CUST-01203,MERCH-009,46663,NGN,SUCCESS,2026-09-10 16:47:12.020810
PAY-70253322-A3B8,CUST-00097,MERCH-024,37157,USD,SUCCESS,2026-09-20 02:20:14.020810
PAY-BB1A1B7D-F87A,CUST-01342,MERCH-002,12652,USD,SUCCESS,2026-09-06 09:34:46.020810
PAY-86909A65-CFDA,CUST-00155,MERCH-008,67615,USD,SUCCESS,2026-09-11 20:13:08.020810
PAY-AAB4089E-1F80,CUST-01095,MERCH-020,59122,USD,PENDING,2026-09-11 21:46:54.020810
PAY-D259F00D-804A,CUST-01180,MERCH-007,60222,GBP,FAILED,2026-09-11 02:24:11.020810
PAY-9408B7C5-0D6B,CUST-01315,MERCH-012,48088,USD,FAILED,2026-09-19 09:50:08.020810
PAY-1EFC084C-7249,CUST-01059,MERCH-025,56776,USD,SUCCESS,2026-09-07 10:12:25.020810
PAY-9278DFED-11DF,CUST-00325,MERCH-016,67127,USD,SUCCESS,2026-09-30 18:34:02.020810
PAY-5261883B-B917,CUST-00688,MERCH-027,87861,USD,PENDING,2026-09-15 12:16:07.020810
PAY-AF87D515-731D,CUST-00259,MERCH-014,49172,USD,SUCCESS,2026-09-16 12:42:06.020810
PAY-A3488097-F893,CUST-01026,MERCH-026,78605,USD,SUCCESS,2026-09-16 05:51:11.020810
PAY-919851AD-8305,CUST-01249,MERCH-029,1804,USD,SUCCESS,2026-09-22 13:04:34.020810
PAY-DBD5A75B-F405,CUST-00355,MERCH-017,134717,GBP,SUCCESS,2026-09-30 02:11:31.020810
PAY-17E793F4-8B5C,CUST-00881,MERCH-028,70655,USD,FAILED,2026-09-11 03:25:57.020810
PAY-73398824-03E1,CUST-00357,MERCH-048,93982,GBP,FAILED,2026-09-04 09:41:53.020810
PAY-91931A7C-A47A,CUST-00507,MERCH-028,124639,EUR,SUCCESS,2026-09-23 18:55:33.020810
PAY-3660E3D8-4138,CUST-01281,MERCH-016,144717,USD,FAILED,2026-09-15 04:36:07.020810
PAY-015AC846-0713,CUST-01305,MERCH-041,46990,GBP,SUCCESS,2026-09-19 06:13:50.020810
PAY-2488628B-22E1,CUST-01274,MERCH-031,93878,USD,FAILED,2026-09-13 00:33:09.020810
PAY-3986EC8C-2F25,CUST-00829,MERCH-050,88215,USD,SUCCESS,2026-09-06 05:30:45.020810
PAY-69D58506-E1DB,CUST-01410,MERCH-012,106480,USD,SUCCESS,2026-09-20 09:10:24.020810
PAY-12D3CEE1-6360,CUST-00760,MERCH-022,17889,NGN,SUCCESS,2026-09-29 01:48:28.020810
PAY-7E05F396-4066,CUST-00548,MERCH-032,41841,USD,SUCCESS,2026-09-20 16:40:29.020810
PAY-A7E4AF85-CE33,CUST-00758,MERCH-016,16380,USD,SUCCESS,2026-09-26 13:25:44.020810
PAY-6475570A-022E,CUST-01269,MERCH-027,79181,USD,SUCCESS,2026-09-21 23:26:08.020810
PAY-14EBD7D3-F305,CUST-00216,MERCH-018,97355,EUR,FAILED,2026-09-24 16:57:50.020810
PAY-28928102-B376,CUST-00449,MERCH-016,97721,USD,SUCCESS,2026-09-21 09:15:27.020810
PAY-84D4D4B6-42B5,CUST-00327,MERCH-019,71487,NGN,SUCCESS,2026-09-23 04:36:44.020810
PAY-6D6764A0-D8B9,CUST-00807,MERCH-028,61664,GBP,SUCCESS,2026-09-17 04:25:56.020810
PAY-D38304F9-28E2,CUST-00693,MERCH-014,107381,GBP,FAILED,2026-09-29 00:01:41.020810
PAY-4F33AA58-8207,CUST-00261,MERCH-049,145057,EUR,PENDING,2026-09-29 17:57:47.020810
PAY-CCE15825-BC54,CUST-00695,MERCH-048,40895,NGN,SUCCESS,2026-09-13 21:16:38.020810
PAY-84E21FD4-ED28,CUST-00594,MERCH-013,129960,USD,SUCCESS,2026-09-20 14:32:36.020810
PAY-5BE6DC6B-24EA,CUST-01214,MERCH-010,27568,GBP,SUCCESS,2026-09-16 05:09:53.020810
PAY-087DA86D-2146,CUST-00694,MERCH-031,41565,USD,SUCCESS,2026-09-05 17:29:25.020810
PAY-1A66E70F-EBAA,CUST-01313,MERCH-030,52015,EUR,SUCCESS,2026-09-22 01:36:04.020810
PAY-14234399-60AD,CUST-01281,MERCH-036,85429,USD,FAILED,2026-09-12 15:52:30.020810
PAY-47647D72-5E85,CUST-00556,MERCH-014,108195,USD,SUCCESS,2026-09-15 16:07:35.020810
PAY-A54FF679-27A2,CUST-01124,MERCH-022,113003,USD,SUCCESS,2026-09-26 00:58:45.020810
PAY-B6B70521-B38C,CUST-00505,MERCH-043,7350,USD,SUCCESS,2026-09-29 19:19:10.020810
PAY-E83C4D74-A19F,CUST-00846,MERCH-007,141638,USD,SUCCESS,2026-09-20 20:24:51.020810
PAY-27AE67FF-2268,CUST-00302,MERCH-019,123809,USD,SUCCESS,2026-09-29 05:03:14.020810
PAY-9E3B21E0-8367,CUST-01209,MERCH-041,143729,NGN,SUCCESS,2026-09-13 05:34:30.020810
PAY-6BFD5F62-673F,CUST-01347,MERCH-005,25713,GBP,FAILED,2026-09-21 22:01:39.020810
PAY-30929D60-1D6D,CUST-00726,MERCH-015,22337,USD,FAILED,2026-09-26 00:50:29.020810
PAY-4C38F862-2AA9,CUST-00208,MERCH-026,52072,USD,SUCCESS,2026-09-26 18:31:22.020810
PAY-4C8DAB49-CC1B,CUST-01423,MERCH-030,8161,USD,FAILED,2026-09-06 01:09:58.020810
PAY-6749EC7D-8CCD,CUST-00502,MERCH-002,55083,USD,FAILED,2026-09-25 21:21:27.020810
PAY-817B94F4-4861,CUST-00971,MERCH-009,15948,USD,PENDING,2026-09-20 04:23:11.020810
PAY-2A855B4F-CFA7,CUST-00966,MERCH-045,1566,USD,SUCCESS,2026-09-09 19:38:55.020810
PAY-BD37056D-BA6E,CUST-00196,MERCH-018,111547,USD,SUCCESS,2026-09-27 19:01:55.020810
PAY-DCAF69A7-2D55,CUST-00988,MERCH-036,146234,EUR,PENDING,2026-09-02 16:26:33.020810
PAY-70BC4093-0FEA,CUST-00287,MERCH-025,55027,USD,PENDING,2026-09-15 02:42:13.020810
PAY-E1EC6C4B-6592,CUST-00242,MERCH-009,75335,EUR,FAILED,2026-09-07 16:53:50.020810
PAY-2CB29CF2-0EB2,CUST-00816,MERCH-013,78579,USD,SUCCESS,2026-09-30 12:05:57.020810
PAY-58FF534F-8832,CUST-00906,MERCH-026,85255,GBP,SUCCESS,2026-09-10 16:30:02.020810
PAY-62C052A5-0048,CUST-01316,MERCH-018,43608,USD,SUCCESS,2026-09-08 18:08:15.020810
PAY-9C4560A0-4336,CUST-00796,MERCH-045,90801,USD,SUCCESS,2026-09-16 03:40:56.020810
PAY-D6662DA5-A766,CUST-00831,MERCH-014,29043,EUR,SUCCESS,2026-09-11 01:01:08.020810
PAY-F17E1D2D-5508,CUST-00943,MERCH-009,79293,USD,SUCCESS,2026-09-30 03:51:27.020810
PAY-54AF01F5-6576,CUST-00024,MERCH-014,69251,USD,SUCCESS,2026-09-20 22:52:43.020810
PAY-89508B28-CADF,CUST-01036,MERCH-043,29293,GBP,FAILED,2026-09-05 15:18:31.020810
PAY-89B0417D-BB45,CUST-00372,MERCH-042,100971,USD,PENDING,2026-09-21 20:04:59.020810
PAY-B96593F0-011F,CUST-01472,MERCH-019,121129,USD,FAILED,2026-09-29 06:58:35.020810
PAY-F93B8A6B-799D,CUST-00182,MERCH-040,118857,USD,SUCCESS,2026-09-21 15:52:23.020810
PAY-4707DF4C-639D,CUST-01377,MERCH-002,144863,USD,SUCCESS,2026-09-21 17:50:56.020810
PAY-50D967BB-C575,CUST-00460,MERCH-014,58348,USD,SUCCESS,2026-09-17 17:04:48.020810
PAY-E6F74687-4FEE,CUST-01229,MERCH-008,27993,USD,SUCCESS,2026-09-03 08:28:38.020810
PAY-96FCDF88-06A8,CUST-00798,MERCH-007,92225,USD,SUCCESS,2026-09-10 00:01:54.020810
PAY-8F8A42F4-0604,CUST-01170,MERCH-002,105712,USD,SUCCESS,2026-09-07 06:31:52.020810
PAY-29F4F3F5-D3E5,CUST-01472,MERCH-016,71831,USD,PENDING,2026-09-29 07:35:36.020810
PAY-4ED5327D-7538,CUST-01498,MERCH-038,21813,NGN,SUCCESS,2026-09-03 09:40:20.020810
PAY-55C1611A-3A93,CUST-00399,MERCH-015,71849,EUR,SUCCESS,2026-09-13 00:03:07.020810
PAY-3BBF6D91-A574,CUST-00557,MERCH-014,110407,NGN,SUCCESS,2026-09-24 21:02:54.020810
PAY-ED1BD73F-BEB4,CUST-00988,MERCH-043,72230,USD,SUCCESS,2026-09-11 17:10:16.020810
PAY-4A60A307-BDF5,CUST-01093,MERCH-007,12451,USD,SUCCESS,2026-09-15 10:06:00.020810
PAY-1A7DEBD8-461D,CUST-01154,MERCH-035,23728,EUR,SUCCESS,2026-09-14 15:17:25.020810
PAY-71C51EE2-9C1D,CUST-01492,MERCH-004,114312,USD,SUCCESS,2026-09-05 05:05:48.020810
PAY-99CB9986-F63F,CUST-01011,MERCH-039,10382,USD,SUCCESS,2026-09-12 06:26:36.020810
PAY-EC207D2F-D7FE,CUST-00152,MERCH-017,24392,GBP,SUCCESS,2026-09-28 04:28:02.020810
PAY-C73F24A3-C9A6,CUST-00213,MERCH-026,74667,USD,SUCCESS,2026-09-02 06:19:59.020810
PAY-C32AA489-3EDD,CUST-01185,MERCH-042,22267,USD,SUCCESS,2026-09-30 09:57:27.020810
PAY-C5E39CC3-FDE9,CUST-00052,MERCH-004,42849,USD,SUCCESS,2026-09-16 21:10:24.020810
PAY-F8246F9A-D661,CUST-00080,MERCH-010,147778,USD,SUCCESS,2026-09-27 11:15:44.020810
PAY-F834EFC7-D1B2,CUST-00855,MERCH-027,106458,USD,SUCCESS,2026-09-07 12:55:02.020810
PAY-8A3D646E-5C3E,CUST-01115,MERCH-003,10869,EUR,SUCCESS,2026-09-05 06:29:20.020810
PAY-C1889B86-794F,CUST-00505,MERCH-019,32479,USD,SUCCESS,2026-09-08 18:24:18.020810
PAY-932CC83F-160D,CUST-00411,MERCH-017,86778,USD,SUCCESS,2026-09-26 02:59:53.020810
PAY-36B9D211-7CBC,CUST-00620,MERCH-036,41377,GBP,PENDING,2026-09-14 10:25:58.020810
PAY-E989D858-5AC3,CUST-00123,MERCH-014,52268,USD,SUCCESS,2026-09-17 06:08:44.020810
PAY-64385C38-92DB,CUST-00153,MERCH-028,125819,USD,SUCCESS,2026-09-04 17:42:27.020810
PAY-56899FC7-4548,CUST-01159,MERCH-043,127813,GBP,FAILED,2026-09-06 10:14:06.020810
PAY-750268B8-ABB7,CUST-01212,MERCH-007,142987,NGN,SUCCESS,2026-09-11 17:30:34.020810
PAY-B600FC8E-B40F,CUST-00783,MERCH-004,85415,USD,FAILED,2026-09-05 15:12:29.020810
PAY-01BA9E0B-E563,CUST-00985,MERCH-007,130395,EUR,PENDING,2026-09-05 22:51:58.020810
PAY-52D95A33-0B96,CUST-00238,MERCH-014,26127,USD,SUCCESS,2026-09-08 07:44:49.020810
PAY-DE559ABB-3369,CUST-01194,MERCH-044,4752,USD,SUCCESS,2026-09-16 18:42:40.020810
PAY-2C6C70E2-AEDE,CUST-00278,MERCH-020,1629,USD,SUCCESS,2026-09-24 06:42:32.020810
PAY-3C84030B-407B,CUST-00331,MERCH-034,23638,USD,SUCCESS,2026-09-28 17:33:52.020810
PAY-4788B54D-F9C8,CUST-00593,MERCH-006,35239,EUR,SUCCESS,2026-09-07 13:06:18.020810
PAY-E0B0464C-17D4,CUST-01093,MERCH-030,83629,GBP,SUCCESS,2026-09-16 06:38:14.020810
PAY-DD29B6A6-F2BD,CUST-00280,MERCH-032,56369,USD,PENDING,2026-09-05 09:40:07.020810
PAY-31CE09F2-C394,CUST-00894,MERCH-031,97100,NGN,SUCCESS,2026-09-26 12:28:22.020810
PAY-41839418-C070,CUST-01006,MERCH-025,112881,GBP,SUCCESS,2026-09-16 01:22:58.020810
PAY-EBCD15ED-1B8B,CUST-00385,MERCH-039,63111,USD,SUCCESS,2026-09-05 05:46:58.020810
PAY-D4F35628-0476,CUST-01135,MERCH-006,131392,USD,FAILED,2026-09-03 13:53:32.020810
PAY-746B4328-08A9,CUST-00618,MERCH-040,99839,EUR,PENDING,2026-09-07 03:44:48.020810
PAY-17EE611C-DC8E,CUST-00251,MERCH-037,44886,EUR,SUCCESS,2026-09-15 15:43:02.020810
PAY-F6030504-ABF9,CUST-00511,MERCH-042,31687,EUR,PENDING,2026-09-09 02:59:40.020810
PAY-36ACC272-DD6B,CUST-00714,MERCH-019,20458,EUR,FAILED,2026-09-04 01:58:51.020810
PAY-F55DD29B-1DAB,CUST-01455,MERCH-016,88453,NGN,SUCCESS,2026-09-05 18:11:42.020810
PAY-1775A888-1088,CUST-00447,MERCH-022,108231,EUR,PENDING,2026-09-04 06:04:30.020810
PAY-0330FCB7-1F52,CUST-01223,MERCH-043,49139,NGN,SUCCESS,2026-09-22 19:04:17.020810
PAY-5EC86F0F-D840,CUST-00796,MERCH-005,144120,USD,SUCCESS,2026-09-21 11:49:15.020810
PAY-FBE7EDF6-DD74,CUST-00519,MERCH-023,44335,USD,SUCCESS,2026-09-18 02:58:54.020810
PAY-8B792D95-F919,CUST-00662,MERCH-012,82259,USD,SUCCESS,2026-09-25 21:03:39.020810
PAY-CB3DE8C2-BBB6,CUST-00154,MERCH-001,95732,USD,SUCCESS,2026-09-08 12:03:24.020810
PAY-25140E35-B927,CUST-00580,MERCH-032,122801,USD,SUCCESS,2026-09-04 21:55:35.020810
PAY-8CEC398A-F6EA,CUST-01196,MERCH-035,72830,USD,SUCCESS,2026-09-30 17:59:30.020810
PAY-2E7C3BE5-610A,CUST-01067,MERCH-034,112152,USD,SUCCESS,2026-09-19 04:19:32.020810
PAY-12BDE79F-69B1,CUST-00800,MERCH-039,133324,USD,FAILED,2026-09-15 11:07:30.020810
PAY-39FBAACC-9F02,CUST-01168,MERCH-039,15797,USD,SUCCESS,2026-09-12 11:33:52.020810
PAY-497C087E-FF1D,CUST-00063,MERCH-024,89821,EUR,SUCCESS,2026-09-06 21:39:04.020810
PAY-06F6F214-2C05,CUST-00887,MERCH-029,105853,NGN,FAILED,2026-09-18 15:29:11.020810
PAY-987590E3-9D6E,CUST-00427,MERCH-024,132847,USD,SUCCESS,2026-09-19 10:21:12.020810
PAY-9F244D0C-BF69,CUST-00607,MERCH-010,118007,USD,SUCCESS,2026-09-10 16:50:09.020810
PAY-A5D8205A-5920,CUST-01307,MERCH-047,119955,USD,SUCCESS,2026-09-05 22:52:47.020810
PAY-605B511C-29BC,CUST-00320,MERCH-025,35435,GBP,SUCCESS,2026-09-21 09:07:35.020810
PAY-CC50924B-D431,CUST-01339,MERCH-024,96695,USD,SUCCESS,2026-09-21 10:09:32.020810
PAY-0E862A70-9596,CUST-00054,MERCH-017,2595,USD,SUCCESS,2026-09-20 08:09:49.020810
PAY-653FAEE0-4E30,CUST-00976,MERCH-002,22258,USD,SUCCESS,2026-09-03 20:05:43.020810
PAY-221385A0-C815,CUST-00603,MERCH-042,29658,NGN,SUCCESS,2026-09-15 01:57:12.020810
PAY-B0571576-20B5,CUST-00456,MERCH-001,133995,USD,SUCCESS,2026-09-20 02:40:40.020810
PAY-3DD16F15-5EA8,CUST-01328,MERCH-027,68834,USD,SUCCESS,2026-09-10 11:56:38.020810
PAY-76245CD5-116A,CUST-00083,MERCH-045,117174,GBP,PENDING,2026-09-26 14:39:26.020810
PAY-07DF1852-2BC8,CUST-00211,MERCH-001,108464,USD,SUCCESS,2026-09-01 22:11:15.020810
PAY-C1ABA93B-D468,CUST-00838,MERCH-035,15965,EUR,SUCCESS,2026-09-30 20:39:53.020810
PAY-0958AFC5-7E02,CUST-01377,MERCH-018,127865,USD,SUCCESS,2026-09-06 15:02:16.020810
PAY-66A27DA5-FC28,CUST-00278,MERCH-035,2520,USD,SUCCESS,2026-09-08 14:08:23.020810
PAY-1897FD07-F26F,CUST-00967,MERCH-027,50877,GBP,FAILED,2026-09-09 22:30:29.020810
PAY-C9330E48-5035,CUST-01028,MERCH-047,32406,USD,SUCCESS,2026-09-07 03:53:19.020810
PAY-A811E48D-C896,CUST-00720,MERCH-043,37201,NGN,SUCCESS,2026-09-09 14:09:46.020810
PAY-36C2DAE3-5DE9,CUST-00470,MERCH-010,39319,GBP,SUCCESS,2026-09-28 13:34:01.020810
PAY-9EE98BEB-760A,CUST-00371,MERCH-012,41138,USD,SUCCESS,2026-09-28 18:03:18.020810
PAY-93E17604-5AD7,CUST-00582,MERCH-001,73302,GBP,SUCCESS,2026-09-27 18:44:03.020810
PAY-06DABA3F-D555,CUST-00965,MERCH-021,138390,USD,SUCCESS,2026-09-09 07:24:48.020810
PAY-F43719DB-E659,CUST-00395,MERCH-023,78398,GBP,PENDING,2026-10-01 04:13:37.020810
PAY-1AC520BE-26F9,CUST-00066,MERCH-001,24687,NGN,PENDING,2026-09-15 00:09:54.020810
PAY-B71CB0DC-364D,CUST-00080,MERCH-047,70748,USD,SUCCESS,2026-09-28 15:55:58.020810
PAY-A3FD6C60-7AFC,CUST-00927,MERCH-039,60314,USD,SUCCESS,2026-09-07 09:07:59.020810
PAY-520C77A0-1F48,CUST-00764,MERCH-007,65059,GBP,PENDING,2026-09-07 08:42:46.020810
PAY-00195DB1-FB32,CUST-00711,MERCH-043,82922,USD,SUCCESS,2026-09-03 04:47:43.020810
PAY-73103BDD-82B4,CUST-00398,MERCH-021,38673,NGN,SUCCESS,2026-09-23 06:19:08.020810
PAY-22DA95B8-A0FF,CUST-00338,MERCH-050,34906,USD,SUCCESS,2026-09-27 12:23:57.020810
PAY-D01C7EED-7514,CUST-00016,MERCH-028,31343,USD,SUCCESS,2026-09-15 19:12:46.020810
PAY-6E69EA40-0D08,CUST-01310,MERCH-045,128786,USD,SUCCESS,2026-09-19 04:54:13.020810
PAY-13DD72FD-4B9B,CUST-01140,MERCH-003,122229,NGN,SUCCESS,2026-09-30 19:50:15.020810
PAY-8CE6F431-46C8,CUST-01074,MERCH-016,33956,USD,PENDING,2026-09-03 04:13:25.020810
PAY-F47B1623-6743,CUST-01107,MERCH-002,6720,USD,SUCCESS,2026-09-05 06:59:41.020810
PAY-FB0C8E97-EAE0,CUST-00615,MERCH-007,86857,GBP,SUCCESS,2026-09-15 17:23:01.020810
PAY-555D89F6-1381,CUST-00497,MERCH-020,87772,GBP,SUCCESS,2026-09-05 12:08:12.020810
PAY-86288A32-C1E4,CUST-00259,MERCH-049,25562,USD,SUCCESS,2026-09-26 13:00:41.020810
PAY-0B341082-22D5,CUST-01344,MERCH-017,123584,USD,FAILED,2026-09-15 17:37:54.020810
PAY-94C5301F-DB07,CUST-01139,MERCH-027,75954,EUR,PENDING,2026-09-23 19:17:35.020810
PAY-DCFD8153-933F,CUST-01288,MERCH-009,10045,GBP,SUCCESS,2026-09-28 11:41:22.020810
PAY-48C51378-4D42,CUST-00359,MERCH-006,146111,GBP,SUCCESS,2026-09-26 12:18:47.020810
PAY-A1FF6266-65CD,CUST-01250,MERCH-015,101563,EUR,FAILED,2026-09-02 20:29:24.020810
PAY-F2417C37-2560,CUST-00455,MERCH-049,130974,USD,SUCCESS,2026-09-18 11:23:27.020810
PAY-9F2D6AB7-4CC7,CUST-01146,MERCH-042,60096,EUR,SUCCESS,2026-09-02 23:14:42.020810
PAY-10E5C4B1-DC76,CUST-00952,MERCH-036,30753,USD,SUCCESS,2026-09-30 03:58:41.020810
PAY-D31A34DA-D6D2,CUST-01368,MERCH-010,58674,USD,SUCCESS,2026-09-06 11:36:29.020810
PAY-D9E49E24-E47B,CUST-01354,MERCH-040,66188,USD,SUCCESS,2026-09-23 08:13:32.020810
PAY-8602805D-9B5E,CUST-00491,MERCH-047,4102,USD,FAILED,2026-09-21 07:08:03.020810
PAY-77A72EB9-8CB5,CUST-00654,MERCH-022,85215,USD,SUCCESS,2026-09-28 13:57:27.020810
PAY-7500970F-4DD2,CUST-00706,MERCH-032,80732,USD,SUCCESS,2026-09-19 19:41:49.020810
PAY-D5C8ED23-5BE4,CUST-01430,MERCH-050,143298,USD,PENDING,2026-09-02 18:29:22.020810
PAY-497840A5-F17B,CUST-00570,MERCH-012,673,NGN,FAILED,2026-09-29 17:10:39.020810
PAY-CBD83D5C-E0E4,CUST-00859,MERCH-039,148988,NGN,SUCCESS,2026-09-22 15:05:24.020810
PAY-8AA4FED3-1660,CUST-01306,MERCH-004,94684,USD,FAILED,2026-09-16 05:25:46.020810
PAY-420B915F-B934,CUST-00314,MERCH-034,142902,EUR,PENDING,2026-10-01 06:15:20.020810
PAY-3FBA5C65-9643,CUST-00879,MERCH-001,17979,EUR,PENDING,2026-09-20 01:43:59.020810
PAY-F43594FD-A854,CUST-01491,MERCH-004,87416,USD,FAILED,2026-09-20 14:50:04.020810
PAY-4A646FAB-FEE6,CUST-00861,MERCH-030,61718,EUR,SUCCESS,2026-09-13 10:30:06.020810
PAY-8B4A4E76-E73C,CUST-00927,MERCH-049,97822,USD,FAILED,2026-09-15 00:41:17.020810
PAY-7E27886C-74EA,CUST-00910,MERCH-003,105114,NGN,SUCCESS,2026-09-05 18:53:10.020810
PAY-757227D7-EA4F,CUST-00652,MERCH-010,109125,EUR,SUCCESS,2026-09-23 07:40:26.020810
PAY-90473DB9-C44B,CUST-00191,MERCH-015,147337,NGN,SUCCESS,2026-09-22 01:29:34.020810
PAY-F0158247-4A31,CUST-00142,MERCH-020,145160,USD,SUCCESS,2026-09-30 06:57:51.020810
PAY-4F9F3C84-A1E1,CUST-00120,MERCH-009,58159,EUR,SUCCESS,2026-09-19 02:57:29.020810
PAY-DE1073C9-E76B,CUST-01301,MERCH-002,73992,EUR,PENDING,2026-09-26 14:44:49.020810
PAY-5DBD3307-E334,CUST-00399,MERCH-031,42634,GBP,SUCCESS,2026-09-21 02:26:24.020810
PAY-4FF3530F-6778,CUST-01312,MERCH-040,78031,NGN,SUCCESS,2026-09-21 01:37:33.020810
PAY-056B236F-550A,CUST-00552,MERCH-020,131282,USD,SUCCESS,2026-09-24 01:56:02.020810
PAY-BE3CA24D-B837,CUST-00370,MERCH-021,139830,USD,FAILED,2026-09-02 04:51:06.020810
PAY-1BFCE7EA-2403,CUST-00578,MERCH-044,63516,USD,SUCCESS,2026-09-10 16:46:57.020810
PAY-36F75F49-C2A5,CUST-00289,MERCH-017,56229,GBP,SUCCESS,2026-09-10 05:02:32.020810
PAY-1A317317-0D8C,CUST-00618,MERCH-033,8864,GBP,FAILED,2026-09-01 23:44:43.020810
PAY-DE5A528D-B918,CUST-00561,MERCH-006,33535,USD,PENDING,2026-09-23 19:34:09.020810
PAY-2E7C1CBA-3C32,CUST-00631,MERCH-008,90155,USD,SUCCESS,2026-09-17 19:49:36.020810
PAY-167BDCE0-C0BE,CUST-00506,MERCH-026,28814,EUR,SUCCESS,2026-09-30 21:39:08.020810
PAY-2AA3F8A3-1C66,CUST-00671,MERCH-035,83160,NGN,SUCCESS,2026-09-18 04:01:55.020810
PAY-0EC55778-2557,CUST-00940,MERCH-019,8048,USD,PENDING,2026-09-30 03:43:03.020810
PAY-C7035425-FF95,CUST-00787,MERCH-012,148113,USD,SUCCESS,2026-09-25 23:33:12.020810
PAY-A3A20B8B-D9EF,CUST-00776,MERCH-001,73258,USD,FAILED,2026-09-09 15:06:39.020810
PAY-1551BA3C-6EDF,CUST-00337,MERCH-024,16604,USD,SUCCESS,2026-09-23 17:01:00.020810
PAY-2B156634-C0EE,CUST-00490,MERCH-049,58597,USD,SUCCESS,2026-09-12 02:13:53.020810
PAY-E52D0ACF-700E,CUST-01346,MERCH-010,76814,EUR,SUCCESS,2026-09-18 03:54:57.020810
PAY-C904CCEC-7735,CUST-00735,MERCH-012,22144,USD,SUCCESS,2026-09-12 13:07:13.020810
PAY-B75FC110-67E5,CUST-00660,MERCH-041,37016,EUR,FAILED,2026-09-27 20:47:49.020810
PAY-EF9C13B7-0501,CUST-01076,MERCH-025,12582,USD,SUCCESS,2026-09-12 17:55:08.020810
PAY-C3EA1F5E-AD2B,CUST-00573,MERCH-002,114554,USD,SUCCESS,2026-09-08 13:05:40.020810
PAY-BFB51D22-C447,CUST-00804,MERCH-012,24262,USD,SUCCESS,2026-10-01 17:19:25.020810
PAY-A776CE68-A19A,CUST-00907,MERCH-011,127737,EUR,PENDING,2026-09-06 13:46:38.020810
PAY-8DCD6656-E2C9,CUST-00606,MERCH-011,36894,USD,FAILED,2026-09-30 21:31:10.020810
PAY-EC952D57-17CB,CUST-00269,MERCH-002,23309,USD,PENDING,2026-09-16 10:05:15.020810
PAY-DE205E8A-EDA4,CUST-00835,MERCH-030,46855,USD,SUCCESS,2026-09-28 01:10:13.020810
PAY-00C85883-4F6C,CUST-00245,MERCH-023,46661,GBP,SUCCESS,2026-09-13 10:40:15.020810
PAY-914A34D9-5922,CUST-00832,MERCH-025,55528,USD,SUCCESS,2026-10-01 02:02:45.020810
PAY-6F871BBC-2A27,CUST-00973,MERCH-001,58510,GBP,SUCCESS,2026-09-20 23:48:53.020810
PAY-9CBE24BA-059B,CUST-00259,MERCH-023,56978,GBP,SUCCESS,2026-09-03 08:39:30.020810
PAY-C8152AAD-8FA0,CUST-00249,MERCH-015,41628,USD,SUCCESS,2026-09-30 05:21:38.020810
PAY-8935610C-DDBD,CUST-01025,MERCH-003,139865,USD,SUCCESS,2026-09-16 10:07:41.020810
PAY-6A36C869-C0D2,CUST-00734,MERCH-001,40142,EUR,SUCCESS,2026-09-10 17:40:09.020810
PAY-EC6C6CEA-7AE5,CUST-00093,MERCH-027,13279,USD,SUCCESS,2026-09-06 09:07:47.020810
PAY-D8571B76-165B,CUST-00218,MERCH-037,64336,GBP,FAILED,2026-09-13 09:03:53.020810
PAY-27B4F90C-33D7,CUST-00434,MERCH-024,128795,GBP,SUCCESS,2026-09-12 17:08:31.020810
PAY-8F4D8D9A-594A,CUST-01238,MERCH-032,16698,GBP,SUCCESS,2026-09-05 20:56:05.020810
PAY-9DA5B142-C195,CUST-00005,MERCH-004,48683,USD,FAILED,2026-09-02 19:26:54.020810
PAY-21E0962A-097F,CUST-01452,MERCH-038,113297,NGN,SUCCESS,2026-09-18 08:10:26.020810
PAY-83D33718-BE83,CUST-00204,MERCH-025,48788,USD,SUCCESS,2026-09-08 20:33:18.020810
PAY-6B12E25E-4FA6,CUST-00698,MERCH-025,129534,USD,PENDING,2026-09-15 09:18:54.020810
PAY-B3606DF8-62F5,CUST-00132,MERCH-033,93272,USD,FAILED,2026-09-19 15:29:06.020810
PAY-309E5050-9DAC,CUST-01229,MERCH-020,118332,USD,FAILED,2026-09-01 21:03:13.020810
PAY-20623FF8-76A4,CUST-01187,MERCH-040,59981,NGN,SUCCESS,2026-09-08 16:21:45.020810
PAY-319A730B-CC62,CUST-00001,MERCH-019,57436,USD,FAILED,2026-09-18 11:07:47.020810
PAY-524702F9-BE0C,CUST-00280,MERCH-048,22217,USD,SUCCESS,2026-09-13 03:12:30.020810
PAY-E8D178FF-31E1,CUST-00789,MERCH-042,122521,EUR,SUCCESS,2026-09-24 12:17:34.020810
PAY-9F38064B-7F0F,CUST-01095,MERCH-050,75175,GBP,SUCCESS,2026-09-05 10:07:05.020810
PAY-A5AD0718-B15C,CUST-00679,MERCH-025,116129,NGN,SUCCESS,2026-09-15 19:37:43.020810
PAY-E64AE9CC-0837,CUST-00590,MERCH-016,3868,EUR,SUCCESS,2026-09-23 07:24:57.020810
PAY-C3A5E10B-5ED6,CUST-00243,MERCH-040,92969,USD,SUCCESS,2026-09-16 02:42:57.020810
PAY-A59F81A9-830D,CUST-00402,MERCH-044,27870,EUR,SUCCESS,2026-10-01 13:52:39.020810
PAY-7DD9436F-2F5E,CUST-00165,MERCH-043,131297,GBP,SUCCESS,2026-09-23 16:03:47.020810
PAY-75047874-0829,CUST-00877,MERCH-027,89624,EUR,FAILED,2026-09-22 12:51:35.020810
PAY-2A8A2E0A-CBAE,CUST-00120,MERCH-023,123951,USD,SUCCESS,2026-09-10 08:10:19.020810
PAY-B1FE44B5-A329,CUST-01328,MERCH-049,18036,USD,SUCCESS,2026-09-22 01:18:05.020810
PAY-CAA720B3-36E5,CUST-00257,MERCH-002,42474,USD,SUCCESS,2026-09-29 16:41:43.020810
PAY-2E61AB66-FE2C,CUST-01135,MERCH-006,125487,USD,FAILED,2026-09-17 08:21:36.020810
PAY-875859BE-577F,CUST-01122,MERCH-004,19945,NGN,SUCCESS,2026-09-21 12:07:23.020810
PAY-7E4F6463-DFDD,CUST-01478,MERCH-040,41362,EUR,SUCCESS,2026-09-04 15:56:57.020810
PAY-0F03F2A7-BA02,CUST-00271,MERCH-016,30352,GBP,SUCCESS,2026-09-05 02:52:11.020810
PAY-246A32A6-5CD9,CUST-00801,MERCH-031,116314,EUR,PENDING,2026-09-28 07:36:07.020810
PAY-FD4EA93B-EE6F,CUST-00050,MERCH-025,112587,USD,FAILED,2026-09-24 22:53:43.020810
PAY-7C00415E-5091,CUST-00419,MERCH-022,36016,USD,SUCCESS,2026-09-13 16:53:18.020810
PAY-94A84F40-A01C,CUST-00310,MERCH-013,32771,GBP,SUCCESS,2026-09-25 08:45:53.020810
PAY-76255519-46DE,CUST-01105,MERCH-023,41214,EUR,SUCCESS,2026-09-30 04:40:00.020810
PAY-FA7D5951-2B8F,CUST-00147,MERCH-009,135980,GBP,SUCCESS,2026-09-20 03:14:04.020810
PAY-9B19A2B1-E04C,CUST-01476,MERCH-019,96873,USD,SUCCESS,2026-09-26 15:26:47.020810
PAY-AA90939A-E44F,CUST-00849,MERCH-015,22464,USD,SUCCESS,2026-09-25 22:22:47.020810
PAY-27ADA629-D31C,CUST-00171,MERCH-019,82175,USD,SUCCESS,2026-09-09 03:32:31.020810
PAY-0AF41128-6552,CUST-00395,MERCH-002,8080,USD,SUCCESS,2026-09-03 16:50:36.020810
PAY-5FA42635-FB76,CUST-00502,MERCH-030,64897,USD,SUCCESS,2026-09-18 02:25:08.020810
PAY-44C4CB87-5423,CUST-01167,MERCH-049,148506,NGN,SUCCESS,2026-09-27 20:51:34.020810
PAY-7AAE7627-2688,CUST-01428,MERCH-010,19675,USD,SUCCESS,2026-09-13 13:38:38.020810
PAY-5F82BB72-9454,CUST-00425,MERCH-010,115149,GBP,SUCCESS,2026-09-14 08:42:31.020810
PAY-74163701-D9C9,CUST-00706,MERCH-039,100140,EUR,SUCCESS,2026-09-26 03:18:06.020810
PAY-03BB2139-F775,CUST-00779,MERCH-040,33742,USD,FAILED,2026-09-11 21:20:03.020810
PAY-D8C03A74-E40A,CUST-00981,MERCH-049,68095,USD,SUCCESS,2026-09-27 17:56:42.020810
PAY-ECFC286B-1576,CUST-00212,MERCH-032,53375,GBP,SUCCESS,2026-09-28 15:20:58.020810
PAY-1C8C62A7-3304,CUST-01399,MERCH-032,90283,GBP,SUCCESS,2026-09-21 19:03:41.020810
PAY-2021D9A2-356F,CUST-01168,MERCH-005,55631,EUR,FAILED,2026-09-18 07:16:59.020810
PAY-CE465327-2627,CUST-01073,MERCH-009,25206,USD,FAILED,2026-09-03 18:14:37.020810
PAY-5C395AC6-B1FF,CUST-00202,MERCH-050,8451,EUR,SUCCESS,2026-09-15 02:20:43.020810
PAY-9E2A75FD-0A71,CUST-00795,MERCH-023,112689,USD,SUCCESS,2026-09-09 16:52:38.020810
PAY-D527A856-DD6C,CUST-00805,MERCH-019,113505,EUR,SUCCESS,2026-09-10 16:33:13.020810
PAY-C1E7838A-DD28,CUST-00912,MERCH-015,17175,NGN,SUCCESS,2026-09-19 15:52:27.020810
PAY-DF779315-9E1C,CUST-00296,MERCH-032,73808,EUR,SUCCESS,2026-09-10 15:29:34.020810
PAY-8E83F119-9DC4,CUST-00648,MERCH-023,65749,EUR,FAILED,2026-09-12 11:13:01.020810
PAY-F4864D7A-29D7,CUST-01002,MERCH-024,82817,EUR,FAILED,2026-09-20 19:11:50.020810
PAY-BA0D3DFF-CB3D,CUST-00791,MERCH-040,108171,GBP,SUCCESS,2026-09-24 12:55:13.020810
PAY-9156AB52-110E,CUST-00533,MERCH-034,134536,USD,SUCCESS,2026-09-23 04:19:38.020810
PAY-B004FE0B-EDCF,CUST-00602,MERCH-038,42375,USD,SUCCESS,2026-09-22 10:21:15.020810
PAY-31A2CE86-CC59,CUST-00338,MERCH-018,75991,USD,SUCCESS,2026-09-29 19:19:32.020810
PAY-A3F3C45C-AE85,CUST-01451,MERCH-024,6183,USD,FAILED,2026-09-07 14:21:59.020810
PAY-E0D7B745-38B7,CUST-00629,MERCH-027,83049,USD,SUCCESS,2026-09-08 11:04:37.020810
PAY-E02B4F7D-5ECE,CUST-00012,MERCH-027,34477,USD,PENDING,2026-09-29 20:18:08.020810
PAY-5B9708CD-636D,CUST-01163,MERCH-027,100921,NGN,SUCCESS,2026-09-17 15:09:46.020810
PAY-A83C361E-47DA,CUST-01094,MERCH-022,37985,USD,PENDING,2026-09-07 02:11:01.020810
PAY-38CEA7D5-F02B,CUST-01377,MERCH-004,33628,EUR,FAILED,2026-09-22 05:30:30.020810
PAY-2D1F9322-7306,CUST-00917,MERCH-027,47508,GBP,SUCCESS,2026-09-25 15:38:01.020810
PAY-F539BDDF-FAAD,CUST-01224,MERCH-015,6210,USD,SUCCESS,2026-09-17 06:31:28.020810
PAY-080D45A0-AE3F,CUST-01258,MERCH-029,56994,USD,FAILED,2026-09-30 02:57:27.020810
PAY-76314B71-7C01,CUST-00528,MERCH-044,36802,GBP,FAILED,2026-09-14 19:56:14.020810
PAY-05CB14C6-965F,CUST-00150,MERCH-009,29400,USD,SUCCESS,2026-09-29 16:43:46.020810
PAY-F4E6449B-39AC,CUST-00617,MERCH-028,1645,USD,SUCCESS,2026-09-19 18:43:34.020810
PAY-B505FBE8-F4E8,CUST-00382,MERCH-010,77231,USD,SUCCESS,2026-09-11 06:24:42.020810
PAY-7FFDC953-3DC9,CUST-01011,MERCH-030,2139,USD,PENDING,2026-09-28 11:06:29.020810
PAY-6EC1B5FA-0322,CUST-00588,MERCH-023,149197,USD,FAILED,2026-09-25 16:16:56.020810
PAY-CB312902-E18C,CUST-00950,MERCH-009,30965,USD,SUCCESS,2026-09-19 21:26:36.020810
PAY-3E5C2C7C-07D8,CUST-01065,MERCH-019,120812,GBP,FAILED,2026-09-04 06:42:17.020810
PAY-24F8AD6E-64B0,CUST-00050,MERCH-014,139357,USD,SUCCESS,2026-09-12 22:22:04.020810
PAY-F88BA219-AF0A,CUST-00275,MERCH-006,119194,USD,SUCCESS,2026-09-15 23:06:01.020810
PAY-F24B2EC6-2014,CUST-01138,MERCH-044,64205,NGN,SUCCESS,2026-09-08 17:59:03.020810
PAY-012CB8DF-799A,CUST-00396,MERCH-029,15206,USD,PENDING,2026-09-09 08:00:50.020810
PAY-08D805E4-03C0,CUST-01163,MERCH-045,83509,USD,SUCCESS,2026-09-14 20:26:40.020810
PAY-3C31C858-D692,CUST-00132,MERCH-046,128488,USD,SUCCESS,2026-09-20 22:03:30.020810
PAY-C7B2F7D5-A33A,CUST-00820,MERCH-050,3580,USD,SUCCESS,2026-09-23 08:57:52.020810
PAY-DDF3A336-FADA,CUST-00810,MERCH-013,58095,USD,FAILED,2026-09-21 12:22:32.020810
PAY-50A0D818-F9F3,CUST-01375,MERCH-009,112262,EUR,SUCCESS,2026-09-27 00:17:27.020810
PAY-5EAE22A2-FE5F,CUST-00411,MERCH-001,18158,EUR,SUCCESS,2026-09-07 05:38:24.020810
PAY-4CA93C92-695F,CUST-00284,MERCH-010,13347,USD,FAILED,2026-09-03 01:43:32.020810
PAY-77400F83-EF8A,CUST-01475,MERCH-044,77092,USD,SUCCESS,2026-09-26 21:41:44.020810
PAY-812EB914-6E59,CUST-01031,MERCH-018,102132,USD,SUCCESS,2026-09-07 21:34:27.020810
PAY-551EA46C-C7B6,CUST-00519,MERCH-050,53856,USD,FAILED,2026-09-28 02:59:28.020810
PAY-099CC1AB-056E,CUST-00420,MERCH-049,111350,NGN,PENDING,2026-09-12 01:47:24.020810
PAY-F84AD9B2-4663,CUST-00925,MERCH-044,100383,NGN,PENDING,2026-09-29 17:34:44.020810
PAY-5866D086-5048,CUST-00047,MERCH-033,142125,USD,SUCCESS,2026-09-09 20:02:38.020810
PAY-DB0EE8D1-9301,CUST-01240,MERCH-026,22990,GBP,SUCCESS,2026-09-25 23:17:40.020810
PAY-74E8CF1E-3A57,CUST-01429,MERCH-014,2787,USD,SUCCESS,2026-09-20 06:18:36.020810
PAY-19313B83-1102,CUST-00688,MERCH-041,75483,USD,SUCCESS,2026-09-14 01:11:02.020810
PAY-8007390A-873A,CUST-00891,MERCH-039,6798,USD,SUCCESS,2026-09-08 05:14:28.020810
PAY-89EEE4F7-ABFC,CUST-01152,MERCH-024,73882,GBP,SUCCESS,2026-09-22 02:43:05.020810
PAY-1854499F-7D69,CUST-01164,MERCH-046,30312,GBP,SUCCESS,2026-09-04 06:46:24.020810
PAY-9B3C1C68-16AE,CUST-00385,MERCH-010,97386,USD,SUCCESS,2026-09-14 10:55:11.020810
PAY-33361066-E7E4,CUST-00192,MERCH-037,98594,USD,SUCCESS,2026-09-12 04:51:27.020810
PAY-80EC6D0F-6855,CUST-00103,MERCH-042,20801,GBP,FAILED,2026-09-01 19:15:22.020810
PAY-1EF49009-5478,CUST-00222,MERCH-022,103130,NGN,SUCCESS,2026-09-15 22:07:53.020810
PAY-64321EBE-9404,CUST-00225,MERCH-031,139592,USD,SUCCESS,2026-09-18 12:07:20.020810
PAY-B5C43DC4-ED4C,CUST-01466,MERCH-045,142291,USD,SUCCESS,2026-09-04 16:06:45.020810
PAY-EB5DF51C-3CA3,CUST-00100,MERCH-014,134081,USD,SUCCESS,2026-09-27 04:36:17.020810
PAY-FDCF2B5E-BBCD,CUST-01182,MERCH-041,75431,USD,SUCCESS,2026-09-03 11:48:37.020810
PAY-00A9424A-6956,CUST-00523,MERCH-041,16556,EUR,SUCCESS,2026-09-05 01:34:37.020810
PAY-DD0BD037-3EE1,CUST-00578,MERCH-004,63936,EUR,SUCCESS,2026-09-14 23:01:22.020810
PAY-B2CD22D7-0545,CUST-00131,MERCH-023,101415,USD,SUCCESS,2026-09-21 10:49:37.020810
PAY-A21F74F6-1192,CUST-01043,MERCH-022,56487,USD,FAILED,2026-09-05 10:33:35.020810
PAY-608F614E-4F5D,CUST-00677,MERCH-013,27508,EUR,SUCCESS,2026-09-27 02:52:42.020810
PAY-86754B6F-6CBA,CUST-00563,MERCH-033,125624,USD,PENDING,2026-09-12 07:17:43.020810
PAY-8CC509C7-9614,CUST-00636,MERCH-030,92843,USD,FAILED,2026-09-17 06:41:24.020810
PAY-89678F5C-CFF6,CUST-01036,MERCH-004,11526,USD,SUCCESS,2026-09-11 07:48:41.020810
PAY-89CCE3D6-0C28,CUST-01279,MERCH-041,27529,GBP,SUCCESS,2026-09-02 08:11:51.020810
PAY-63C3D2FF-C6A1,CUST-00826,MERCH-034,100490,EUR,SUCCESS,2026-09-17 04:24:33.020810
PAY-E4C3D8C8-51C5,CUST-00578,MERCH-029,128179,USD,FAILED,2026-09-07 02:20:17.020810
PAY-B46EB64E-AF82,CUST-00924,MERCH-036,9961,USD,SUCCESS,2026-09-14 11:45:02.020810
PAY-987BB2AE-053C,CUST-00187,MERCH-039,41071,GBP,SUCCESS,2026-09-03 13:32:02.020810
PAY-507FBBFD-BE58,CUST-00948,MERCH-043,106615,USD,FAILED,2026-09-06 17:51:13.020810
PAY-23B45A97-0ED3,CUST-01242,MERCH-034,54031,NGN,SUCCESS,2026-09-28 21:11:13.020810
PAY-F62E8997-295E,CUST-00991,MERCH-045,114776,USD,FAILED,2026-09-06 17:59:50.020810
PAY-9CA80503-C8FA,CUST-00192,MERCH-007,135755,GBP,FAILED,2026-09-19 12:23:40.020810
PAY-E5445E58-5E97,CUST-00798,MERCH-028,111228,USD,SUCCESS,2026-09-26 20:57:28.020810
PAY-39C3A1F6-3955,CUST-00232,MERCH-006,123713,EUR,PENDING,2026-09-29 08:49:58.020810
PAY-373FFCF8-C3DD,CUST-00790,MERCH-029,137159,GBP,SUCCESS,2026-09-19 01:14:58.020810
PAY-389BA163-09B1,CUST-00414,MERCH-043,42398,USD,SUCCESS,2026-09-11 10:16:58.020810
PAY-F1B6C085-DA7A,CUST-00848,MERCH-005,11427,NGN,SUCCESS,2026-09-24 21:20:32.020810
PAY-0825F96C-C626,CUST-01474,MERCH-021,87751,USD,SUCCESS,2026-09-03 02:54:39.020810
PAY-293C7641-DFC1,CUST-01099,MERCH-014,50200,USD,SUCCESS,2026-09-19 23:00:32.020810
PAY-96D3E538-9666,CUST-00524,MERCH-023,18056,GBP,FAILED,2026-09-27 22:18:33.020810
PAY-2A3D2A5E-CE14,CUST-01205,MERCH-023,86260,USD,SUCCESS,2026-09-22 05:50:07.020810
PAY-F2A4BFC0-078F,CUST-00901,MERCH-046,143481,GBP,SUCCESS,2026-09-09 00:53:47.020810
PAY-799DFFE0-A000,CUST-00757,MERCH-016,63261,USD,PENDING,2026-09-19 11:09:02.020810
PAY-B9A5D57D-2883,CUST-00507,MERCH-038,133978,GBP,FAILED,2026-09-30 13:23:49.020810
PAY-986276BA-EF8B,CUST-00335,MERCH-019,102184,USD,SUCCESS,2026-09-09 11:41:53.020810
PAY-05331612-CB30,CUST-00820,MERCH-043,25210,USD,SUCCESS,2026-09-08 15:39:48.020810
PAY-119B7A69-2A20,CUST-00959,MERCH-050,88357,GBP,SUCCESS,2026-09-25 03:44:08.020810
PAY-8FF22EB8-1743,CUST-01146,MERCH-003,87073,EUR,SUCCESS,2026-09-04 23:42:38.020810
PAY-4429EE6B-FE7A,CUST-01105,MERCH-018,112633,USD,PENDING,2026-09-22 09:43:38.020810
PAY-18D2618E-B7F9,CUST-01123,MERCH-032,55030,USD,SUCCESS,2026-10-01 02:46:42.020810
PAY-0371AB33-22B5,CUST-00009,MERCH-050,2193,USD,SUCCESS,2026-09-11 13:59:47.020810
PAY-56B747EB-717C,CUST-00311,MERCH-033,54110,USD,SUCCESS,2026-09-18 07:27:08.020810
PAY-4D5A8379-254B,CUST-00323,MERCH-030,126064,EUR,FAILED,2026-09-10 10:28:20.020810
PAY-E03CD746-B3EF,CUST-00787,MERCH-028,147346,USD,SUCCESS,2026-09-30 12:32:05.020810
PAY-B1C54165-4D9D,CUST-01326,MERCH-015,83509,EUR,SUCCESS,2026-09-14 03:20:28.020810
PAY-A83A77FD-AD8C,CUST-00143,MERCH-041,16551,EUR,SUCCESS,2026-09-19 18:24:30.020810
PAY-BC0AA779-2125,CUST-00338,MERCH-021,136253,USD,FAILED,2026-09-07 20:44:14.020810
PAY-7AE78E9D-EB48,CUST-00760,MERCH-020,28417,NGN,FAILED,2026-09-22 11:03:48.020810
PAY-9B49A875-F851,CUST-00489,MERCH-001,122951,USD,SUCCESS,2026-09-28 04:25:33.020810
PAY-87D6BC56-39A4,CUST-00391,MERCH-001,148428,NGN,SUCCESS,2026-09-27 17:42:36.020810
PAY-4BE610CE-A02B,CUST-00967,MERCH-009,120215,GBP,SUCCESS,2026-09-02 03:28:47.020810
PAY-0368735E-CDA9,CUST-00459,MERCH-036,127320,USD,FAILED,2026-09-09 20:39:48.020810
PAY-694B835C-65E9,CUST-00974,MERCH-031,30896,GBP,FAILED,2026-09-23 21:19:48.020810
PAY-D50E94A8-200E,CUST-00248,MERCH-049,77174,NGN,SUCCESS,2026-09-26 02:12:15.020810
PAY-B5409F58-81DB,CUST-00288,MERCH-021,126520,USD,PENDING,2026-09-07 23:38:17.020810
PAY-76FAE09E-5DBE,CUST-01337,MERCH-033,52514,USD,SUCCESS,2026-09-20 16:29:56.020810
PAY-DC3ECE9E-F5F6,CUST-00003,MERCH-050,16616,USD,SUCCESS,2026-10-01 00:11:59.020810
PAY-7BAB763A-3776,CUST-00018,MERCH-029,38884,USD,SUCCESS,2026-09-05 18:49:40.020810
PAY-F8631541-E138,CUST-00150,MERCH-004,73548,GBP,FAILED,2026-09-08 15:06:56.020810
PAY-02A17750-B935,CUST-00289,MERCH-013,76591,EUR,SUCCESS,2026-09-16 02:07:39.020810
PAY-B24E3879-7053,CUST-01002,MERCH-014,91935,USD,SUCCESS,2026-09-04 06:34:33.020810
PAY-879CC335-86D0,CUST-01349,MERCH-031,123616,USD,SUCCESS,2026-09-23 11:01:28.020810
PAY-1B8C01B1-0D4E,CUST-00193,MERCH-049,32038,USD,SUCCESS,2026-09-22 11:54:25.020810
PAY-D7E805CF-478B,CUST-01389,MERCH-038,124949,USD,SUCCESS,2026-09-30 00:55:38.020810
PAY-3DF90DF1-6679,CUST-00222,MERCH-025,114402,USD,SUCCESS,2026-09-19 11:10:20.020810
PAY-10D7F9EB-7A3C,CUST-00717,MERCH-050,106048,USD,PENDING,2026-09-21 02:46:51.020810
PAY-B8CE0EE3-7D40,CUST-00933,MERCH-027,11167,USD,PENDING,2026-09-16 03:03:02.020810
PAY-5127417C-EA13,CUST-01244,MERCH-040,137867,USD,PENDING,2026-09-20 02:09:32.020810
PAY-56D6548E-A142,CUST-00481,MERCH-013,70234,USD,FAILED,2026-09-15 17:14:11.020810
PAY-09D0EB8A-3899,CUST-00033,MERCH-002,96613,USD,FAILED,2026-10-01 14:42:35.020810
PAY-F894319A-E8D1,CUST-00312,MERCH-011,36783,USD,SUCCESS,2026-09-15 10:13:08.020810
PAY-CCC8BE77-066B,CUST-01382,MERCH-025,51952,GBP,SUCCESS,2026-09-19 10:53:53.020810
PAY-3D7D040F-24D2,CUST-00940,MERCH-040,48288,NGN,SUCCESS,2026-09-11 11:32:47.020810
PAY-7A5410E2-BA43,CUST-00261,MERCH-006,20406,USD,FAILED,2026-09-29 21:18:19.020810
PAY-5592C941-A111,CUST-00530,MERCH-016,120733,USD,SUCCESS,2026-09-02 09:40:09.020810
PAY-E17D74DA-7E6C,CUST-00044,MERCH-024,125867,GBP,FAILED,2026-09-15 13:40:24.020810
PAY-33B7F6FD-BF1B,CUST-01376,MERCH-016,13625,NGN,SUCCESS,2026-09-22 05:04:47.020810
PAY-1741A9BD-6B01,CUST-00234,MERCH-022,30460,USD,SUCCESS,2026-09-25 16:23:35.020810
PAY-A7CA85B0-6D1C,CUST-00170,MERCH-022,25713,USD,FAILED,2026-09-03 13:27:51.020810
PAY-5B8B7179-6BBE,CUST-00090,MERCH-005,40186,USD,SUCCESS,2026-09-21 00:41:20.020810
PAY-06359C3F-7DB8,CUST-00859,MERCH-001,132599,USD,FAILED,2026-09-03 05:59:37.020810
PAY-94C9FEDF-EDA6,CUST-00067,MERCH-009,91896,NGN,SUCCESS,2026-09-21 05:46:09.020810
PAY-38B6B29D-B218,CUST-01148,MERCH-037,69091,USD,FAILED,2026-09-11 21:37:03.020810
PAY-B1F9B559-E301,CUST-00960,MERCH-022,119962,EUR,SUCCESS,2026-09-30 18:45:49.020810
PAY-0E123DD6-598B,CUST-01140,MERCH-014,84030,USD,SUCCESS,2026-09-12 11:16:29.020810
PAY-FB27CBE5-8A7C,CUST-00592,MERCH-033,54768,USD,FAILED,2026-09-26 01:11:30.020810
PAY-2A2BC13B-C218,CUST-00734,MERCH-032,49492,USD,SUCCESS,2026-09-06 02:11:05.020810
PAY-2B3FA623-8655,CUST-00221,MERCH-019,106122,NGN,FAILED,2026-09-29 10:49:08.020810
PAY-17246157-14C6,CUST-00967,MERCH-037,66599,EUR,SUCCESS,2026-09-06 04:33:03.020810
PAY-57500F21-B881,CUST-00788,MERCH-016,108809,USD,SUCCESS,2026-09-26 06:58:29.020810
PAY-140C094E-3574,CUST-01298,MERCH-025,63431,USD,SUCCESS,2026-09-15 12:38:42.020810
PAY-56C2D9DC-9150,CUST-00320,MERCH-002,24517,USD,SUCCESS,2026-09-11 20:08:31.020810
PAY-734BDB33-0533,CUST-01014,MERCH-045,107367,USD,SUCCESS,2026-09-08 11:47:54.020810
PAY-1A680DC0-7C6A,CUST-00867,MERCH-024,136407,EUR,SUCCESS,2026-09-08 20:35:15.020810
PAY-F5396A54-0A65,CUST-00291,MERCH-020,141723,USD,SUCCESS,2026-09-20 19:53:19.020810
PAY-C6F63FA7-C173,CUST-00683,MERCH-017,44132,USD,SUCCESS,2026-09-30 12:12:21.020810
PAY-F0064041-2180,CUST-01476,MERCH-032,76547,USD,PENDING,2026-09-07 23:56:44.020810
PAY-7520A772-403B,CUST-00006,MERCH-003,37527,NGN,SUCCESS,2026-09-03 10:14:58.020810
PAY-253CB168-9694,CUST-00043,MERCH-035,13510,NGN,SUCCESS,2026-09-20 17:52:55.020810
PAY-2B9CFDDB-E383,CUST-00177,MERCH-020,5079,USD,PENDING,2026-09-20 01:24:58.020810
PAY-194C1BCA-FC4B,CUST-00655,MERCH-006,6814,USD,SUCCESS,2026-09-30 08:41:29.020810
PAY-2C18A981-999B,CUST-01146,MERCH-050,73848,USD,SUCCESS,2026-09-18 03:53:48.020810
PAY-5FC0FBDB-216A,CUST-00427,MERCH-010,30526,EUR,SUCCESS,2026-09-25 19:29:55.020810
PAY-9EC2A064-F403,CUST-00821,MERCH-042,15447,USD,SUCCESS,2026-09-11 14:36:27.020810
PAY-7961CA4D-8AA8,CUST-01321,MERCH-045,61965,USD,PENDING,2026-09-11 09:02:57.020810
PAY-3CC26EEF-A5CC,CUST-00656,MERCH-027,100478,GBP,SUCCESS,2026-09-12 07:05:46.020810
PAY-8F4B8F26-083A,CUST-01226,MERCH-046,3872,USD,FAILED,2026-09-11 12:06:27.020810
PAY-2F89873B-D08D,CUST-00184,MERCH-004,10387,USD,SUCCESS,2026-09-04 12:26:33.020810
PAY-351BF645-A8DE,CUST-01207,MERCH-004,62050,USD,PENDING,2026-09-27 07:24:07.020810
PAY-8B63B4DA-1A2C,CUST-00136,MERCH-036,137087,USD,SUCCESS,2026-09-23 06:45:04.020810
PAY-328C0011-048D,CUST-00234,MERCH-047,81691,USD,SUCCESS,2026-09-01 22:19:43.020810
PAY-236CA4D8-E0DA,CUST-01089,MERCH-003,138578,USD,SUCCESS,2026-09-10 04:19:17.020810
PAY-637898FA-15FF,CUST-01319,MERCH-015,73554,USD,SUCCESS,2026-09-18 01:34:07.020810
PAY-63CFE8F9-4514,CUST-00133,MERCH-022,47610,USD,FAILED,2026-09-28 03:42:41.020810
PAY-A1865ECC-9979,CUST-01280,MERCH-044,60823,GBP,SUCCESS,2026-09-04 05:06:42.020810
PAY-48741E46-A0B9,CUST-00102,MERCH-017,116756,USD,SUCCESS,2026-09-12 11:14:15.020810
PAY-0C624DDC-E3D0,CUST-00855,MERCH-028,64054,EUR,FAILED,2026-09-06 01:19:28.020810
PAY-796FC9A1-CB1B,CUST-00856,MERCH-026,140429,USD,SUCCESS,2026-09-10 00:42:49.020810
PAY-D174AE5F-54C5,CUST-01317,MERCH-002,22086,EUR,PENDING,2026-09-26 14:32:00.020810
PAY-4D4B571A-BD9B,CUST-00288,MERCH-009,136792,USD,SUCCESS,2026-09-22 14:06:58.020810
PAY-79430395-8B51,CUST-00137,MERCH-023,79955,USD,PENDING,2026-09-29 12:42:38.020810
PAY-BC6952C6-9AF4,CUST-00940,MERCH-045,120561,GBP,SUCCESS,2026-09-14 04:57:31.020810
PAY-8840DA58-90CA,CUST-00008,MERCH-023,19806,USD,SUCCESS,2026-09-12 10:50:41.020810
PAY-B7349396-B5C8,CUST-00181,MERCH-003,144280,USD,SUCCESS,2026-09-18 16:37:56.020810
PAY-01DFFF38-2B4D,CUST-00435,MERCH-044,2693,USD,SUCCESS,2026-09-13 15:03:43.020810
PAY-A381BC60-D03E,CUST-01256,MERCH-028,53663,EUR,SUCCESS,2026-09-25 21:27:52.020810
PAY-ACFC49AF-B0E6,CUST-01239,MERCH-029,76578,USD,SUCCESS,2026-09-26 05:12:17.020810
PAY-83A9162B-BA19,CUST-00286,MERCH-007,33213,GBP,SUCCESS,2026-09-28 19:57:28.020810
PAY-6C2F288E-FC1C,CUST-00632,MERCH-009,61522,NGN,SUCCESS,2026-09-22 06:04:43.020810
PAY-40173768-3F5A,CUST-00972,MERCH-027,8044,NGN,PENDING,2026-09-19 00:56:08.020810
PAY-000BC1D0-2354,CUST-01492,MERCH-007,127855,USD,PENDING,2026-09-21 10:40:28.020810
PAY-3F5D6CA6-158F,CUST-00875,MERCH-031,133954,USD,SUCCESS,2026-09-06 12:42:40.020810
PAY-4C435463-64C0,CUST-01015,MERCH-031,33337,USD,SUCCESS,2026-09-21 02:02:38.020810
PAY-DC6FDA89-2C5B,CUST-01348,MERCH-034,57318,EUR,FAILED,2026-09-28 02:28:25.020810
PAY-056C1947-A66D,CUST-00838,MERCH-016,143302,USD,SUCCESS,2026-09-22 18:01:21.020810
PAY-57C845EB-C20E,CUST-01078,MERCH-043,6942,USD,SUCCESS,2026-09-19 02:44:57.020810
PAY-18A709FA-5DBE,CUST-00180,MERCH-047,42827,USD,PENDING,2026-09-21 00:09:39.020810
PAY-9E48E3BE-6EC6,CUST-00942,MERCH-026,42158,USD,SUCCESS,2026-09-10 02:27:57.020810
PAY-3300DED8-C916,CUST-00377,MERCH-028,114527,GBP,SUCCESS,2026-09-22 17:48:17.020810
PAY-DECF6637-10A6,CUST-00910,MERCH-033,3434,USD,SUCCESS,2026-09-26 18:04:04.020810
PAY-CC6D833E-ACD1,CUST-01168,MERCH-045,117821,USD,PENDING,2026-09-11 05:03:06.020810
PAY-D042E439-23F2,CUST-01319,MERCH-026,104092,USD,SUCCESS,2026-09-05 21:57:05.020810
PAY-D5337843-933F,CUST-00666,MERCH-011,144757,USD,SUCCESS,2026-09-10 20:21:57.020810
PAY-3362B583-0B01,CUST-01313,MERCH-039,677,GBP,PENDING,2026-09-27 20:44:41.020810
PAY-886CDBC6-72EA,CUST-00950,MERCH-019,63896,GBP,SUCCESS,2026-09-29 22:50:55.020810
PAY-A2FDFB38-3FE8,CUST-00652,MERCH-037,28332,USD,SUCCESS,2026-09-27 18:02:51.020810
PAY-24C167F8-8695,CUST-00278,MERCH-021,125443,EUR,SUCCESS,2026-09-18 07:56:55.020810
PAY-AC90C3D4-C83E,CUST-00984,MERCH-030,114227,USD,PENDING,2026-09-09 03:37:34.020810
PAY-F02455BC-A2D6,CUST-00661,MERCH-039,100162,USD,SUCCESS,2026-09-25 20:04:45.020810
PAY-C88C1FC5-8357,CUST-00607,MERCH-002,49772,USD,SUCCESS,2026-09-28 09:52:27.020810
PAY-9A0DA793-7F2E,CUST-01141,MERCH-024,6958,USD,SUCCESS,2026-09-27 14:15:00.020810
PAY-6634902D-EE66,CUST-00650,MERCH-002,76759,USD,SUCCESS,2026-09-05 06:35:21.020810
PAY-E439650E-154A,CUST-00256,MERCH-050,29168,GBP,SUCCESS,2026-09-23 03:46:46.020810
PAY-F3568989-89D6,CUST-00794,MERCH-022,145055,EUR,SUCCESS,2026-09-25 04:44:49.020810
PAY-B2DE9D6D-0420,CUST-01194,MERCH-013,18842,USD,PENDING,2026-09-29 12:13:10.020810
PAY-F31A5780-58BC,CUST-00285,MERCH-038,104435,USD,SUCCESS,2026-09-18 20:51:33.020810
PAY-74ABF84B-526D,CUST-00719,MERCH-006,140190,GBP,SUCCESS,2026-09-27 16:47:32.020810
PAY-904EC2FC-1691,CUST-00904,MERCH-006,81337,USD,SUCCESS,2026-09-07 07:11:09.020810
PAY-A83C4163-8CD7,CUST-01077,MERCH-028,15201,EUR,PENDING,2026-09-03 16:04:09.020810
PAY-E80EFAB4-48F7,CUST-01335,MERCH-024,1643,USD,SUCCESS,2026-09-03 20:58:23.020810
PAY-A12ABB91-7DB7,CUST-01472,MERCH-039,69152,USD,SUCCESS,2026-09-10 16:08:30.020810
PAY-287C9398-C6EC,CUST-00553,MERCH-039,137562,USD,SUCCESS,2026-09-10 13:00:33.020810
PAY-9ACA9086-C9DE,CUST-00916,MERCH-036,92140,USD,SUCCESS,2026-09-25 14:34:04.020810
PAY-2BE5F0D2-3FED,CUST-01310,MERCH-030,61557,NGN,SUCCESS,2026-09-04 04:11:59.020810
PAY-56178C02-F353,CUST-01316,MERCH-002,51926,USD,SUCCESS,2026-09-08 14:48:44.020810
PAY-938825E4-9AAA,CUST-00037,MERCH-008,39802,NGN,FAILED,2026-09-06 16:39:04.020810
PAY-85A528BB-EBCD,CUST-00697,MERCH-041,17226,GBP,SUCCESS,2026-09-02 09:33:41.020810
PAY-B0EFB360-A5A6,CUST-01319,MERCH-033,9970,GBP,SUCCESS,2026-09-20 18:14:02.020810
PAY-608CAC61-FEDF,CUST-01011,MERCH-018,6518,USD,SUCCESS,2026-09-10 01:19:17.020810
PAY-753D380A-1925,CUST-00823,MERCH-043,90842,GBP,FAILED,2026-09-30 22:05:17.020810
PAY-8FF557C4-8362,CUST-00306,MERCH-012,60022,GBP,PENDING,2026-09-09 14:59:37.020810
PAY-9A869DDA-7CB3,CUST-00388,MERCH-027,55765,USD,SUCCESS,2026-10-01 02:45:00.020810
PAY-B5D7A97D-0D05,CUST-00244,MERCH-041,4609,USD,PENDING,2026-09-28 23:33:45.020810
PAY-4387F336-5B2D,CUST-00788,MERCH-011,4075,USD,PENDING,2026-09-03 18:56:49.020810
PAY-C78BC661-25D0,CUST-01021,MERCH-041,5693,USD,SUCCESS,2026-09-11 06:02:28.020810
PAY-EA472252-D3EE,CUST-00279,MERCH-017,101397,USD,SUCCESS,2026-09-10 03:28:19.020810
PAY-DECC1778-454E,CUST-01334,MERCH-046,36909,GBP,SUCCESS,2026-09-22 07:34:27.020810
PAY-1A8BCF2A-3FF2,CUST-00532,MERCH-045,118787,USD,SUCCESS,2026-09-29 15:12:10.020810
PAY-7E936476-A349,CUST-00745,MERCH-016,76070,USD,SUCCESS,2026-09-24 13:17:01.020810
PAY-3BFE7B06-1B0B,CUST-00051,MERCH-045,130213,USD,PENDING,2026-09-17 14:44:39.020810
PAY-65D9FC4B-344F,CUST-01414,MERCH-006,80473,USD,SUCCESS,2026-09-15 05:01:24.020810
PAY-26B6E59D-C436,CUST-00801,MERCH-043,96832,USD,SUCCESS,2026-09-30 18:24:01.020810
PAY-478947E9-C66A,CUST-00836,MERCH-044,67533,USD,SUCCESS,2026-09-25 20:07:00.020810
PAY-93A99EE7-8ACE,CUST-00102,MERCH-047,142778,USD,SUCCESS,2026-09-20 05:25:23.020810
PAY-3E9EED63-5ACD,CUST-01010,MERCH-014,80173,USD,FAILED,2026-09-19 07:49:11.020810
PAY-5ABF51D5-73D3,CUST-00519,MERCH-024,67185,NGN,SUCCESS,2026-09-12 09:11:33.020810
PAY-CEB66E26-218A,CUST-00677,MERCH-047,74080,USD,SUCCESS,2026-09-04 22:36:04.020810
PAY-7F88727B-4E5E,CUST-00780,MERCH-042,144409,USD,FAILED,2026-09-22 14:10:19.020810
PAY-96232C31-D5EC,CUST-01099,MERCH-043,93282,GBP,SUCCESS,2026-09-22 02:10:00.020810
PAY-635FE3B9-19A8,CUST-01053,MERCH-013,133322,USD,SUCCESS,2026-09-14 18:02:47.020810
PAY-0D86D00A-8237,CUST-00407,MERCH-019,60436,USD,FAILED,2026-09-29 00:27:38.020810
PAY-DA208618-6A47,CUST-01355,MERCH-023,112949,USD,SUCCESS,2026-09-28 07:31:48.020810
PAY-D25CEC47-9CAD,CUST-01291,MERCH-011,130136,EUR,SUCCESS,2026-09-21 23:26:16.020810
PAY-6430FF44-88D4,CUST-00443,MERCH-028,79068,USD,SUCCESS,2026-09-20 18:28:51.020810
PAY-89CE17FF-D6F3,CUST-01061,MERCH-021,40937,USD,FAILED,2026-09-13 10:12:15.020810
PAY-C8509CBC-538E,CUST-00061,MERCH-043,124431,GBP,SUCCESS,2026-09-24 02:58:20.020810
PAY-F170E1D1-94C6,CUST-00748,MERCH-034,1699,NGN,SUCCESS,2026-09-24 14:56:42.020810
PAY-A75BBC70-D517,CUST-01041,MERCH-039,64385,EUR,PENDING,2026-09-15 20:54:47.020810
PAY-33F867FD-6D92,CUST-00326,MERCH-050,147524,USD,FAILED,2026-09-21 14:08:35.020810
PAY-EA46A4A5-A855,CUST-00448,MERCH-043,79344,USD,SUCCESS,2026-09-13 23:35:06.020810
PAY-C4BC251D-FA33,CUST-00500,MERCH-047,88899,EUR,PENDING,2026-09-22 15:54:13.020810
PAY-F8F840BA-038B,CUST-01097,MERCH-003,6733,GBP,SUCCESS,2026-09-19 00:59:49.020810
PAY-C173B492-2A60,CUST-01483,MERCH-020,16116,USD,SUCCESS,2026-09-17 06:00:03.020810
PAY-8C84E8E3-AF42,CUST-00740,MERCH-047,46340,NGN,SUCCESS,2026-09-03 07:20:05.020810
PAY-38BACD55-BD0E,CUST-01090,MERCH-018,121998,EUR,SUCCESS,2026-09-21 05:15:54.020810
PAY-9BD17CF7-7FD1,CUST-00339,MERCH-047,13905,EUR,SUCCESS,2026-09-02 03:44:00.020810
PAY-EE5AB10E-0080,CUST-00938,MERCH-013,45645,NGN,SUCCESS,2026-09-15 08:50:19.020810
PAY-C6F89467-6958,CUST-01236,MERCH-049,149173,NGN,SUCCESS,2026-09-11 06:43:24.020810
PAY-E28CEDE4-EA38,CUST-00094,MERCH-045,117635,USD,FAILED,2026-09-24 10:47:54.020810
PAY-5150ADFD-21DA,CUST-00466,MERCH-048,37692,EUR,PENDING,2026-09-25 13:06:29.020810
PAY-3FFAECF0-20EF,CUST-01209,MERCH-021,91033,USD,SUCCESS,2026-09-14 20:20:43.020810
PAY-1860C347-63FF,CUST-01366,MERCH-041,63857,USD,SUCCESS,2026-09-01 23:46:05.020810
PAY-BCED18A0-6C08,CUST-01152,MERCH-002,111048,NGN,SUCCESS,2026-09-04 20:05:55.020810
PAY-FF3E0DD8-2005,CUST-00283,MERCH-022,92555,USD,SUCCESS,2026-09-28 21:34:59.020810
PAY-FDE47722-08B1,CUST-00226,MERCH-023,35274,USD,SUCCESS,2026-09-03 14:59:24.020810
PAY-60A06181-9C83,CUST-01412,MERCH-045,79116,USD,SUCCESS,2026-09-01 23:51:34.020810
PAY-B9ED76B6-A2B3,CUST-00704,MERCH-002,147910,USD,PENDING,2026-09-10 17:43:17.020810
PAY-24297B79-2862,CUST-00193,MERCH-020,90524,USD,SUCCESS,2026-09-11 22:31:46.020810
PAY-F6DE8254-F6EE,CUST-00465,MERCH-005,122133,NGN,FAILED,2026-09-08 12:27:04.020810
PAY-037FF273-B18C,CUST-01222,MERCH-017,59167,NGN,PENDING,2026-09-13 01:07:11.020810
PAY-259F241B-DBC0,CUST-01007,MERCH-040,49806,USD,SUCCESS,2026-09-17 19:22:53.020810
PAY-EB1D10AB-9CC3,CUST-00162,MERCH-047,29775,USD,SUCCESS,2026-09-06 15:21:49.020810
PAY-C2356523-F366,CUST-00292,MERCH-016,8152,GBP,SUCCESS,2026-09-18 20:59:28.020810
PAY-9F711655-B3F6,CUST-00563,MERCH-011,94339,EUR,FAILED,2026-09-21 05:30:43.020810
PAY-EC6434D1-B507,CUST-00379,MERCH-030,39556,USD,PENDING,2026-09-14 13:59:50.020810
PAY-A822C990-B217,CUST-01130,MERCH-028,48519,USD,SUCCESS,2026-09-20 05:16:38.020810
PAY-D80C3E54-9D1C,CUST-01368,MERCH-023,13898,GBP,SUCCESS,2026-09-07 03:31:34.020810
PAY-8F5547C8-A95C,CUST-01073,MERCH-024,59074,GBP,SUCCESS,2026-09-25 19:58:05.020810
PAY-E0A309EC-B6B7,CUST-01083,MERCH-013,92275,USD,FAILED,2026-09-28 15:39:21.020810
PAY-D3A14E7F-D62F,CUST-00714,MERCH-019,21536,USD,SUCCESS,2026-09-18 08:54:28.020810
PAY-E9D1FA60-4140,CUST-00532,MERCH-041,11242,USD,PENDING,2026-09-22 16:47:43.020810
PAY-A8E67441-70B2,CUST-01237,MERCH-041,61356,USD,PENDING,2026-09-05 16:21:17.020810
PAY-993A0B0A-6AFD,CUST-00664,MERCH-007,125447,USD,SUCCESS,2026-09-05 13:31:28.020810
PAY-A54C6837-D3F1,CUST-01364,MERCH-020,94211,NGN,SUCCESS,2026-09-18 11:00:11.020810
PAY-3E22C714-DACA,CUST-00641,MERCH-049,119449,USD,FAILED,2026-09-12 10:24:56.020810
PAY-44B622D6-C609,CUST-01431,MERCH-003,36076,GBP,SUCCESS,2026-09-22 01:03:18.020810
PAY-4B11184C-777A,CUST-00971,MERCH-012,28720,EUR,FAILED,2026-09-28 03:46:57.020810
PAY-714AD69C-0EDD,CUST-00852,MERCH-030,65367,GBP,FAILED,2026-09-11 10:58:13.020810
PAY-DC54A8E0-3E45,CUST-00906,MERCH-017,25526,USD,PENDING,2026-09-20 11:03:51.020810
PAY-3F34DFCF-A90F,CUST-00288,MERCH-006,125182,USD,SUCCESS,2026-09-17 04:03:32.020810
PAY-0FEBA825-20F1,CUST-00768,MERCH-028,112016,USD,SUCCESS,2026-09-09 20:30:38.020810
PAY-F0D214C7-54D7,CUST-00528,MERCH-007,111731,USD,SUCCESS,2026-09-10 04:40:56.020810
PAY-F7798EC1-90FD,CUST-00059,MERCH-033,138314,USD,SUCCESS,2026-09-14 06:14:42.020810
PAY-6EA3D588-C13C,CUST-00243,MERCH-033,103327,USD,SUCCESS,2026-09-23 05:14:45.020810
PAY-86DDBF9F-BD5D,CUST-00328,MERCH-001,16021,USD,SUCCESS,2026-09-30 08:36:24.020810
PAY-7DB9D6E5-7CA6,CUST-00869,MERCH-037,22477,USD,SUCCESS,2026-09-13 02:52:07.020810
PAY-EC056B37-A3E3,CUST-01236,MERCH-028,5789,NGN,PENDING,2026-09-13 10:23:32.020810
PAY-567232B5-CE27,CUST-00482,MERCH-040,88587,GBP,SUCCESS,2026-09-30 18:34:36.020810
PAY-5EBD6C68-63D9,CUST-00152,MERCH-028,16049,USD,SUCCESS,2026-09-25 17:49:34.020810
PAY-C8F4FDCD-3AA5,CUST-00637,MERCH-022,86989,GBP,SUCCESS,2026-09-03 08:02:23.020810
PAY-72E786AE-70FD,CUST-01477,MERCH-040,142019,USD,SUCCESS,2026-09-30 09:47:31.020810
PAY-0A9901DF-EA1C,CUST-00293,MERCH-009,116030,USD,PENDING,2026-09-22 02:05:48.020810
PAY-5A1CD142-2041,CUST-00467,MERCH-044,45914,GBP,FAILED,2026-09-06 14:39:02.020810
PAY-13E9A5CD-4C70,CUST-00441,MERCH-018,139702,USD,PENDING,2026-09-12 21:10:19.020810
PAY-8CFAE2C6-5065,CUST-01139,MERCH-034,81391,EUR,PENDING,2026-09-03 15:01:16.020810
PAY-C7B2BEB5-C834,CUST-01029,MERCH-023,76981,USD,SUCCESS,2026-09-06 03:34:28.020810
PAY-72532C98-61E8,CUST-01332,MERCH-010,38576,EUR,SUCCESS,2026-09-04 12:48:55.020810
PAY-127BF0D2-F0C5,CUST-00757,MERCH-039,105551,GBP,PENDING,2026-09-13 12:28:51.020810
PAY-20D1BA05-960C,CUST-00610,MERCH-024,38446,USD,SUCCESS,2026-09-04 00:00:55.020810
PAY-14E13FC6-66C6,CUST-01133,MERCH-012,28566,USD,PENDING,2026-09-13 06:57:08.020810
PAY-4D551713-611F,CUST-00505,MERCH-017,124069,EUR,SUCCESS,2026-09-08 04:34:53.020810
PAY-D892674D-368F,CUST-00741,MERCH-050,116253,USD,SUCCESS,2026-09-19 18:32:12.020810
PAY-A81B4E24-26FA,CUST-00776,MERCH-030,17257,GBP,SUCCESS,2026-09-10 17:30:16.020810
PAY-C14FDBC1-5749,CUST-00226,MERCH-046,77256,USD,FAILED,2026-09-17 20:06:29.020810
PAY-FED69741-E95A,CUST-01210,MERCH-002,68332,USD,SUCCESS,2026-09-15 14:31:00.020810
PAY-8393AD78-E574,CUST-00398,MERCH-006,53747,USD,SUCCESS,2026-09-27 01:35:34.020810
PAY-AE339E0F-08F7,CUST-01325,MERCH-020,114762,USD,PENDING,2026-09-13 19:59:02.020810
PAY-7287B06C-7FAA,CUST-01260,MERCH-024,22665,GBP,PENDING,2026-09-12 16:21:45.020810
PAY-8DBD0D64-036D,CUST-00079,MERCH-044,127327,NGN,SUCCESS,2026-09-09 08:51:23.020810
PAY-B3FDB24D-56FE,CUST-00991,MERCH-008,84567,USD,SUCCESS,2026-09-06 23:05:29.020810
PAY-7B0B72BB-D272,CUST-00033,MERCH-027,30565,GBP,SUCCESS,2026-09-08 21:32:54.020810
PAY-80BBE6FF-E940,CUST-01379,MERCH-030,33663,USD,SUCCESS,2026-10-01 03:00:59.020810
PAY-1574D1C9-142D,CUST-00799,MERCH-022,118966,USD,SUCCESS,2026-09-04 21:01:32.020810
PAY-CC4DCC84-A48E,CUST-00438,MERCH-011,29740,GBP,SUCCESS,2026-09-26 11:29:27.020810
PAY-6777D0CB-3955,CUST-00876,MERCH-010,22357,NGN,SUCCESS,2026-10-01 13:59:59.020810
PAY-E10756F5-D9DC,CUST-00110,MERCH-047,128733,EUR,PENDING,2026-09-26 04:43:02.020810
PAY-278D0396-5B71,CUST-00469,MERCH-040,41586,NGN,SUCCESS,2026-09-09 07:30:03.020810
PAY-8C581BD7-3E28,CUST-00201,MERCH-038,65036,USD,SUCCESS,2026-09-28 10:55:23.020810
PAY-477F839F-A748,CUST-00814,MERCH-037,84979,USD,SUCCESS,2026-09-05 10:10:24.020810
PAY-589D444E-249F,CUST-00907,MERCH-014,114571,NGN,SUCCESS,2026-09-24 02:43:23.020810
PAY-D42087F0-18A6,CUST-00992,MERCH-008,94605,USD,SUCCESS,2026-09-03 01:32:14.020810
PAY-598DF981-151E,CUST-00281,MERCH-037,118784,GBP,PENDING,2026-09-26 16:51:48.020810
PAY-D08C4BC1-1805,CUST-00999,MERCH-001,77050,USD,SUCCESS,2026-09-23 05:14:26.020810
PAY-842E4851-A1DF,CUST-00710,MERCH-039,98321,GBP,SUCCESS,2026-09-05 16:32:01.020810
PAY-C260468B-0F1D,CUST-00403,MERCH-004,72370,USD,PENDING,2026-09-14 02:27:59.020810
PAY-BC011767-AD8B,CUST-00651,MERCH-004,47051,NGN,SUCCESS,2026-09-02 06:15:07.020810
PAY-964B7EDB-7903,CUST-00013,MERCH-009,137009,USD,SUCCESS,2026-09-20 01:45:29.020810
PAY-A5EB7168-B973,CUST-00500,MERCH-036,145977,USD,SUCCESS,2026-09-25 18:10:13.020810
PAY-D00E686A-5836,CUST-01256,MERCH-003,81680,USD,SUCCESS,2026-09-12 02:24:30.020810
PAY-CB1FBDC7-CAA1,CUST-01307,MERCH-023,45090,USD,SUCCESS,2026-09-04 10:36:30.020810
PAY-C07F337D-F4DF,CUST-01218,MERCH-021,105296,USD,SUCCESS,2026-09-26 04:13:37.020810
PAY-E43DBB98-5474,CUST-00927,MERCH-049,12881,EUR,SUCCESS,2026-09-21 00:15:51.020810
PAY-296097C1-6AD5,CUST-00487,MERCH-042,71855,USD,FAILED,2026-09-04 01:33:37.020810
PAY-9BA25BC5-303A,CUST-00018,MERCH-039,72102,USD,PENDING,2026-09-11 17:52:00.020810
PAY-964368FF-BE27,CUST-00836,MERCH-044,91722,USD,SUCCESS,2026-09-24 01:14:31.020810
PAY-10270E33-B0A4,CUST-00610,MERCH-041,141132,USD,SUCCESS,2026-09-05 02:21:26.020810
PAY-0CC72282-FF5B,CUST-01457,MERCH-047,63439,GBP,PENDING,2026-09-08 20:31:16.020810
PAY-A6C89382-9262,CUST-00869,MERCH-035,25733,NGN,SUCCESS,2026-09-26 06:32:42.020810
PAY-E36DE00F-90C7,CUST-00092,MERCH-005,144537,USD,SUCCESS,2026-09-13 13:59:24.020810
PAY-246313E7-5D88,CUST-01362,MERCH-009,45725,USD,SUCCESS,2026-09-23 10:17:34.020810
PAY-524EEAB8-0CFE,CUST-00147,MERCH-004,26748,GBP,PENDING,2026-09-16 23:31:43.020810
PAY-A925B9B5-5BDE,CUST-00500,MERCH-016,98881,USD,SUCCESS,2026-09-15 09:22:00.020810
PAY-1A31FF24-CE76,CUST-00124,MERCH-007,81896,USD,SUCCESS,2026-09-28 05:44:06.020810
PAY-6C3D9846-3023,CUST-00328,MERCH-010,26331,USD,PENDING,2026-09-01 21:35:42.020810
PAY-2CF99004-4555,CUST-00482,MERCH-035,44817,EUR,SUCCESS,2026-09-28 07:22:52.020810
PAY-94833508-BCA6,CUST-00741,MERCH-016,8764,USD,SUCCESS,2026-09-10 04:41:49.020810
PAY-9B92AD6A-DFD2,CUST-01127,MERCH-048,20631,NGN,SUCCESS,2026-09-11 07:41:49.020810
PAY-1C45BD58-22E2,CUST-01377,MERCH-025,32365,NGN,SUCCESS,2026-09-27 03:29:50.020810
PAY-09807963-AFF9,CUST-01483,MERCH-050,58765,EUR,SUCCESS,2026-09-21 17:07:39.020810
PAY-1D3CEC82-7EFA,CUST-00851,MERCH-001,141394,EUR,FAILED,2026-09-13 06:58:01.020810
PAY-86030F33-A772,CUST-01158,MERCH-044,126036,GBP,FAILED,2026-09-05 22:20:02.020810
PAY-7A96791E-2D6C,CUST-00503,MERCH-048,3810,USD,PENDING,2026-09-20 05:21:37.020810
PAY-DF71129C-B985,CUST-00955,MERCH-048,80783,NGN,SUCCESS,2026-09-26 12:42:39.020810
PAY-17FAE12A-DC5D,CUST-01328,MERCH-032,126890,NGN,SUCCESS,2026-09-22 13:19:31.020810
PAY-10690131-0753,CUST-00378,MERCH-003,6564,EUR,SUCCESS,2026-09-03 19:59:18.020810
PAY-94831146-AC41,CUST-00725,MERCH-009,67865,NGN,SUCCESS,2026-09-05 16:19:15.020810
PAY-2521417A-1F28,CUST-01432,MERCH-046,13700,USD,SUCCESS,2026-09-06 14:22:36.020810
PAY-BD92EDFB-F20B,CUST-00971,MERCH-001,30421,USD,SUCCESS,2026-09-23 22:20:43.020810
PAY-E902ABA3-1A73,CUST-00889,MERCH-016,147465,USD,FAILED,2026-09-14 19:35:30.020810
PAY-7680FEB6-F14B,CUST-00748,MERCH-002,84554,NGN,FAILED,2026-09-27 15:20:08.020810
PAY-0F1F8839-85DD,CUST-00214,MERCH-012,120765,GBP,SUCCESS,2026-09-12 06:39:17.020810
PAY-7A3129C2-664B,CUST-00014,MERCH-034,21714,USD,SUCCESS,2026-09-19 18:48:12.020810
PAY-62376DAC-FE0C,CUST-00226,MERCH-050,21603,USD,PENDING,2026-09-30 02:45:51.020810
PAY-4705FDC2-F440,CUST-01275,MERCH-017,95345,USD,PENDING,2026-09-16 12:17:51.020810
PAY-5F672CBB-4570,CUST-00532,MERCH-024,124392,USD,FAILED,2026-09-22 03:53:38.020810
PAY-CB2F023C-8EF7,CUST-00291,MERCH-040,90708,USD,SUCCESS,2026-09-20 22:53:51.020810
PAY-74739089-CCE3,CUST-00694,MERCH-025,49275,EUR,SUCCESS,2026-09-07 08:02:24.020810
PAY-FA087B53-2C60,CUST-00929,MERCH-028,21012,EUR,SUCCESS,2026-09-25 23:00:15.020810
PAY-F0DBC44B-CC67,CUST-00484,MERCH-029,30994,USD,PENDING,2026-09-23 09:59:24.020810
PAY-4B4E0043-C8DC,CUST-01410,MERCH-049,131696,USD,FAILED,2026-09-26 01:55:41.020810
PAY-C6E5A6FE-B813,CUST-00851,MERCH-049,112083,USD,SUCCESS,2026-09-08 14:53:40.020810
PAY-51E3BEB4-10A2,CUST-00493,MERCH-038,105565,USD,SUCCESS,2026-09-18 23:04:05.020810
PAY-34AC5094-4C12,CUST-00219,MERCH-009,100555,USD,SUCCESS,2026-09-21 06:14:03.020810
PAY-BFBF30B9-986B,CUST-00903,MERCH-035,7121,USD,SUCCESS,2026-09-12 09:03:47.020810
PAY-4C2A374E-30E5,CUST-00763,MERCH-024,54887,EUR,SUCCESS,2026-09-25 18:13:50.020810
PAY-A3DBB52B-C421,CUST-00940,MERCH-007,143229,USD,SUCCESS,2026-09-11 06:04:41.020810
PAY-029BBAA0-49FF,CUST-01075,MERCH-031,12699,USD,SUCCESS,2026-09-15 15:58:56.020810
PAY-41E87D75-0A24,CUST-00340,MERCH-047,57494,USD,PENDING,2026-09-08 13:03:28.020810
PAY-A2631AB1-5DB2,CUST-01408,MERCH-042,100319,EUR,SUCCESS,2026-09-15 18:32:19.020810
PAY-ED4F9896-DFD7,CUST-00141,MERCH-020,102993,USD,FAILED,2026-09-16 04:21:35.020810
PAY-5CD33289-A78A,CUST-00781,MERCH-012,111717,USD,FAILED,2026-09-25 18:01:15.020810
PAY-74F9A562-4EB9,CUST-00420,MERCH-047,722,NGN,SUCCESS,2026-09-12 08:39:34.020810
PAY-3512883E-3D3C,CUST-00608,MERCH-044,19274,USD,FAILED,2026-09-07 02:52:27.020810
PAY-D4D5EB18-556B,CUST-00937,MERCH-027,78668,NGN,SUCCESS,2026-09-06 10:55:37.020810
PAY-E36A5C3C-9238,CUST-00357,MERCH-041,98697,EUR,SUCCESS,2026-09-06 17:20:22.020810
PAY-8FF7F327-1087,CUST-00381,MERCH-019,59944,USD,FAILED,2026-09-26 13:58:00.020810
PAY-05FCE7BF-D527,CUST-00231,MERCH-039,139925,NGN,SUCCESS,2026-09-21 00:28:31.020810
PAY-727C674D-D666,CUST-00864,MERCH-014,69163,GBP,SUCCESS,2026-09-21 22:28:03.020810
PAY-B8CEE18B-E09D,CUST-00982,MERCH-002,102290,USD,SUCCESS,2026-09-13 21:45:19.020810
PAY-F3782184-DE0C,CUST-00642,MERCH-025,148710,USD,SUCCESS,2026-09-27 21:45:39.020810
PAY-937D1321-01B2,CUST-00794,MERCH-038,127125,USD,FAILED,2026-09-26 12:58:57.020810
PAY-8CD837DA-A713,CUST-00045,MERCH-014,144995,GBP,SUCCESS,2026-09-20 01:53:56.020810
PAY-6A3A5CF8-E6F7,CUST-01145,MERCH-050,1283,USD,SUCCESS,2026-09-12 23:42:21.020810
PAY-0FA74010-01C7,CUST-00058,MERCH-018,58142,NGN,SUCCESS,2026-09-28 00:49:55.020810
PAY-143E6560-A316,CUST-00997,MERCH-044,60226,USD,SUCCESS,2026-10-01 01:08:46.020810
PAY-4C5522CC-328D,CUST-00823,MERCH-047,21145,USD,SUCCESS,2026-09-12 18:40:49.020810
PAY-F9DEBC79-482B,CUST-00706,MERCH-037,38502,GBP,FAILED,2026-09-10 13:13:00.020810
PAY-77684734-10A7,CUST-01448,MERCH-039,44452,USD,SUCCESS,2026-09-07 06:33:42.020810
PAY-C69CC9F9-6A60,CUST-00989,MERCH-004,86963,USD,PENDING,2026-09-20 08:46:11.020810
PAY-896EB577-70F5,CUST-01226,MERCH-015,17385,USD,SUCCESS,2026-09-15 08:36:01.020810
PAY-E8A2297F-6BC3,CUST-00090,MERCH-017,99359,USD,SUCCESS,2026-09-04 04:18:17.020810
PAY-E592B33D-5160,CUST-01405,MERCH-010,25190,USD,SUCCESS,2026-09-29 20:47:08.020810
PAY-EA5DA023-BBEC,CUST-00168,MERCH-035,45153,EUR,SUCCESS,2026-09-23 16:24:57.020810
PAY-830E7E74-0785,CUST-00263,MERCH-033,74101,USD,SUCCESS,2026-09-09 08:58:01.020810
PAY-79D70CDA-85C9,CUST-00983,MERCH-008,50983,USD,SUCCESS,2026-09-26 22:23:47.020810
PAY-1D67E6D3-0CE3,CUST-00042,MERCH-006,30440,EUR,PENDING,2026-09-27 19:13:40.020810
PAY-64C93B1B-1DAD,CUST-00915,MERCH-045,105483,USD,SUCCESS,2026-09-30 01:53:17.020810
PAY-56C2DAC8-91DF,CUST-01336,MERCH-004,88230,USD,SUCCESS,2026-09-25 01:57:55.020810
PAY-E7DF9A17-4239,CUST-01387,MERCH-029,136982,USD,FAILED,2026-09-27 06:48:57.020810
PAY-78B29D92-732F,CUST-01344,MERCH-017,125559,USD,SUCCESS,2026-09-29 17:55:17.020810
PAY-D8C95664-C831,CUST-00584,MERCH-038,118149,GBP,PENDING,2026-10-01 13:54:09.020810
PAY-8B9E9061-7261,CUST-01279,MERCH-039,83265,NGN,FAILED,2026-09-04 12:27:39.020810
PAY-EA44CE33-06F1,CUST-00331,MERCH-009,129037,NGN,SUCCESS,2026-09-06 22:13:13.020810
PAY-8BB7E314-CC5E,CUST-00255,MERCH-008,143705,USD,SUCCESS,2026-09-15 07:26:06.020810
PAY-83538985-91C2,CUST-00839,MERCH-022,93809,EUR,PENDING,2026-09-22 00:37:26.020810
PAY-DEB90508-056A,CUST-01059,MERCH-048,145437,USD,SUCCESS,2026-09-06 08:46:53.020810
PAY-2897712C-8D4F,CUST-01270,MERCH-035,2967,EUR,PENDING,2026-09-06 17:02:08.020810
PAY-8D210F72-B8CE,CUST-00887,MERCH-005,55880,EUR,PENDING,2026-09-25 16:00:48.020810
PAY-3F54F3BD-A3DF,CUST-01295,MERCH-044,107030,USD,SUCCESS,2026-09-16 23:18:30.020810
PAY-17A81574-204F,CUST-00499,MERCH-007,52959,USD,SUCCESS,2026-09-21 13:28:08.020810
PAY-68377F0F-AE32,CUST-00193,MERCH-011,121347,USD,FAILED,2026-09-30 17:01:16.020810
PAY-9D34EBB0-F42C,CUST-00751,MERCH-023,47163,GBP,FAILED,2026-09-23 12:53:03.020810
PAY-EC4D151F-DE68,CUST-00849,MERCH-007,80477,USD,SUCCESS,2026-09-22 01:50:23.020810
PAY-87DCF1B0-BEB5,CUST-01247,MERCH-027,128427,USD,SUCCESS,2026-09-12 08:05:03.020810
PAY-471C04AD-DCC7,CUST-01149,MERCH-033,23746,USD,SUCCESS,2026-09-05 04:56:50.020810
PAY-2401D5AD-707F,CUST-01176,MERCH-014,14538,USD,FAILED,2026-09-27 06:30:27.020810
PAY-2E45BB9F-F5E1,CUST-00803,MERCH-034,12915,USD,PENDING,2026-09-09 20:23:54.020810
PAY-C46D8F56-6912,CUST-00234,MERCH-049,3899,USD,PENDING,2026-09-11 19:34:29.020810
PAY-B796F78A-6629,CUST-01024,MERCH-005,129934,USD,SUCCESS,2026-09-22 10:32:17.020810
PAY-10DBF33B-9981,CUST-00713,MERCH-013,30625,USD,FAILED,2026-09-10 02:16:59.020810
PAY-958787B1-9145,CUST-00797,MERCH-015,111017,USD,SUCCESS,2026-09-11 04:45:53.020810
PAY-F96B1952-8A4B,CUST-00247,MERCH-016,123761,GBP,SUCCESS,2026-09-05 11:45:52.020810
PAY-BD0CE683-D406,CUST-01258,MERCH-034,70691,USD,SUCCESS,2026-09-17 17:59:46.020810
PAY-A4359BC1-7F39,CUST-01185,MERCH-003,81888,EUR,SUCCESS,2026-09-03 23:05:46.020810
PAY-0E93B5DB-3747,CUST-01412,MERCH-039,64115,USD,SUCCESS,2026-09-04 11:45:52.020810
PAY-28748BD1-660A,CUST-00976,MERCH-044,94152,USD,FAILED,2026-09-09 16:29:53.020810
PAY-6C6FEC1F-5E46,CUST-00606,MERCH-024,87769,USD,SUCCESS,2026-09-26 19:14:40.020810
PAY-0F15DC6D-056D,CUST-01032,MERCH-015,110888,USD,SUCCESS,2026-09-18 08:21:15.020810
PAY-6B665E9F-2CDF,CUST-00481,MERCH-044,144196,USD,SUCCESS,2026-09-30 18:33:50.020810
PAY-595B4F53-07C1,CUST-00254,MERCH-010,73494,USD,PENDING,2026-09-25 03:33:44.020810
PAY-FA005E61-C5BA,CUST-00447,MERCH-039,38641,USD,SUCCESS,2026-09-09 05:45:43.020810
PAY-A4E3DF2F-B508,CUST-00660,MERCH-050,28245,USD,SUCCESS,2026-09-18 08:40:46.020810
PAY-6DB26523-4BE4,CUST-00897,MERCH-018,48801,GBP,SUCCESS,2026-09-05 03:26:37.020810
PAY-8CC8991E-51F8,CUST-00661,MERCH-036,67100,USD,SUCCESS,2026-09-04 23:58:55.020810
PAY-B8E13404-742F,CUST-01011,MERCH-027,28364,USD,SUCCESS,2026-09-10 11:19:41.020810
PAY-0E718772-5873,CUST-01441,MERCH-012,106882,USD,SUCCESS,2026-09-10 21:04:29.020810
PAY-E30DF08F-3DAE,CUST-00077,MERCH-008,104090,EUR,SUCCESS,2026-09-28 01:39:59.020810
PAY-015013EC-4F56,CUST-00478,MERCH-037,68951,USD,SUCCESS,2026-09-30 19:11:02.020810
PAY-512251C1-CA9D,CUST-00734,MERCH-017,55002,USD,PENDING,2026-09-06 11:58:55.020810
PAY-BA9C1178-9BA9,CUST-01482,MERCH-050,66478,USD,PENDING,2026-09-28 16:38:53.020810
PAY-5A9256D9-ED5E,CUST-00652,MERCH-015,82800,USD,FAILED,2026-09-06 07:29:39.020810
PAY-EC74840A-8516,CUST-00798,MERCH-014,64033,USD,SUCCESS,2026-09-04 07:36:56.020810
PAY-A528A49F-1019,CUST-00018,MERCH-050,105342,GBP,PENDING,2026-09-24 14:07:20.020810
PAY-6CA24200-673B,CUST-01068,MERCH-043,12595,USD,SUCCESS,2026-09-18 03:36:38.020810
PAY-13A7C027-418E,CUST-01333,MERCH-038,80677,USD,PENDING,2026-09-22 13:36:11.020810
PAY-82981285-8D4D,CUST-00743,MERCH-038,122348,USD,SUCCESS,2026-09-27 21:26:53.020810
PAY-364AA36E-49EA,CUST-00278,MERCH-041,8917,EUR,FAILED,2026-09-15 05:34:39.020810
PAY-B8A5E246-2915,CUST-01152,MERCH-048,46595,USD,SUCCESS,2026-10-01 10:22:56.020810
PAY-BA79D30F-296A,CUST-01439,MERCH-007,127234,NGN,SUCCESS,2026-09-24 03:10:51.020810
PAY-549314E5-D065,CUST-01303,MERCH-050,86646,EUR,SUCCESS,2026-09-10 21:26:21.020810
PAY-A0110905-DEAF,CUST-01333,MERCH-049,110216,EUR,SUCCESS,2026-09-06 06:28:57.020810
PAY-F0F41CF5-A5A4,CUST-00821,MERCH-033,17943,USD,FAILED,2026-09-04 21:11:22.020810
PAY-80F32A07-6596,CUST-00423,MERCH-014,50860,USD,SUCCESS,2026-09-24 14:19:35.020810
PAY-309AF275-FB7A,CUST-00879,MERCH-029,125862,USD,SUCCESS,2026-09-03 03:43:31.020810
PAY-ADB07A20-4027,CUST-01419,MERCH-009,126020,USD,SUCCESS,2026-09-07 15:11:37.020810
PAY-DC830A8A-8D7A,CUST-01346,MERCH-015,3437,USD,FAILED,2026-09-16 00:24:57.020810
PAY-4F543684-8692,CUST-01447,MERCH-012,35261,GBP,SUCCESS,2026-09-16 14:16:31.020810
PAY-195B844D-3432,CUST-01333,MERCH-011,71376,USD,SUCCESS,2026-09-10 01:06:45.020810
PAY-E56D8405-1166,CUST-00193,MERCH-045,138180,EUR,FAILED,2026-10-01 16:43:57.020810
PAY-1C77C661-56DF,CUST-01479,MERCH-015,108449,EUR,SUCCESS,2026-09-04 17:38:47.020810
PAY-6B664326-6990,CUST-01380,MERCH-016,62022,USD,SUCCESS,2026-09-10 17:31:49.020810
PAY-FD1B5740-7939,CUST-00889,MERCH-021,4279,USD,SUCCESS,2026-09-16 17:40:02.020810
PAY-0F98B3B7-5398,CUST-00193,MERCH-035,81765,USD,PENDING,2026-09-06 14:33:25.020810
PAY-4C5CFC03-389B,CUST-00595,MERCH-018,78233,GBP,PENDING,2026-09-09 22:09:11.020810
PAY-86B407A3-D4A5,CUST-01133,MERCH-018,8578,NGN,SUCCESS,2026-09-09 07:07:48.020810
PAY-D76BBCBF-0F3C,CUST-00323,MERCH-045,64633,GBP,SUCCESS,2026-09-15 07:50:39.020810
PAY-34516215-2BEF,CUST-00754,MERCH-001,81148,USD,FAILED,2026-09-30 22:19:00.020810
PAY-A69C58E8-DD17,CUST-00900,MERCH-027,24318,USD,PENDING,2026-09-18 19:10:44.020810
PAY-898ACEB3-569B,CUST-00242,MERCH-043,112120,EUR,FAILED,2026-09-26 17:55:21.020810
PAY-A69E3DD5-C664,CUST-01347,MERCH-005,109690,USD,SUCCESS,2026-09-18 02:04:55.020810
PAY-CBB1F0E7-72BF,CUST-00562,MERCH-001,75212,USD,FAILED,2026-10-01 12:01:29.020810
PAY-F6AE1A7F-051B,CUST-00212,MERCH-020,92657,USD,SUCCESS,2026-09-25 18:53:57.020810
PAY-305A3280-EBCA,CUST-00395,MERCH-040,17527,USD,SUCCESS,2026-09-27 22:20:53.020810
PAY-AEA7A2F1-0E53,CUST-00395,MERCH-030,84364,USD,SUCCESS,2026-09-03 15:32:57.020810
PAY-8B8EB076-238C,CUST-00638,MERCH-041,79164,EUR,SUCCESS,2026-09-08 06:35:09.020810
PAY-7EE742E4-09B7,CUST-00666,MERCH-006,133818,USD,SUCCESS,2026-09-04 11:12:19.020810
PAY-3024F912-98F2,CUST-00367,MERCH-025,19007,USD,SUCCESS,2026-09-05 10:50:45.020810
PAY-4D1EBFF7-8F15,CUST-00056,MERCH-042,83942,GBP,SUCCESS,2026-09-11 10:46:52.020810
PAY-501A5FEA-05F9,CUST-00786,MERCH-021,70536,USD,SUCCESS,2026-10-01 16:28:07.020810
PAY-14466FB3-A76F,CUST-00372,MERCH-048,46487,USD,SUCCESS,2026-09-29 19:30:05.020810
PAY-9E66B246-8ACA,CUST-00073,MERCH-041,63902,USD,FAILED,2026-09-10 05:29:51.020810
PAY-EE035221-002F,CUST-00984,MERCH-025,113951,USD,SUCCESS,2026-09-20 06:47:33.020810
PAY-F0AC014F-3EED,CUST-01195,MERCH-043,45921,USD,SUCCESS,2026-09-22 07:31:06.020810
PAY-EFFD7DB7-8CB3,CUST-00344,MERCH-037,61770,NGN,SUCCESS,2026-09-18 14:26:41.020810
PAY-76ED5936-945C,CUST-00475,MERCH-035,24950,NGN,SUCCESS,2026-09-20 09:15:39.020810
PAY-BA4CC0F9-313C,CUST-01165,MERCH-017,17650,USD,SUCCESS,2026-09-06 06:23:11.020810
PAY-F6839308-77ED,CUST-01281,MERCH-035,4757,USD,SUCCESS,2026-09-11 01:44:27.020810
PAY-3D19B343-0913,CUST-01273,MERCH-015,33744,USD,SUCCESS,2026-09-16 14:10:30.020810
PAY-B9310635-BC64,CUST-00575,MERCH-042,77585,USD,SUCCESS,2026-09-08 23:33:03.020810
PAY-32CD9E34-6B2D,CUST-00005,MERCH-025,47076,USD,PENDING,2026-09-22 08:55:55.020810
PAY-76CA21EC-70C7,CUST-01050,MERCH-048,71320,USD,FAILED,2026-09-10 21:01:03.020810
PAY-E2DA71A2-C40F,CUST-00840,MERCH-013,79119,EUR,SUCCESS,2026-09-11 13:02:20.020810
PAY-40A273E4-A8F2,CUST-01382,MERCH-034,60812,USD,SUCCESS,2026-09-27 21:56:09.020810
PAY-5FD9AC7C-6C91,CUST-00488,MERCH-017,124399,USD,SUCCESS,2026-09-11 21:19:43.020810
PAY-15763F9D-6D28,CUST-00760,MERCH-007,100442,USD,SUCCESS,2026-09-27 07:58:08.020810
PAY-EE4C3C27-A96C,CUST-00894,MERCH-040,10273,GBP,SUCCESS,2026-09-14 02:35:25.020810
PAY-4B405651-47E5,CUST-01040,MERCH-028,75989,EUR,SUCCESS,2026-09-19 07:55:04.020810
PAY-B908A35B-CD80,CUST-00360,MERCH-019,147830,GBP,SUCCESS,2026-09-13 20:24:03.020810
PAY-FB254411-F0C9,CUST-00362,MERCH-025,145854,USD,PENDING,2026-09-08 05:47:19.020810
PAY-F4B983CE-EE3D,CUST-00676,MERCH-022,118403,EUR,SUCCESS,2026-09-02 18:27:07.020810
PAY-885E48A8-6121,CUST-00551,MERCH-014,6190,USD,FAILED,2026-09-18 06:20:58.020810
PAY-566B0EB1-FBBE,CUST-01183,MERCH-023,147154,GBP,SUCCESS,2026-09-09 16:12:12.020810
PAY-0ADECE2F-81E8,CUST-01298,MERCH-034,71797,USD,SUCCESS,2026-09-19 21:01:15.020810
PAY-B2056E72-8D0D,CUST-00983,MERCH-041,65705,USD,SUCCESS,2026-09-02 03:48:38.020810
PAY-599BB5A0-5EF4,CUST-01166,MERCH-028,111111,USD,PENDING,2026-10-01 03:07:27.020810
PAY-A381173E-BEDF,CUST-00581,MERCH-021,85098,GBP,SUCCESS,2026-09-11 22:18:36.020810
PAY-141F97E4-AA3C,CUST-01231,MERCH-007,106630,USD,SUCCESS,2026-09-24 14:09:29.020810
PAY-3679A1A1-37B9,CUST-00673,MERCH-003,120537,USD,SUCCESS,2026-09-14 07:29:53.020810
PAY-EAF78E88-53E2,CUST-00256,MERCH-036,53298,EUR,SUCCESS,2026-09-27 03:34:09.020810
PAY-EA88DC37-93B6,CUST-00010,MERCH-003,89687,EUR,FAILED,2026-09-30 11:49:30.020810
PAY-9D8BA7DE-2360,CUST-00562,MERCH-009,133841,USD,SUCCESS,2026-09-28 11:32:42.020810
PAY-F98B9F7E-7E4A,CUST-00933,MERCH-014,75159,GBP,SUCCESS,2026-09-15 02:19:22.020810
PAY-9D2D1684-FFE7,CUST-01495,MERCH-040,99404,EUR,SUCCESS,2026-09-21 06:30:51.020810
PAY-25040042-FB33,CUST-01058,MERCH-028,118457,NGN,SUCCESS,2026-09-22 14:49:37.020810
PAY-8FC6F94A-9592,CUST-01207,MERCH-035,68189,USD,SUCCESS,2026-10-01 10:23:45.020810
PAY-8719EFD8-69B4,CUST-00936,MERCH-002,28416,USD,SUCCESS,2026-09-21 14:13:28.020810
PAY-4B8E5892-72E2,CUST-00938,MERCH-045,114068,USD,PENDING,2026-09-02 20:06:46.020810
PAY-B02217AA-09BF,CUST-01197,MERCH-004,68883,NGN,SUCCESS,2026-09-05 21:13:37.020810
PAY-07C764A2-1B74,CUST-01273,MERCH-029,21679,EUR,SUCCESS,2026-09-05 17:46:08.020810
PAY-EB00A37F-E7A5,CUST-00054,MERCH-049,137758,GBP,SUCCESS,2026-09-12 04:33:32.020810
PAY-D08BCC57-2299,CUST-00534,MERCH-046,27403,USD,FAILED,2026-09-23 12:11:04.020810
PAY-39BA22B6-7DD7,CUST-00690,MERCH-026,94477,EUR,SUCCESS,2026-09-25 01:56:15.020810
PAY-8F5DBBC8-ECC5,CUST-00858,MERCH-028,513,NGN,PENDING,2026-09-17 13:45:59.020810
PAY-B7926132-C5FB,CUST-01337,MERCH-022,142796,USD,SUCCESS,2026-09-05 11:24:19.020810
PAY-087DE408-CC1F,CUST-01491,MERCH-033,5743,NGN,SUCCESS,2026-09-22 06:17:46.020810
PAY-921BEB5F-E1AC,CUST-01406,MERCH-007,129316,USD,SUCCESS,2026-09-20 10:00:07.020810
PAY-CA1EB923-5CE4,CUST-01357,MERCH-019,148080,GBP,FAILED,2026-09-14 09:59:51.020810
PAY-7A018279-6885,CUST-01482,MERCH-044,54084,USD,PENDING,2026-09-10 12:43:26.020810
PAY-402118C3-AE18,CUST-00582,MERCH-045,96952,EUR,PENDING,2026-09-11 19:55:51.020810
PAY-05AEC1E1-E9C1,CUST-01251,MERCH-041,136060,USD,SUCCESS,2026-09-22 20:55:46.020810
PAY-65C560F4-BF37,CUST-00672,MERCH-002,85488,EUR,SUCCESS,2026-09-15 06:21:45.020810
PAY-24097DBD-F97A,CUST-00035,MERCH-042,107706,EUR,FAILED,2026-09-18 00:38:17.020810
PAY-A66594E2-E840,CUST-00837,MERCH-046,60616,USD,FAILED,2026-09-29 17:59:42.020810
PAY-C5C42C57-445E,CUST-00993,MERCH-022,12443,USD,SUCCESS,2026-09-16 20:22:36.020810
PAY-99965A84-3B56,CUST-00278,MERCH-046,47147,USD,SUCCESS,2026-09-14 14:06:54.020810
PAY-D6D42AE9-8EF4,CUST-01149,MERCH-028,124134,USD,FAILED,2026-09-05 06:11:40.020810
PAY-4AF2CFDD-695C,CUST-01440,MERCH-035,44492,EUR,SUCCESS,2026-09-30 07:03:33.020810
PAY-94674AC9-AD26,CUST-00679,MERCH-029,79316,EUR,SUCCESS,2026-09-07 19:05:39.020810
PAY-8729DADE-F1FB,CUST-00069,MERCH-009,15100,USD,SUCCESS,2026-09-17 19:10:46.020810
PAY-E7E89EEF-FAA0,CUST-01398,MERCH-016,85362,EUR,FAILED,2026-09-27 22:04:29.020810
PAY-B1202485-4212,CUST-01446,MERCH-032,45701,USD,FAILED,2026-09-22 12:39:06.020810
PAY-C9299467-F378,CUST-00771,MERCH-020,19202,EUR,PENDING,2026-09-26 17:13:59.020810
PAY-04CAFF71-5EF6,CUST-01289,MERCH-027,136107,USD,SUCCESS,2026-09-13 20:43:32.020810
PAY-21346D40-1B4C,CUST-01325,MERCH-019,64592,EUR,PENDING,2026-09-29 13:44:58.020810
PAY-B389991A-1E63,CUST-00834,MERCH-036,101520,USD,SUCCESS,2026-09-04 06:30:28.020810
PAY-1BF72240-9DC5,CUST-00402,MERCH-021,92458,USD,SUCCESS,2026-09-26 14:53:15.020810
PAY-CB466B3F-1AA5,CUST-00453,MERCH-002,6197,USD,SUCCESS,2026-09-05 20:44:01.020810
PAY-92947CCE-D1C1,CUST-00163,MERCH-049,115653,USD,SUCCESS,2026-09-08 14:49:11.020810
PAY-E5283CEB-9BD8,CUST-01125,MERCH-037,87915,USD,SUCCESS,2026-09-20 01:51:42.020810
PAY-5BA141C5-AB30,CUST-00173,MERCH-040,902,USD,PENDING,2026-09-11 20:59:24.020810
PAY-275CD943-C1C6,CUST-00603,MERCH-042,97197,USD,FAILED,2026-09-26 05:03:41.020810
PAY-A2AFC536-B729,CUST-00302,MERCH-046,120998,USD,PENDING,2026-09-25 12:45:44.020810
PAY-CEF7A306-2E7F,CUST-00718,MERCH-034,124978,USD,SUCCESS,2026-09-20 00:19:05.020810
PAY-4275C9BE-2830,CUST-00100,MERCH-014,86364,USD,FAILED,2026-09-20 13:25:04.020810
PAY-FB286192-E463,CUST-00850,MERCH-010,51435,USD,SUCCESS,2026-09-04 06:18:56.020810
PAY-29A7CC9D-5582,CUST-00866,MERCH-014,80203,USD,SUCCESS,2026-09-14 01:48:25.020810
PAY-C4B5F1CB-F648,CUST-01393,MERCH-019,68176,USD,SUCCESS,2026-09-12 00:21:19.020810
PAY-C35B0128-4B11,CUST-00826,MERCH-033,99464,USD,SUCCESS,2026-09-30 18:37:09.020810
PAY-A5A5527A-6160,CUST-01472,MERCH-016,28012,GBP,SUCCESS,2026-09-13 01:13:24.020810
PAY-370D1596-32F2,CUST-01101,MERCH-005,51926,USD,FAILED,2026-09-09 01:34:54.020810
PAY-71B04A8F-94C3,CUST-00456,MERCH-024,111040,EUR,SUCCESS,2026-09-23 02:31:48.020810
PAY-D296869E-2A9E,CUST-00182,MERCH-031,118069,GBP,SUCCESS,2026-09-04 01:54:06.020810
PAY-27465F12-3A21,CUST-00451,MERCH-008,79524,USD,PENDING,2026-09-23 10:24:06.020810
PAY-603DA473-A65B,CUST-00574,MERCH-023,121492,NGN,SUCCESS,2026-09-24 03:16:34.020810
PAY-CE9538F3-6792,CUST-00877,MERCH-012,36126,USD,SUCCESS,2026-09-21 19:55:32.020810
PAY-A950459E-DDA6,CUST-00795,MERCH-016,117022,USD,SUCCESS,2026-09-20 19:23:07.020810
PAY-91F01CB1-E462,CUST-01103,MERCH-021,134046,USD,PENDING,2026-09-03 18:07:21.020810
PAY-D3ECA0FF-ED1F,CUST-01258,MERCH-036,128527,GBP,SUCCESS,2026-10-01 03:35:43.020810
PAY-75B5323D-D73D,CUST-01016,MERCH-017,98629,USD,SUCCESS,2026-09-25 19:50:03.020810
PAY-3F111763-44BF,CUST-01256,MERCH-018,63264,USD,SUCCESS,2026-09-15 16:24:01.020810
PAY-BD981D34-98A8,CUST-00585,MERCH-033,36764,GBP,SUCCESS,2026-09-17 23:39:28.020810
PAY-37D9EF0F-517C,CUST-01204,MERCH-023,117449,GBP,SUCCESS,2026-09-10 23:51:27.020810
PAY-A661FF43-6869,CUST-00942,MERCH-017,63421,USD,SUCCESS,2026-09-03 02:13:35.020810
PAY-2A774242-F484,CUST-00976,MERCH-025,110572,EUR,PENDING,2026-09-24 08:48:24.020810
PAY-6D98AEEA-913B,CUST-01142,MERCH-031,7059,EUR,SUCCESS,2026-09-15 10:02:12.020810
PAY-1056C00D-F367,CUST-00544,MERCH-010,126333,USD,SUCCESS,2026-09-02 20:26:13.020810
PAY-670C6904-29FB,CUST-00863,MERCH-030,21607,NGN,FAILED,2026-09-18 23:26:10.020810
PAY-919D9466-7A50,CUST-00632,MERCH-039,92442,EUR,SUCCESS,2026-09-23 08:49:50.020810
PAY-BEFF18A9-2AC3,CUST-00410,MERCH-020,20431,EUR,SUCCESS,2026-09-06 01:01:45.020810
PAY-A58AD4BE-5303,CUST-00650,MERCH-049,54946,USD,SUCCESS,2026-09-24 15:09:38.020810
PAY-8127C1A2-09F2,CUST-01335,MERCH-050,16070,NGN,SUCCESS,2026-09-11 20:28:58.020810
PAY-A7E40A0F-19DC,CUST-01274,MERCH-038,8972,USD,PENDING,2026-09-04 13:59:08.020810
PAY-45AC72E3-2767,CUST-01318,MERCH-046,73313,USD,SUCCESS,2026-09-04 00:22:49.020810
PAY-D7D2E9AE-989E,CUST-00069,MERCH-027,104945,USD,SUCCESS,2026-09-19 20:18:07.020810
PAY-F7FA98D2-A23B,CUST-00732,MERCH-047,39825,USD,SUCCESS,2026-09-26 08:00:14.020810
PAY-124B87C2-5A4A,CUST-00496,MERCH-048,69546,EUR,SUCCESS,2026-09-15 20:39:12.020810
PAY-DEFD28D6-2FDB,CUST-00704,MERCH-016,87933,GBP,SUCCESS,2026-09-27 06:14:56.020810
PAY-A01DD7ED-0804,CUST-01341,MERCH-043,96302,GBP,SUCCESS,2026-09-22 06:37:58.020810
PAY-7CAE7B28-DF56,CUST-00504,MERCH-022,53003,EUR,SUCCESS,2026-09-10 12:14:52.020810
PAY-D781398E-AF4C,CUST-01387,MERCH-009,113179,EUR,SUCCESS,2026-09-21 17:45:37.020810
PAY-A6A6C4BF-B7D7,CUST-00066,MERCH-041,10151,GBP,SUCCESS,2026-09-02 09:53:41.020810
PAY-3463B304-1D75,CUST-00533,MERCH-030,21125,USD,SUCCESS,2026-09-03 03:51:55.020810
PAY-34813BD1-F359,CUST-00144,MERCH-004,81152,EUR,SUCCESS,2026-09-13 16:14:10.020810
PAY-097F22CB-0860,CUST-01198,MERCH-049,110971,NGN,PENDING,2026-09-19 07:34:13.020810
PAY-4BAC90D6-97E4,CUST-00160,MERCH-006,132060,EUR,SUCCESS,2026-09-30 21:14:58.020810
PAY-31634C0C-4F36,CUST-01163,MERCH-038,82907,EUR,SUCCESS,2026-09-21 03:10:43.020810
PAY-0B7E8A26-C06D,CUST-00165,MERCH-006,27186,USD,PENDING,2026-09-28 08:12:45.020810
PAY-16B2B5EA-E748,CUST-01399,MERCH-021,56870,NGN,PENDING,2026-09-26 03:30:31.020810
PAY-E77F9CFC-394F,CUST-00918,MERCH-018,112274,USD,SUCCESS,2026-09-21 06:18:49.020810
PAY-6D61C865-00A6,CUST-00157,MERCH-020,123808,USD,SUCCESS,2026-09-16 15:11:14.020810
PAY-45DD38AD-1808,CUST-00919,MERCH-028,134383,USD,SUCCESS,2026-09-06 06:33:16.020810
PAY-3225DD6D-1E6A,CUST-01317,MERCH-049,134487,EUR,FAILED,2026-09-21 13:58:04.020810
PAY-BBB0EE61-54E1,CUST-00998,MERCH-043,74074,EUR,FAILED,2026-09-01 18:15:38.020810
PAY-73602FFA-C087,CUST-01476,MERCH-030,108400,USD,SUCCESS,2026-09-30 02:04:34.020810
PAY-54E9A251-1D6E,CUST-00819,MERCH-043,144039,GBP,SUCCESS,2026-09-20 08:53:02.020810
PAY-1DB4AC61-4D6A,CUST-00302,MERCH-046,4647,USD,SUCCESS,2026-10-01 13:40:51.020810
PAY-6FFB2A2D-D86A,CUST-00764,MERCH-046,97194,USD,SUCCESS,2026-09-08 05:20:30.020810
PAY-DCD302FE-0219,CUST-00828,MERCH-022,98784,GBP,PENDING,2026-09-30 21:42:22.020810
PAY-108595D6-31B2,CUST-00035,MERCH-034,72911,USD,SUCCESS,2026-09-05 01:10:58.020810
PAY-38AE2535-2658,CUST-01472,MERCH-011,61201,GBP,SUCCESS,2026-09-13 01:16:17.020810
PAY-92655816-72C6,CUST-00008,MERCH-047,49241,USD,PENDING,2026-09-10 12:27:57.020810
PAY-8AD9B258-B536,CUST-01017,MERCH-028,5047,GBP,PENDING,2026-09-15 15:08:24.020810
PAY-3CD14757-E11D,CUST-00647,MERCH-018,63930,USD,SUCCESS,2026-09-25 02:48:16.020810
PAY-AE227A9B-812A,CUST-01277,MERCH-035,46305,GBP,SUCCESS,2026-09-22 06:14:31.020810
PAY-E48C0C4A-2F2E,CUST-00319,MERCH-005,14864,GBP,SUCCESS,2026-09-14 01:23:46.020810
PAY-5D829FB6-E506,CUST-00727,MERCH-005,23631,GBP,SUCCESS,2026-09-12 06:10:37.020810
PAY-0A42E6BB-3E7D,CUST-01090,MERCH-025,8949,USD,SUCCESS,2026-09-20 00:22:29.020810
PAY-80077BAB-D9C1,CUST-00632,MERCH-032,118744,EUR,SUCCESS,2026-09-16 16:29:14.020810
PAY-507B1330-F385,CUST-00499,MERCH-014,24168,USD,PENDING,2026-09-28 13:02:29.020810
PAY-EB9FCAB6-A481,CUST-00519,MERCH-030,89519,USD,SUCCESS,2026-09-26 01:07:56.020810
PAY-934EBED7-881F,CUST-00344,MERCH-017,78941,USD,PENDING,2026-09-23 20:32:44.020810
PAY-13628382-54CF,CUST-00620,MERCH-009,49777,USD,SUCCESS,2026-09-01 21:17:35.020810
PAY-6328077E-A65C,CUST-00671,MERCH-039,74431,GBP,SUCCESS,2026-09-14 11:58:25.020810
PAY-AD823DF1-D5C8,CUST-00212,MERCH-002,59726,USD,SUCCESS,2026-09-09 20:09:29.020810
PAY-A544832F-402D,CUST-01034,MERCH-031,94176,GBP,SUCCESS,2026-09-12 17:06:14.020810
PAY-DCE426F6-651D,CUST-00169,MERCH-035,108927,GBP,PENDING,2026-09-21 11:32:59.020810
PAY-AF28E644-516D,CUST-00636,MERCH-032,79784,EUR,FAILED,2026-09-25 00:20:35.020810
PAY-C537DEC9-2140,CUST-00196,MERCH-014,53860,USD,SUCCESS,2026-09-06 03:14:58.020810
PAY-AC088283-3597,CUST-00751,MERCH-005,49756,EUR,PENDING,2026-09-26 07:07:14.020810
PAY-45CA56E9-DA97,CUST-00018,MERCH-010,135272,USD,SUCCESS,2026-09-19 00:11:37.020810
PAY-1ACA5900-907E,CUST-00766,MERCH-013,110183,USD,SUCCESS,2026-09-14 17:53:33.020810
PAY-F3665120-A23F,CUST-00652,MERCH-035,92056,USD,SUCCESS,2026-09-05 13:41:25.020810
PAY-DA75C90E-47A8,CUST-00431,MERCH-040,141524,USD,SUCCESS,2026-09-27 08:27:22.020810
PAY-2F4BDEFE-79DD,CUST-00747,MERCH-041,31676,USD,SUCCESS,2026-09-09 21:40:38.020810
PAY-B0208413-FECD,CUST-01002,MERCH-036,86448,GBP,PENDING,2026-09-30 23:56:29.020810
PAY-6E2632CB-BD90,CUST-00704,MERCH-040,137474,USD,SUCCESS,2026-09-04 13:37:57.020810
PAY-36E4627A-0645,CUST-00622,MERCH-046,45276,NGN,FAILED,2026-09-05 10:42:34.020810
PAY-4F601D74-C394,CUST-01135,MERCH-025,95135,USD,SUCCESS,2026-09-17 19:00:32.020810
PAY-8ECFA007-64E1,CUST-01063,MERCH-008,121273,USD,SUCCESS,2026-09-20 01:10:57.020810
PAY-B1FC47FC-9DD9,CUST-00707,MERCH-049,56895,USD,PENDING,2026-09-10 09:21:35.020810
PAY-903486E9-3739,CUST-01102,MERCH-014,58260,USD,SUCCESS,2026-09-06 11:19:17.020810
PAY-DF2DE49D-E8B2,CUST-00638,MERCH-035,24538,GBP,FAILED,2026-09-29 12:32:55.020810
PAY-22C95302-F3F5,CUST-01122,MERCH-046,15045,GBP,PENDING,2026-09-03 18:01:12.020810
PAY-4161E60D-43BE,CUST-00402,MERCH-035,68185,USD,PENDING,2026-09-04 21:57:25.020810
PAY-6E9D2329-21E6,CUST-00789,MERCH-013,33827,EUR,SUCCESS,2026-09-14 08:04:57.020810
PAY-55B238FF-1C58,CUST-01441,MERCH-039,82225,EUR,SUCCESS,2026-09-10 03:48:28.020810
PAY-AF039219-D633,CUST-00322,MERCH-007,97486,NGN,SUCCESS,2026-10-01 06:52:20.020810
PAY-D4E24238-B632,CUST-01177,MERCH-030,14137,USD,SUCCESS,2026-09-13 12:19:50.020810
PAY-6F1E52FB-9D7C,CUST-01204,MERCH-048,45952,USD,SUCCESS,2026-09-06 16:34:08.020810
PAY-AE611EA6-5312,CUST-00130,MERCH-033,41063,USD,FAILED,2026-09-17 00:29:14.020810
PAY-8A0E6B9B-2AB6,CUST-00968,MERCH-013,24270,USD,SUCCESS,2026-09-16 02:06:52.020810
PAY-9521AD1C-D10C,CUST-00179,MERCH-019,23600,USD,SUCCESS,2026-09-21 06:03:44.020810
PAY-EF02B5B4-0FB4,CUST-00403,MERCH-016,87620,USD,SUCCESS,2026-09-05 19:52:48.020810
PAY-98260EC9-FC1B,CUST-01314,MERCH-023,51821,USD,SUCCESS,2026-09-19 08:28:04.020810
PAY-E6F69D65-B8FA,CUST-00111,MERCH-005,59077,USD,SUCCESS,2026-09-17 07:51:56.020810
PAY-6DC441C4-8044,CUST-00080,MERCH-013,81059,USD,SUCCESS,2026-09-04 14:47:53.020810
PAY-707B40CB-634E,CUST-00608,MERCH-001,116092,USD,FAILED,2026-09-23 14:13:22.020810
PAY-8CA1EC41-7A56,CUST-01092,MERCH-006,12939,EUR,SUCCESS,2026-09-06 14:28:33.020810
PAY-047C83DA-F48D,CUST-01263,MERCH-048,95019,USD,SUCCESS,2026-09-21 12:41:29.020810
PAY-7EB4A8FC-3B56,CUST-01258,MERCH-036,82514,USD,PENDING,2026-09-16 11:18:13.020810
PAY-D33EDB2B-169A,CUST-00655,MERCH-030,113787,NGN,PENDING,2026-09-21 12:07:14.020810
PAY-14CBC589-E7B3,CUST-00487,MERCH-048,85837,GBP,FAILED,2026-09-16 14:02:19.020810
PAY-42443A2C-8F06,CUST-00622,MERCH-008,48672,EUR,SUCCESS,2026-09-28 20:43:45.020810
PAY-3444AC1D-9C3B,CUST-01224,MERCH-038,37556,GBP,SUCCESS,2026-09-06 12:41:45.020810
PAY-8E194D65-8CBB,CUST-00833,MERCH-040,70466,USD,SUCCESS,2026-09-30 18:51:15.020810
PAY-4D67FC98-62A3,CUST-00699,MERCH-010,109807,GBP,SUCCESS,2026-09-04 10:21:34.020810
PAY-37421E5B-F403,CUST-00629,MERCH-044,27495,EUR,PENDING,2026-09-05 17:46:02.020810
PAY-A4A2C6C3-0400,CUST-00047,MERCH-027,100755,EUR,PENDING,2026-09-06 20:06:25.020810
PAY-18409D49-4A52,CUST-01313,MERCH-025,24953,EUR,SUCCESS,2026-10-01 15:43:08.020810
PAY-D3ECD741-9FBD,CUST-00036,MERCH-004,35211,GBP,SUCCESS,2026-09-27 07:32:00.020810
PAY-0E04218B-387B,CUST-00328,MERCH-043,35626,USD,SUCCESS,2026-09-13 21:31:49.020810
PAY-478BE32F-22D8,CUST-00253,MERCH-026,37565,USD,SUCCESS,2026-09-27 18:08:54.020810
PAY-8088B848-E985,CUST-00855,MERCH-033,40331,USD,SUCCESS,2026-09-07 20:55:42.020810
PAY-83D72BE7-4B52,CUST-01408,MERCH-006,93781,GBP,SUCCESS,2026-09-25 23:49:33.020810
PAY-80E8017A-38D2,CUST-01307,MERCH-026,100384,USD,SUCCESS,2026-09-10 00:50:12.020810
PAY-382279A3-F20B,CUST-01267,MERCH-037,38775,EUR,PENDING,2026-09-20 06:37:20.020810
PAY-7589F6F7-16F2,CUST-00063,MERCH-034,71538,USD,PENDING,2026-09-11 03:41:46.020810
PAY-ECA0F0B9-E65D,CUST-01017,MERCH-037,1517,USD,SUCCESS,2026-09-05 22:47:46.020810
PAY-678A3DEE-A2FA,CUST-00023,MERCH-023,60896,USD,SUCCESS,2026-09-29 08:46:40.020810
PAY-2B3589C9-4E69,CUST-00285,MERCH-043,129547,USD,SUCCESS,2026-09-18 19:56:42.020810
PAY-5690B7E8-A024,CUST-00266,MERCH-049,145011,USD,FAILED,2026-09-08 04:45:42.020810
PAY-C09F5054-58F9,CUST-01285,MERCH-030,53253,EUR,SUCCESS,2026-09-04 03:27:43.020810
PAY-74389D93-705B,CUST-00324,MERCH-010,12722,USD,SUCCESS,2026-09-03 05:43:56.020810
PAY-F1EF3E82-FDB1,CUST-01322,MERCH-043,70579,NGN,SUCCESS,2026-09-24 05:58:38.020810
PAY-246548B1-8B58,CUST-01145,MERCH-022,129827,USD,SUCCESS,2026-10-01 15:30:55.020810
PAY-7F227492-B7D9,CUST-00264,MERCH-017,146383,EUR,SUCCESS,2026-09-11 01:09:30.020810
PAY-E5697968-F9B4,CUST-00949,MERCH-008,92158,USD,FAILED,2026-09-08 18:50:04.020810
PAY-D3E1C4AB-9549,CUST-00181,MERCH-019,49328,EUR,SUCCESS,2026-09-18 00:07:04.020810
PAY-139DCF80-9FB3,CUST-01469,MERCH-003,134644,USD,SUCCESS,2026-09-17 20:02:47.020810
PAY-0A3E7DCF-F38E,CUST-01316,MERCH-002,135768,NGN,PENDING,2026-09-08 21:56:50.020810
PAY-D2137199-4837,CUST-00819,MERCH-002,12012,USD,SUCCESS,2026-09-20 05:02:35.020810
PAY-C16D848D-4EF5,CUST-00590,MERCH-036,45982,USD,SUCCESS,2026-09-03 03:36:19.020810
PAY-3EAB8864-7C25,CUST-00373,MERCH-017,110209,EUR,PENDING,2026-09-02 09:05:47.020810
PAY-473F52B6-92E7,CUST-00735,MERCH-020,69572,USD,SUCCESS,2026-09-24 22:03:34.020810
PAY-CAC35118-6EF7,CUST-00924,MERCH-026,89908,GBP,SUCCESS,2026-10-01 05:22:55.020810
PAY-6B297AF3-D3B8,CUST-00086,MERCH-046,6606,NGN,SUCCESS,2026-09-29 21:26:27.020810
PAY-1826E22F-057C,CUST-00527,MERCH-006,132898,NGN,SUCCESS,2026-09-26 03:51:04.020810
PAY-F2591CEE-8F75,CUST-00677,MERCH-028,68548,USD,SUCCESS,2026-09-20 19:04:12.020810
PAY-BB2399BF-1332,CUST-00419,MERCH-003,102455,USD,SUCCESS,2026-09-06 07:26:19.020810
PAY-A55D5338-6A5A,CUST-00675,MERCH-041,113592,NGN,FAILED,2026-09-18 23:07:08.020810
PAY-0DBF6BFD-B3FC,CUST-00276,MERCH-015,147002,EUR,SUCCESS,2026-09-26 18:00:12.020810
PAY-5C25E08F-B50F,CUST-01008,MERCH-034,134311,EUR,FAILED,2026-09-26 10:49:17.020810
PAY-28AF117A-6AA6,CUST-00907,MERCH-047,91619,USD,PENDING,2026-09-20 05:59:28.020810
PAY-D3BC1504-69C3,CUST-00872,MERCH-045,62799,USD,SUCCESS,2026-10-01 12:47:11.020810
PAY-5086FF1B-18A1,CUST-00152,MERCH-014,14253,USD,FAILED,2026-09-20 15:49:11.020810
PAY-9C3F02B2-39CB,CUST-00854,MERCH-042,36689,EUR,SUCCESS,2026-09-07 23:17:41.020810
PAY-B4FF8642-CEB2,CUST-01212,MERCH-002,26108,USD,SUCCESS,2026-09-06 00:55:58.020810
PAY-D50628A6-C3C7,CUST-01489,MERCH-013,100688,USD,SUCCESS,2026-09-28 17:59:32.020810
PAY-E7EB9724-4F3A,CUST-00019,MERCH-018,73138,USD,SUCCESS,2026-09-25 03:45:18.020810
PAY-CCC11E93-6EAC,CUST-01363,MERCH-049,21377,GBP,SUCCESS,2026-09-23 11:14:09.020810
PAY-B69DD913-4DD8,CUST-01183,MERCH-040,56682,EUR,SUCCESS,2026-09-02 12:09:39.020810
PAY-BB5F385B-829D,CUST-01043,MERCH-002,86816,USD,SUCCESS,2026-09-11 19:43:47.020810
PAY-899644DA-ED15,CUST-00249,MERCH-049,137091,USD,SUCCESS,2026-09-14 04:51:40.020810
PAY-D34E476E-EB7E,CUST-01202,MERCH-049,64959,GBP,PENDING,2026-09-17 10:06:28.020810
PAY-CC53FC21-00B3,CUST-01148,MERCH-011,76481,USD,SUCCESS,2026-09-29 09:45:01.020810
PAY-85FCF34C-ACE8,CUST-00631,MERCH-005,32490,NGN,SUCCESS,2026-09-30 08:34:00.020810
PAY-A3208E07-8D3D,CUST-00532,MERCH-030,13025,EUR,PENDING,2026-09-29 02:33:00.020810
PAY-E7A6FAC1-6119,CUST-00741,MERCH-015,115974,NGN,SUCCESS,2026-09-16 16:36:01.020810
PAY-D01CB9C7-C994,CUST-00263,MERCH-036,94454,USD,SUCCESS,2026-09-13 09:04:31.020810
PAY-0AD08217-7000,CUST-00191,MERCH-048,124817,GBP,PENDING,2026-09-21 14:31:23.020810
PAY-C01A2EBE-C742,CUST-00441,MERCH-041,148453,EUR,FAILED,2026-09-04 11:46:47.020810
PAY-1C96F59A-D395,CUST-00679,MERCH-047,33554,EUR,SUCCESS,2026-09-12 11:44:51.020810
PAY-F37E6518-6CC5,CUST-01347,MERCH-047,129848,GBP,SUCCESS,2026-09-20 21:03:05.020810
PAY-CEE25091-49C8,CUST-00017,MERCH-036,134333,USD,SUCCESS,2026-09-14 04:16:29.020810
PAY-9F87ABFC-E123,CUST-01059,MERCH-026,108993,EUR,SUCCESS,2026-09-27 10:11:41.020810
PAY-9DB17C82-DC68,CUST-00680,MERCH-025,44225,USD,FAILED,2026-09-09 00:04:45.020810
PAY-C7001BD8-4E34,CUST-00753,MERCH-050,49146,EUR,PENDING,2026-09-27 17:16:24.020810
PAY-7983BD2A-FD06,CUST-00326,MERCH-034,141145,USD,SUCCESS,2026-09-09 18:08:17.020810
PAY-9C7A1600-9771,CUST-00004,MERCH-049,138634,USD,PENDING,2026-09-07 03:15:44.020810
PAY-97D7DF67-311C,CUST-00448,MERCH-010,98415,USD,SUCCESS,2026-09-13 16:11:00.020810
PAY-016E1434-E1AC,CUST-00430,MERCH-003,134181,GBP,SUCCESS,2026-09-22 23:05:15.020810
PAY-2B890248-5285,CUST-01054,MERCH-022,140793,NGN,PENDING,2026-09-22 11:47:28.020810
PAY-2CC2EE8D-3FCF,CUST-01490,MERCH-020,127628,USD,SUCCESS,2026-09-22 06:19:43.020810
PAY-4F996291-F9B2,CUST-00839,MERCH-041,132196,USD,SUCCESS,2026-09-25 19:09:04.020810
PAY-1E814B17-0C4A,CUST-00038,MERCH-040,73518,GBP,PENDING,2026-09-21 03:19:12.020810
PAY-C31B0C51-918A,CUST-00664,MERCH-036,126232,USD,SUCCESS,2026-09-12 09:07:26.020810
PAY-116E5A7B-621C,CUST-00551,MERCH-047,85815,USD,SUCCESS,2026-09-15 09:15:38.020810
PAY-8EFF0D53-4DC1,CUST-01178,MERCH-031,38919,USD,SUCCESS,2026-09-18 00:10:16.020810
PAY-B07DC368-4851,CUST-00163,MERCH-015,53103,USD,SUCCESS,2026-09-19 02:36:30.020810
PAY-74DF97A2-DC58,CUST-00167,MERCH-031,90838,EUR,SUCCESS,2026-09-17 09:47:15.020810
PAY-F3846F1D-685E,CUST-01401,MERCH-046,42086,GBP,SUCCESS,2026-09-17 18:22:51.020810
PAY-CDEAB042-213A,CUST-01031,MERCH-045,72468,GBP,SUCCESS,2026-09-25 11:23:12.020810
PAY-6BDA3A89-8C80,CUST-01101,MERCH-046,72965,GBP,PENDING,2026-09-23 23:02:48.020810
PAY-10DF6DE6-8633,CUST-00179,MERCH-044,76818,USD,SUCCESS,2026-09-04 21:11:14.020810
PAY-F6259B54-1ADF,CUST-01079,MERCH-025,112839,NGN,FAILED,2026-09-09 08:30:54.020810
PAY-29E34439-3360,CUST-00909,MERCH-021,31384,NGN,FAILED,2026-09-07 14:21:03.020810
PAY-319C96D7-97C5,CUST-01264,MERCH-040,111754,EUR,SUCCESS,2026-09-25 16:36:01.020810
PAY-A8E55C66-3D6F,CUST-00527,MERCH-022,70812,USD,PENDING,2026-09-12 15:11:33.020810
PAY-179895C7-D9F4,CUST-01256,MERCH-027,83938,USD,SUCCESS,2026-09-19 00:29:10.020810
PAY-F00BE471-1FCF,CUST-00148,MERCH-050,114750,EUR,FAILED,2026-09-19 03:30:46.020810
PAY-4DCAD44D-B44A,CUST-00637,MERCH-008,106223,USD,SUCCESS,2026-10-01 10:29:49.020810
PAY-320D2F22-FB13,CUST-00903,MERCH-034,112374,USD,SUCCESS,2026-09-30 19:54:13.020810
PAY-4001846E-5A4D,CUST-00487,MERCH-047,13560,GBP,SUCCESS,2026-09-02 03:26:14.020810
PAY-651E1090-0694,CUST-01159,MERCH-014,132703,GBP,FAILED,2026-09-18 19:05:30.020810
PAY-A233A406-7A12,CUST-00377,MERCH-004,104309,EUR,SUCCESS,2026-09-07 02:38:59.020810
PAY-E9FD40DC-1C9F,CUST-00393,MERCH-003,86294,USD,SUCCESS,2026-09-05 22:13:36.020810
PAY-59645723-3BE3,CUST-01179,MERCH-031,45733,USD,FAILED,2026-09-09 07:03:04.020810
PAY-579960C3-1FFA,CUST-00576,MERCH-010,137948,USD,FAILED,2026-09-07 21:17:09.020810
PAY-7CF61E98-ADE5,CUST-00576,MERCH-049,56852,USD,SUCCESS,2026-09-28 01:01:33.020810
PAY-D880C194-60DA,CUST-00626,MERCH-050,44381,NGN,SUCCESS,2026-09-30 21:28:38.020810
PAY-2EDF3CAD-C857,CUST-00983,MERCH-025,145543,USD,SUCCESS,2026-09-21 16:07:11.020810
PAY-7D4DA3D9-7BA9,CUST-00100,MERCH-037,67095,USD,FAILED,2026-09-26 23:55:05.020810
PAY-55242D64-7960,CUST-00893,MERCH-042,22208,USD,SUCCESS,2026-09-04 03:38:47.020810
PAY-FDFCDD37-037D,CUST-01298,MERCH-033,72483,USD,PENDING,2026-09-03 09:19:17.020810
PAY-1DF172B4-542B,CUST-00017,MERCH-014,79146,USD,SUCCESS,2026-09-11 07:10:14.020810
PAY-3EF6345F-B3CC,CUST-01134,MERCH-001,87962,USD,SUCCESS,2026-09-05 06:03:52.020810
PAY-747DB0D5-4F40,CUST-00449,MERCH-029,98732,USD,SUCCESS,2026-09-13 12:09:13.020810
PAY-75B16979-DF9A,CUST-01080,MERCH-026,127894,USD,SUCCESS,2026-09-21 04:30:36.020810
PAY-368397E0-DA77,CUST-00214,MERCH-023,68975,USD,PENDING,2026-09-17 14:21:11.020810
PAY-96E2FBB9-7101,CUST-00559,MERCH-027,90952,EUR,SUCCESS,2026-09-02 12:34:01.020810
PAY-E628510B-0100,CUST-00502,MERCH-038,103509,USD,SUCCESS,2026-09-09 05:53:40.020810
PAY-22B9C5A2-9E07,CUST-00084,MERCH-040,127523,GBP,SUCCESS,2026-09-22 23:49:12.020810
PAY-7E205D53-4E72,CUST-00548,MERCH-048,36619,GBP,SUCCESS,2026-09-21 07:36:14.020810
PAY-FAF3F76D-3B90,CUST-01016,MERCH-009,87730,USD,PENDING,2026-09-04 02:12:19.020810
PAY-28A3182A-9180,CUST-00423,MERCH-026,17006,EUR,PENDING,2026-09-16 06:26:57.020810
PAY-8F8ED6B8-976A,CUST-00220,MERCH-039,139623,USD,SUCCESS,2026-09-09 04:37:54.020810
PAY-47C92992-5831,CUST-00715,MERCH-027,40755,EUR,SUCCESS,2026-09-23 08:00:34.020810
PAY-F377AF26-12D0,CUST-01027,MERCH-024,45251,USD,SUCCESS,2026-09-03 19:47:34.020810
PAY-1444FAE0-64FD,CUST-00176,MERCH-023,57518,USD,SUCCESS,2026-09-17 08:09:44.020810
PAY-672FB364-4EA8,CUST-01141,MERCH-016,130818,EUR,PENDING,2026-09-02 17:02:18.020810
PAY-90E61469-6F0D,CUST-00930,MERCH-022,144422,USD,SUCCESS,2026-09-17 07:02:51.020810
PAY-42A8CD35-EDD2,CUST-00285,MERCH-006,101760,USD,PENDING,2026-09-09 11:06:25.020810
PAY-788326CC-4342,CUST-00374,MERCH-027,57527,USD,FAILED,2026-09-14 08:54:17.020810
PAY-B44176FF-F784,CUST-01244,MERCH-024,125724,GBP,SUCCESS,2026-09-21 01:30:14.020810
PAY-F21F415A-58AD,CUST-01314,MERCH-033,76147,USD,PENDING,2026-09-14 17:15:44.020810
PAY-BB7EED2F-2B0B,CUST-00810,MERCH-001,147609,USD,SUCCESS,2026-09-23 09:35:53.020810
PAY-349AC4F6-09D8,CUST-01249,MERCH-050,126459,NGN,SUCCESS,2026-09-02 20:15:38.020810
PAY-2D41831C-9292,CUST-00704,MERCH-006,149795,GBP,PENDING,2026-09-29 01:38:24.020810
PAY-201DF16E-4239,CUST-00205,MERCH-039,17453,EUR,SUCCESS,2026-09-26 06:24:35.020810
PAY-70EF2061-3EB7,CUST-00935,MERCH-031,97578,USD,SUCCESS,2026-09-19 22:40:59.020810
PAY-A12FC296-C131,CUST-00141,MERCH-010,73202,GBP,FAILED,2026-09-29 13:18:09.020810
PAY-A7DE7F3D-8B8C,CUST-00613,MERCH-007,43809,EUR,SUCCESS,2026-09-16 15:39:38.020810
PAY-25B1DE50-C0B3,CUST-00695,MERCH-014,113076,USD,FAILED,2026-09-06 15:03:38.020810
PAY-B7DE939F-BD42,CUST-00565,MERCH-040,47120,EUR,PENDING,2026-09-28 01:04:52.020810
PAY-0B58C618-6F9F,CUST-01065,MERCH-049,136120,EUR,FAILED,2026-09-13 15:05:50.020810
PAY-C03A3AFE-AFDC,CUST-01320,MERCH-022,125246,EUR,SUCCESS,2026-09-29 10:42:49.020810
PAY-F49F8D0F-A549,CUST-00558,MERCH-029,114368,USD,PENDING,2026-09-23 08:35:06.020810
PAY-DB86439C-F02A,CUST-00718,MERCH-025,10120,EUR,SUCCESS,2026-09-17 06:07:53.020810
PAY-16083E7B-881C,CUST-00986,MERCH-002,85996,USD,SUCCESS,2026-09-19 07:32:15.020810
PAY-541DC7B7-7080,CUST-00621,MERCH-047,69528,USD,SUCCESS,2026-10-01 12:06:16.020810
PAY-E60C74B4-70CA,CUST-01329,MERCH-046,80694,USD,SUCCESS,2026-09-11 23:08:46.020810
PAY-E90BFBC1-C359,CUST-00456,MERCH-050,141282,USD,FAILED,2026-09-22 17:24:06.020810
PAY-6F1C3BCA-C452,CUST-00965,MERCH-043,27198,USD,SUCCESS,2026-09-25 16:08:43.020810
PAY-2C3B82D9-08D3,CUST-00689,MERCH-027,46302,USD,SUCCESS,2026-09-29 02:55:20.020810
PAY-AFFC0A85-DD9B,CUST-00289,MERCH-047,70133,USD,FAILED,2026-09-01 21:18:17.020810
PAY-6013D762-A46B,CUST-01255,MERCH-004,106646,GBP,SUCCESS,2026-09-25 09:26:36.020810
PAY-2BDF66A7-7662,CUST-01422,MERCH-016,30005,EUR,SUCCESS,2026-09-16 05:55:11.020810
PAY-AD2693DA-59DE,CUST-00709,MERCH-014,122085,NGN,PENDING,2026-09-19 05:33:13.020810
PAY-C14B622C-2966,CUST-00956,MERCH-008,13014,USD,SUCCESS,2026-09-04 05:33:20.020810
PAY-5E3419D1-3F3D,CUST-00225,MERCH-008,66628,GBP,FAILED,2026-09-17 22:11:38.020810
PAY-92423133-BBFB,CUST-00947,MERCH-030,75928,EUR,PENDING,2026-09-12 20:39:52.020810
PAY-34733926-CD88,CUST-01259,MERCH-017,19310,USD,SUCCESS,2026-09-13 10:16:03.020810
PAY-8697D45A-250D,CUST-01351,MERCH-017,127313,GBP,SUCCESS,2026-09-27 19:19:41.020810
PAY-A52BF69F-C41A,CUST-00274,MERCH-012,96256,EUR,SUCCESS,2026-09-18 20:45:49.020810
PAY-626DF96D-39F2,CUST-00960,MERCH-033,105695,USD,SUCCESS,2026-09-18 02:33:07.020810
PAY-F4FA85BD-00BA,CUST-00522,MERCH-007,90312,USD,SUCCESS,2026-09-12 14:17:48.020810
PAY-93E805E5-9130,CUST-00554,MERCH-042,81507,NGN,SUCCESS,2026-09-25 10:31:00.020810
PAY-7FC453E3-6EF8,CUST-00196,MERCH-026,86692,GBP,SUCCESS,2026-09-27 16:18:27.020810
PAY-16D98163-FEBB,CUST-01329,MERCH-024,56597,GBP,SUCCESS,2026-09-24 10:58:34.020810
PAY-A19A79F3-A31A,CUST-01269,MERCH-043,40253,EUR,SUCCESS,2026-09-17 00:06:48.020810
PAY-27E5024F-07D4,CUST-00487,MERCH-010,96633,USD,SUCCESS,2026-09-27 19:08:59.020810
PAY-9AC856A5-9E51,CUST-00764,MERCH-023,5127,USD,PENDING,2026-09-28 14:07:07.020810
PAY-5699FD20-7131,CUST-01381,MERCH-048,90680,GBP,PENDING,2026-09-30 00:21:18.020810
PAY-7D46D1D8-1B0F,CUST-00996,MERCH-048,79513,EUR,PENDING,2026-09-30 18:41:01.020810
PAY-9A90F338-CAB4,CUST-01000,MERCH-024,26116,GBP,SUCCESS,2026-09-26 02:34:47.020810
PAY-4C86008A-0E73,CUST-01339,MERCH-027,12115,USD,SUCCESS,2026-09-21 07:04:52.020810
PAY-657A9CA2-627F,CUST-00319,MERCH-034,31317,USD,SUCCESS,2026-09-14 12:00:55.020810
PAY-F2AF6923-06D3,CUST-00397,MERCH-027,62978,USD,FAILED,2026-09-09 21:30:38.020810
PAY-2C60EAB7-B3CE,CUST-00438,MERCH-048,116902,USD,SUCCESS,2026-09-16 09:59:24.020810
PAY-913B526F-6849,CUST-00004,MERCH-020,122400,GBP,FAILED,2026-09-02 15:26:43.020810
PAY-DE270746-5B7D,CUST-00209,MERCH-017,117046,NGN,SUCCESS,2026-09-21 04:44:44.020810
PAY-BBA97C7A-4D6F,CUST-01298,MERCH-046,67211,USD,SUCCESS,2026-09-06 10:03:27.020810
PAY-224E4CAB-BD52,CUST-01495,MERCH-032,128725,USD,SUCCESS,2026-09-30 09:26:09.020810
PAY-562C286B-278C,CUST-01476,MERCH-045,76743,USD,PENDING,2026-09-13 16:17:07.020810
PAY-7BB8C5E0-5324,CUST-00255,MERCH-036,84213,USD,SUCCESS,2026-09-18 17:09:15.020810
PAY-67F7C4C2-9385,CUST-01172,MERCH-022,136343,USD,FAILED,2026-09-03 18:49:17.020810
PAY-C6315204-E940,CUST-01460,MERCH-014,74791,USD,SUCCESS,2026-09-25 23:56:00.020810
PAY-863F54AF-FA10,CUST-00764,MERCH-046,10220,USD,SUCCESS,2026-09-21 07:02:47.020810
PAY-88A6D53D-457D,CUST-00252,MERCH-030,50559,USD,SUCCESS,2026-09-02 23:46:55.020810
PAY-BC577F07-F8AC,CUST-01247,MERCH-025,5558,USD,FAILED,2026-09-06 15:35:59.020810
PAY-0A0CFB10-030C,CUST-00160,MERCH-030,8689,USD,FAILED,2026-09-18 15:33:50.020810
PAY-5F8561FD-0C95,CUST-01350,MERCH-003,115405,USD,SUCCESS,2026-09-06 20:21:42.020810
PAY-4F2C7766-C62D,CUST-00073,MERCH-025,71202,USD,SUCCESS,2026-09-24 02:08:36.020810
PAY-3A8E0FE9-5FDA,CUST-01177,MERCH-003,142843,USD,SUCCESS,2026-09-25 11:46:43.020810
PAY-B0A4DA31-EBDC,CUST-00886,MERCH-045,47187,EUR,FAILED,2026-09-30 18:11:30.020810
PAY-CD9454F2-8CB9,CUST-01084,MERCH-021,26155,GBP,SUCCESS,2026-09-16 23:48:46.020810
PAY-B4744346-59BD,CUST-00815,MERCH-046,29294,EUR,SUCCESS,2026-09-09 08:03:20.020810
PAY-B971F36D-B0DC,CUST-00748,MERCH-038,144594,EUR,SUCCESS,2026-09-13 05:33:33.020810
PAY-BDD131BE-A9E4,CUST-01199,MERCH-028,105830,USD,PENDING,2026-09-23 08:51:03.020810
PAY-1DB921AB-D088,CUST-01387,MERCH-016,52389,EUR,SUCCESS,2026-09-18 21:23:47.020810
PAY-41358A40-95C5,CUST-00878,MERCH-032,96972,USD,SUCCESS,2026-09-13 09:59:20.020810
PAY-F369EABC-91B8,CUST-01380,MERCH-023,107328,NGN,SUCCESS,2026-09-27 08:24:34.020810
PAY-BAD19FED-293F,CUST-00094,MERCH-032,119632,NGN,SUCCESS,2026-09-04 13:31:28.020810
PAY-3406A169-784A,CUST-00263,MERCH-009,141620,USD,FAILED,2026-09-27 16:19:15.020810
PAY-827DF1EE-1C04,CUST-00440,MERCH-018,56502,USD,SUCCESS,2026-09-05 21:39:34.020810
PAY-36D44269-15E3,CUST-00473,MERCH-023,51316,USD,SUCCESS,2026-09-06 22:14:16.020810
PAY-8BB6ACB3-7BE4,CUST-01254,MERCH-001,71830,EUR,FAILED,2026-09-05 08:53:07.020810
PAY-F9B4D334-81C5,CUST-00389,MERCH-004,123208,GBP,SUCCESS,2026-10-01 01:26:13.020810
PAY-05F93E10-3FF1,CUST-00635,MERCH-011,81700,USD,SUCCESS,2026-09-25 15:59:37.020810
PAY-84686BB9-5710,CUST-01259,MERCH-015,106717,GBP,PENDING,2026-09-22 17:45:20.020810
PAY-D6B7A3DF-D52B,CUST-01378,MERCH-015,126272,USD,SUCCESS,2026-09-16 23:37:03.020810
PAY-D3E5E31C-BA48,CUST-01459,MERCH-050,109039,USD,SUCCESS,2026-09-29 07:41:53.020810
PAY-C1A6A3E4-59B4,CUST-00905,MERCH-050,70762,USD,SUCCESS,2026-09-04 19:04:24.020810
PAY-160BB906-5DD8,CUST-01066,MERCH-002,3384,USD,FAILED,2026-09-11 06:34:02.020810
PAY-099D1C14-B0C1,CUST-01361,MERCH-004,60354,GBP,PENDING,2026-09-23 21:47:31.020810
PAY-45F1A33B-902E,CUST-00746,MERCH-050,96118,USD,SUCCESS,2026-09-22 23:16:40.020810
PAY-832DF7D7-AFC9,CUST-01149,MERCH-010,7103,USD,SUCCESS,2026-09-20 16:22:40.020810
PAY-E87B4FCD-05C9,CUST-01052,MERCH-012,48072,USD,FAILED,2026-09-18 09:28:16.020810
PAY-2E6992A7-B78B,CUST-01371,MERCH-027,123937,USD,PENDING,2026-09-13 06:38:50.020810
PAY-7F1DF764-4E1C,CUST-01211,MERCH-017,37590,GBP,FAILED,2026-09-05 01:46:37.020810
PAY-11A0E239-BAC7,CUST-01038,MERCH-049,102825,GBP,SUCCESS,2026-09-27 03:38:05.020810
PAY-89B6F20C-5A92,CUST-00879,MERCH-038,23689,GBP,SUCCESS,2026-09-06 18:59:38.020810
PAY-64579DE0-82DA,CUST-00259,MERCH-044,51912,GBP,SUCCESS,2026-09-07 23:48:50.020810
PAY-2D4E9877-EB09,CUST-00341,MERCH-005,44118,USD,SUCCESS,2026-09-14 13:36:11.020810
PAY-B5162ED5-1C0D,CUST-00661,MERCH-011,22155,USD,SUCCESS,2026-09-20 02:08:21.020810
PAY-AFEA857E-EF29,CUST-00222,MERCH-038,143775,USD,PENDING,2026-09-25 12:11:14.020810
PAY-21B392FB-E956,CUST-01163,MERCH-010,80751,USD,SUCCESS,2026-09-17 22:20:05.020810
PAY-11AF80F9-0E97,CUST-00808,MERCH-049,118859,USD,SUCCESS,2026-09-17 05:14:20.020810
PAY-C4FC9DD0-EEA4,CUST-00541,MERCH-041,99470,USD,FAILED,2026-09-15 00:04:56.020810
PAY-069F5B28-E3F8,CUST-00763,MERCH-045,47912,USD,SUCCESS,2026-09-12 04:24:58.020810
PAY-732C0274-C729,CUST-00768,MERCH-044,73943,USD,SUCCESS,2026-09-17 03:33:08.020810
PAY-6B7DD2C1-3C7B,CUST-00587,MERCH-005,137017,USD,FAILED,2026-09-07 01:37:20.020810
PAY-75C5F4CB-913C,CUST-00200,MERCH-050,90312,USD,SUCCESS,2026-09-27 14:23:33.020810
PAY-297E6493-37D8,CUST-00175,MERCH-014,118502,EUR,SUCCESS,2026-09-20 07:18:26.020810
PAY-19C1B72F-1797,CUST-00385,MERCH-033,89138,EUR,SUCCESS,2026-09-02 15:30:02.020810
PAY-182B90BE-66CE,CUST-00296,MERCH-004,145365,USD,FAILED,2026-09-11 18:17:18.020810
PAY-3587F259-CCCC,CUST-01328,MERCH-042,26784,USD,PENDING,2026-09-27 23:11:26.020810
PAY-6321AAEE-3200,CUST-01414,MERCH-038,117038,USD,SUCCESS,2026-09-12 06:18:03.020810
PAY-326B8685-807E,CUST-01480,MERCH-028,79381,GBP,FAILED,2026-09-26 15:52:07.020810
PAY-AC7B57FC-11EF,CUST-00205,MERCH-035,130695,EUR,FAILED,2026-09-15 07:47:00.020810
PAY-91777F39-F45F,CUST-00165,MERCH-017,35779,USD,SUCCESS,2026-09-20 07:15:18.020810
PAY-D2BE9949-B1AF,CUST-00340,MERCH-002,68928,USD,SUCCESS,2026-09-05 08:59:26.020810
PAY-04060446-48CB,CUST-01356,MERCH-034,52490,GBP,SUCCESS,2026-09-13 14:16:24.020810
PAY-D6A8E767-915E,CUST-00498,MERCH-021,16140,USD,FAILED,2026-09-14 17:13:30.020810
PAY-5F5E4657-AB64,CUST-00200,MERCH-008,116607,USD,SUCCESS,2026-09-10 17:14:48.020810
PAY-5A221806-CC34,CUST-00347,MERCH-035,102517,USD,SUCCESS,2026-09-11 19:25:54.020810
PAY-D6897820-68C9,CUST-00024,MERCH-013,133710,GBP,SUCCESS,2026-09-01 20:04:39.020810
PAY-12F91553-0B67,CUST-00987,MERCH-050,76804,USD,FAILED,2026-09-20 22:16:26.020810
PAY-56F4883B-36FA,CUST-00960,MERCH-031,3270,USD,SUCCESS,2026-09-04 00:01:45.020810
PAY-554D9A3E-2BA1,CUST-00864,MERCH-043,114661,GBP,SUCCESS,2026-09-25 05:07:22.020810
PAY-D18DDEB5-ADA1,CUST-00223,MERCH-035,122405,USD,SUCCESS,2026-09-13 06:35:36.020810
PAY-64DDFAA8-8D52,CUST-00773,MERCH-010,98325,EUR,SUCCESS,2026-10-01 01:33:08.020810
PAY-64F04C59-F093,CUST-00006,MERCH-031,127057,USD,FAILED,2026-09-22 04:46:13.020810
PAY-C82F1CBE-D54F,CUST-01412,MERCH-005,49138,USD,SUCCESS,2026-09-21 22:54:28.020810
PAY-B261BA95-BD8A,CUST-00193,MERCH-032,11456,GBP,SUCCESS,2026-09-08 21:47:11.020810
PAY-4E14EE1B-C61E,CUST-00578,MERCH-035,135804,EUR,SUCCESS,2026-09-27 04:10:25.020810
PAY-5C821DFF-507B,CUST-00809,MERCH-036,79091,USD,PENDING,2026-09-04 03:39:34.020810
PAY-5FB3C74B-94A8,CUST-00211,MERCH-033,58793,USD,PENDING,2026-09-20 16:29:36.020810
PAY-8F6DFE4F-D191,CUST-00092,MERCH-015,101981,USD,SUCCESS,2026-09-09 14:44:33.020810
PAY-AA325EF0-F45C,CUST-00610,MERCH-042,105516,USD,SUCCESS,2026-09-17 16:55:43.020810
PAY-801762E2-A31E,CUST-00526,MERCH-040,122991,EUR,SUCCESS,2026-09-22 14:28:39.020810
PAY-5E785D10-D8CF,CUST-00612,MERCH-007,22340,GBP,SUCCESS,2026-09-30 08:13:06.020810
PAY-862A4FEC-88E3,CUST-00822,MERCH-003,60974,USD,SUCCESS,2026-09-17 10:23:53.020810
PAY-F8D2FC49-572C,CUST-01248,MERCH-044,101924,USD,SUCCESS,2026-09-02 17:59:49.020810
PAY-B7D14A51-FA70,CUST-00513,MERCH-037,148495,EUR,SUCCESS,2026-09-03 08:51:37.020810
PAY-DDE5AF14-5403,CUST-01474,MERCH-046,4554,GBP,FAILED,2026-09-25 09:03:15.020810
PAY-ED704CA9-279C,CUST-00470,MERCH-020,88657,EUR,SUCCESS,2026-09-08 02:27:13.020810
PAY-3D889D09-7B40,CUST-01356,MERCH-008,118629,USD,SUCCESS,2026-09-30 16:47:39.020810
PAY-E7CEC64A-FA40,CUST-01399,MERCH-004,145285,USD,SUCCESS,2026-09-07 17:56:32.020810
PAY-5F014C76-6D51,CUST-00142,MERCH-048,146947,GBP,SUCCESS,2026-09-19 21:39:25.020810
PAY-DAE96880-902E,CUST-01176,MERCH-007,104598,USD,SUCCESS,2026-09-10 21:01:35.020810
PAY-66A174BB-86F9,CUST-01116,MERCH-010,103066,NGN,SUCCESS,2026-09-29 21:26:49.020810
PAY-C14E020F-5BA8,CUST-00952,MERCH-001,73185,GBP,PENDING,2026-09-24 04:53:33.020810
PAY-3272DF3D-54FD,CUST-00359,MERCH-008,65145,EUR,PENDING,2026-09-17 21:07:53.020810
PAY-183730BB-25D4,CUST-00138,MERCH-039,104826,EUR,SUCCESS,2026-09-13 20:15:35.020810
PAY-BD74DF6B-376D,CUST-01493,MERCH-009,45555,USD,SUCCESS,2026-09-18 07:24:03.020810
PAY-A9073AFB-8F86,CUST-00823,MERCH-001,46173,USD,SUCCESS,2026-09-08 13:59:48.020810
PAY-AC4C6425-F0FD,CUST-00232,MERCH-028,7075,USD,FAILED,2026-09-29 11:54:16.020810
PAY-D4487D80-A660,CUST-01128,MERCH-046,119905,USD,SUCCESS,2026-09-26 12:26:06.020810
PAY-B2121E77-97CC,CUST-00752,MERCH-018,3243,NGN,SUCCESS,2026-09-26 17:30:33.020810
PAY-4D5714BF-7532,CUST-00290,MERCH-039,52663,EUR,FAILED,2026-09-13 00:22:47.020810
PAY-E06E1C04-A2E8,CUST-00754,MERCH-035,132485,USD,SUCCESS,2026-09-12 23:04:52.020810
PAY-E66D487A-FCB1,CUST-00611,MERCH-013,1617,USD,FAILED,2026-09-05 18:31:24.020810
PAY-0C85481E-2F6A,CUST-00837,MERCH-024,63234,EUR,SUCCESS,2026-09-23 12:53:16.020810
PAY-EF79232B-B7DC,CUST-00669,MERCH-006,82157,GBP,SUCCESS,2026-09-25 01:27:08.020810
PAY-1C9432D8-32BA,CUST-00693,MERCH-017,57561,GBP,PENDING,2026-09-20 01:52:20.020810
PAY-5BF53FF4-711C,CUST-01414,MERCH-046,32512,GBP,FAILED,2026-09-18 12:19:57.020810
PAY-934B4BF6-39E3,CUST-00054,MERCH-011,80259,USD,PENDING,2026-09-05 17:07:50.020810
PAY-B87C975B-0521,CUST-00097,MERCH-049,39963,USD,SUCCESS,2026-09-06 01:12:57.020810
PAY-CA03ECD3-0888,CUST-01113,MERCH-016,23249,USD,PENDING,2026-09-10 22:51:21.020810
PAY-1D139491-C66E,CUST-01171,MERCH-022,135039,EUR,FAILED,2026-09-19 14:31:34.020810
PAY-D62DB97A-D392,CUST-01301,MERCH-038,148942,USD,FAILED,2026-09-25 03:59:02.020810
PAY-9E03DB10-9D52,CUST-01185,MERCH-001,89333,GBP,SUCCESS,2026-09-12 11:08:48.020810
PAY-9EC8550A-EC20,CUST-01235,MERCH-030,129679,USD,SUCCESS,2026-09-06 14:39:35.020810
PAY-9CDCFDA0-59F5,CUST-01010,MERCH-006,7532,USD,SUCCESS,2026-09-25 08:20:35.020810
PAY-38F2A51F-0513,CUST-00394,MERCH-003,108190,USD,SUCCESS,2026-09-18 12:36:38.020810
PAY-E5CA8E28-8600,CUST-01025,MERCH-029,80051,USD,SUCCESS,2026-09-04 12:34:54.020810
PAY-D8F5AFA1-8CA1,CUST-00151,MERCH-009,100635,USD,PENDING,2026-09-14 01:42:48.020810
PAY-33279D51-C6C0,CUST-00010,MERCH-022,103302,USD,SUCCESS,2026-09-06 06:48:11.020810
PAY-FDEE8321-B79A,CUST-00519,MERCH-035,146063,USD,SUCCESS,2026-09-13 00:19:34.020810
PAY-9AC9621F-ED32,CUST-01210,MERCH-021,63170,NGN,SUCCESS,2026-09-11 21:29:59.020810
PAY-EFD56F69-3837,CUST-00918,MERCH-025,68360,USD,PENDING,2026-09-28 21:01:30.020810
PAY-2A994C71-319B,CUST-00237,MERCH-049,119394,USD,SUCCESS,2026-09-28 19:33:12.020810
PAY-D2D110AC-A98B,CUST-00827,MERCH-030,114685,USD,SUCCESS,2026-09-24 07:42:30.020810
PAY-E1448D3A-3914,CUST-00125,MERCH-001,73851,NGN,SUCCESS,2026-09-20 13:58:47.020810
PAY-8601689B-1800,CUST-00460,MERCH-020,119787,NGN,PENDING,2026-09-17 12:22:27.020810
PAY-45FCF2E8-7ECF,CUST-01386,MERCH-041,21479,USD,SUCCESS,2026-09-13 01:51:45.020810
PAY-577EDC84-5C54,CUST-01309,MERCH-049,62453,USD,SUCCESS,2026-09-24 16:35:56.020810
PAY-1D916B6D-9047,CUST-00092,MERCH-015,46911,USD,SUCCESS,2026-09-12 17:15:53.020810
PAY-D910951A-2027,CUST-00542,MERCH-038,118776,USD,PENDING,2026-09-22 03:45:28.020810
PAY-792BF9AD-ED34,CUST-00683,MERCH-049,69713,USD,SUCCESS,2026-09-26 00:35:04.020810
PAY-7F8E9D72-5180,CUST-00697,MERCH-008,79718,GBP,SUCCESS,2026-09-01 18:33:58.020810
PAY-E421145E-AB6E,CUST-01112,MERCH-018,11821,USD,SUCCESS,2026-09-27 15:33:52.020810
PAY-C0817EB5-48B4,CUST-01202,MERCH-020,57442,USD,SUCCESS,2026-09-23 01:25:01.020810
PAY-5A7DADB2-D64E,CUST-00240,MERCH-035,90792,USD,SUCCESS,2026-09-06 06:13:43.020810
PAY-B97AD1C2-7D20,CUST-00793,MERCH-002,76393,NGN,SUCCESS,2026-09-18 07:22:26.020810
PAY-301C6D02-6B2A,CUST-00333,MERCH-031,119779,USD,SUCCESS,2026-09-04 06:09:04.020810
PAY-D1FD6D18-748D,CUST-01218,MERCH-050,94840,USD,SUCCESS,2026-09-30 02:13:22.020810
PAY-E192E23C-11BD,CUST-01188,MERCH-046,125626,NGN,SUCCESS,2026-09-16 06:25:47.020810
PAY-F49F4A4C-DE47,CUST-00847,MERCH-008,28681,USD,SUCCESS,2026-09-06 20:44:29.020810
PAY-4E8EEFEC-365F,CUST-00105,MERCH-031,124404,USD,SUCCESS,2026-09-29 17:25:52.020810
PAY-9EFAF870-4B72,CUST-00804,MERCH-020,95411,EUR,SUCCESS,2026-09-23 13:59:01.020810
PAY-EFCB949A-6DA2,CUST-00594,MERCH-044,110162,USD,SUCCESS,2026-09-18 19:14:39.020810
PAY-C951ADAC-ADA5,CUST-00700,MERCH-030,134648,USD,SUCCESS,2026-09-09 00:47:17.020810
PAY-2BD7BD38-2B57,CUST-01158,MERCH-030,44125,NGN,SUCCESS,2026-09-09 02:56:05.020810
PAY-F0C3FE7F-9E0D,CUST-00794,MERCH-044,55573,GBP,SUCCESS,2026-09-29 17:59:46.020810
PAY-A8AF763B-D3AE,CUST-00607,MERCH-033,70849,USD,SUCCESS,2026-09-18 03:49:06.020810
PAY-82EBB212-A419,CUST-01394,MERCH-002,3230,USD,SUCCESS,2026-09-11 14:57:23.020810
PAY-69D37280-4EDF,CUST-01247,MERCH-033,100173,USD,PENDING,2026-09-14 06:34:27.020810
PAY-5D94EA3B-234C,CUST-01083,MERCH-023,3490,EUR,SUCCESS,2026-09-21 23:52:14.020810
PAY-164CB71A-3FE9,CUST-00889,MERCH-025,48209,USD,PENDING,2026-09-30 09:44:43.020810
PAY-B66148BD-905E,CUST-01332,MERCH-046,18241,EUR,SUCCESS,2026-09-21 13:13:23.020810
PAY-12C639EB-6F76,CUST-00448,MERCH-034,107917,GBP,SUCCESS,2026-09-08 04:14:04.020810
PAY-5F2565F2-D338,CUST-01123,MERCH-031,116592,USD,SUCCESS,2026-09-03 09:32:08.020810
PAY-09CE3732-B0FE,CUST-00903,MERCH-030,98695,GBP,PENDING,2026-09-23 01:42:04.020810
PAY-75876366-851C,CUST-00960,MERCH-003,149791,NGN,SUCCESS,2026-09-11 17:10:25.020810
PAY-2167923A-FE36,CUST-01158,MERCH-027,99131,NGN,SUCCESS,2026-09-08 18:19:48.020810
PAY-E3906905-5E91,CUST-00457,MERCH-032,48665,USD,SUCCESS,2026-09-24 11:57:29.020810
PAY-C0F3ADF3-025A,CUST-00910,MERCH-005,14963,USD,SUCCESS,2026-09-05 21:41:16.020810
PAY-A1648C3D-115E,CUST-00897,MERCH-049,94240,USD,PENDING,2026-09-13 07:54:13.020810
PAY-ADD75F69-BFEE,CUST-00253,MERCH-009,110454,USD,SUCCESS,2026-09-28 15:31:46.020810
PAY-B05E3365-4F0A,CUST-00354,MERCH-012,107157,NGN,SUCCESS,2026-09-03 08:02:06.020810
PAY-86A47395-A006,CUST-01106,MERCH-042,75845,EUR,SUCCESS,2026-09-09 21:50:16.020810
PAY-C5136EB2-22DC,CUST-00414,MERCH-011,50986,USD,SUCCESS,2026-09-13 00:17:25.020810
PAY-3DB765DF-BFCA,CUST-01402,MERCH-050,14101,USD,PENDING,2026-09-13 11:58:26.020810
PAY-09209B78-29DA,CUST-00294,MERCH-014,60736,USD,SUCCESS,2026-10-01 16:47:40.020810
PAY-9CB09F28-028E,CUST-00517,MERCH-018,6413,USD,SUCCESS,2026-09-20 03:51:25.020810
PAY-990E8B3C-C4FE,CUST-00822,MERCH-046,99550,EUR,PENDING,2026-09-03 02:15:55.020810
PAY-D0CEECCE-C770,CUST-01160,MERCH-017,1104,EUR,SUCCESS,2026-09-12 18:09:32.020810
PAY-6D9EEF2E-5DDC,CUST-00817,MERCH-040,34713,NGN,SUCCESS,2026-09-18 10:44:06.020810
PAY-F9FB1270-1D50,CUST-00391,MERCH-022,141451,USD,SUCCESS,2026-09-23 00:05:07.020810
PAY-66AE78F4-87BE,CUST-00803,MERCH-021,80590,USD,FAILED,2026-09-08 13:58:20.020810
PAY-C936B610-B2A6,CUST-00186,MERCH-009,90581,USD,SUCCESS,2026-09-26 07:32:48.020810
PAY-700FCBB2-AF76,CUST-00497,MERCH-031,9152,EUR,PENDING,2026-09-04 02:46:03.020810
PAY-F5CCA209-15E4,CUST-00784,MERCH-017,139714,GBP,SUCCESS,2026-09-14 01:53:56.020810
PAY-C6504157-BCA6,CUST-01139,MERCH-022,139884,EUR,SUCCESS,2026-09-15 16:52:58.020810
PAY-2402B811-18CD,CUST-00981,MERCH-050,64832,USD,PENDING,2026-09-18 07:04:06.020810
PAY-D0E50756-FE3F,CUST-00219,MERCH-008,136888,NGN,PENDING,2026-09-29 20:22:31.020810
PAY-A9639421-336F,CUST-00021,MERCH-017,95424,USD,PENDING,2026-09-09 20:25:55.020810
PAY-58260857-1E46,CUST-00717,MERCH-020,139280,NGN,SUCCESS,2026-09-08 16:59:56.020810
PAY-6F9A6B07-AC7B,CUST-00014,MERCH-021,116909,USD,FAILED,2026-09-13 18:38:38.020810
PAY-719DFBB9-94CC,CUST-00841,MERCH-049,35106,USD,PENDING,2026-09-16 10:50:32.020810
PAY-6E5464A7-1E55,CUST-00748,MERCH-022,126242,USD,FAILED,2026-09-03 04:59:03.020810
PAY-A603F081-4D18,CUST-01142,MERCH-028,139445,GBP,SUCCESS,2026-09-28 11:44:34.020810
PAY-73443C3C-777D,CUST-01306,MERCH-029,104541,GBP,SUCCESS,2026-09-28 04:24:43.020810
PAY-77B1BACA-9AF9,CUST-00057,MERCH-044,11521,USD,SUCCESS,2026-09-10 12:24:09.020810
PAY-3A8A17A2-1025,CUST-00469,MERCH-047,34594,USD,FAILED,2026-09-30 09:41:51.020810
PAY-8392300A-BBB8,CUST-00346,MERCH-008,20202,NGN,SUCCESS,2026-09-13 20:25:15.020810
PAY-81B0DFF4-70BA,CUST-00985,MERCH-003,85966,USD,SUCCESS,2026-09-06 06:34:43.020810
PAY-88876AAB-3A1D,CUST-01148,MERCH-026,55248,EUR,PENDING,2026-09-21 21:21:28.020810
PAY-7A1038B4-EDF1,CUST-01213,MERCH-050,35029,EUR,SUCCESS,2026-09-29 18:04:59.020810
PAY-B19D2A3C-DF88,CUST-01106,MERCH-031,137990,USD,SUCCESS,2026-09-29 05:27:57.020810
PAY-75B3A9DD-F9C4,CUST-00992,MERCH-011,130802,EUR,SUCCESS,2026-09-26 23:19:45.020810
PAY-B1331BE2-994E,CUST-00416,MERCH-045,66454,EUR,PENDING,2026-09-05 11:04:24.020810
PAY-76F2D606-B0E5,CUST-00323,MERCH-020,95472,GBP,FAILED,2026-09-29 07:14:27.020810
PAY-C9342204-BF82,CUST-00838,MERCH-012,30148,NGN,PENDING,2026-09-29 17:36:08.020810
PAY-C057D5CA-2250,CUST-00971,MERCH-043,103339,USD,SUCCESS,2026-09-29 18:57:15.020810
PAY-C9C19ADD-2966,CUST-00635,MERCH-020,112464,USD,FAILED,2026-09-07 08:00:24.020810
PAY-74E8AF5B-A06F,CUST-00018,MERCH-016,48407,USD,SUCCESS,2026-09-11 05:01:50.020810
PAY-CB7CF8C7-E03F,CUST-01110,MERCH-036,2237,USD,FAILED,2026-09-26 08:22:26.020810
PAY-2864725B-BC79,CUST-00965,MERCH-001,85482,USD,SUCCESS,2026-09-02 16:46:38.020810
PAY-25ECFBA7-CE82,CUST-00161,MERCH-045,47370,USD,FAILED,2026-09-03 18:20:26.020810
PAY-551458BE-0257,CUST-01080,MERCH-032,89229,USD,SUCCESS,2026-09-16 21:57:10.020810
PAY-FABD86AF-7D62,CUST-01403,MERCH-006,6058,EUR,SUCCESS,2026-09-09 01:01:36.020810
PAY-71CCB35B-0BBC,CUST-00302,MERCH-044,1450,USD,SUCCESS,2026-09-09 11:41:05.020810
PAY-A7E1341C-1BFF,CUST-00169,MERCH-047,95095,USD,FAILED,2026-09-25 12:01:54.020810
PAY-808F59B1-DCC5,CUST-00610,MERCH-024,18017,USD,SUCCESS,2026-09-14 22:37:02.020810
PAY-BFE35DEF-113B,CUST-00816,MERCH-018,131123,GBP,FAILED,2026-09-27 11:29:03.020810
PAY-99E7C8DF-9504,CUST-01269,MERCH-009,15063,USD,SUCCESS,2026-09-05 01:35:32.020810
PAY-7C82619B-BB37,CUST-00552,MERCH-026,35000,GBP,FAILED,2026-09-21 21:45:43.020810
PAY-7C60726F-D3B7,CUST-00956,MERCH-021,26104,USD,SUCCESS,2026-09-02 15:03:12.020810
PAY-E7A89680-5752,CUST-00729,MERCH-011,117761,USD,SUCCESS,2026-09-21 10:55:41.020810
PAY-4429A68B-2150,CUST-00518,MERCH-018,13817,USD,SUCCESS,2026-09-10 01:11:56.020810
PAY-301C3C26-161F,CUST-00471,MERCH-047,15023,USD,SUCCESS,2026-09-21 02:10:39.020810
PAY-9B02F266-1741,CUST-00986,MERCH-035,77139,USD,SUCCESS,2026-09-18 08:14:49.020810
PAY-4664788E-D1CD,CUST-01112,MERCH-013,4011,USD,SUCCESS,2026-09-11 13:08:43.020810
PAY-5517E948-B3A6,CUST-01174,MERCH-024,129844,GBP,SUCCESS,2026-09-26 09:41:27.020810
PAY-AE84AB78-69B3,CUST-00291,MERCH-016,57166,EUR,SUCCESS,2026-09-28 17:16:04.020810
PAY-BF71DF6F-8113,CUST-00815,MERCH-035,112237,USD,SUCCESS,2026-09-02 06:23:03.020810
PAY-BD5A770B-492C,CUST-00101,MERCH-006,88468,NGN,SUCCESS,2026-09-14 08:39:54.020810
PAY-EFC26ED7-3229,CUST-00913,MERCH-039,60562,USD,SUCCESS,2026-09-09 05:03:54.020810
PAY-F0D533BF-3F13,CUST-00276,MERCH-026,20285,NGN,PENDING,2026-09-25 07:45:13.020810
PAY-2980E99F-7375,CUST-00549,MERCH-048,90216,USD,SUCCESS,2026-09-27 13:27:44.020810
PAY-3E57E5B8-80BC,CUST-01025,MERCH-046,121165,EUR,SUCCESS,2026-09-06 14:22:35.020810
PAY-D5CD2F3F-EE56,CUST-00015,MERCH-007,12108,EUR,PENDING,2026-09-19 11:25:34.020810
PAY-352E5FA3-93AE,CUST-01480,MERCH-007,113821,EUR,SUCCESS,2026-09-29 05:02:30.020810
PAY-29E02702-8B57,CUST-01017,MERCH-039,35164,USD,SUCCESS,2026-09-25 05:22:40.020810
PAY-03812CC0-E381,CUST-00057,MERCH-040,92354,USD,SUCCESS,2026-09-08 00:38:03.020810
PAY-5750C11B-101C,CUST-00151,MERCH-037,12616,USD,SUCCESS,2026-09-08 02:27:44.020810
PAY-70BEEBA2-3F35,CUST-00245,MERCH-036,144602,USD,FAILED,2026-09-09 06:28:22.020810
PAY-54E86D2C-9D99,CUST-01483,MERCH-047,33616,USD,SUCCESS,2026-09-18 21:16:10.020810
PAY-395E7069-EC61,CUST-00488,MERCH-015,148638,USD,SUCCESS,2026-09-09 00:14:53.020810
PAY-9AF419DC-E88A,CUST-00922,MERCH-001,52326,NGN,PENDING,2026-09-14 19:11:37.020810
PAY-F7A23ECC-E835,CUST-00977,MERCH-038,133019,USD,FAILED,2026-09-18 06:51:44.020810
PAY-43BDBFA6-C785,CUST-00331,MERCH-038,90591,USD,PENDING,2026-09-06 18:21:30.020810
PAY-69E01D66-CB20,CUST-01097,MERCH-041,85097,USD,SUCCESS,2026-09-19 19:32:55.020810
PAY-AE69B3D6-9ACF,CUST-00256,MERCH-005,55815,USD,FAILED,2026-09-22 14:25:37.020810
PAY-512E316F-5E99,CUST-01238,MERCH-042,22331,USD,FAILED,2026-09-23 07:03:33.020810
PAY-71E35260-1F0F,CUST-00579,MERCH-039,5584,USD,PENDING,2026-09-09 18:16:57.020810
PAY-9E533AF0-0C85,CUST-00956,MERCH-022,79852,USD,PENDING,2026-09-24 01:32:09.020810
PAY-A81E0403-4AA5,CUST-01426,MERCH-008,48608,USD,SUCCESS,2026-09-16 19:06:09.020810
PAY-15EA6C71-B5A7,CUST-00613,MERCH-036,62948,NGN,PENDING,2026-09-24 11:09:07.020810
PAY-AEB5528D-262E,CUST-01194,MERCH-027,101550,EUR,SUCCESS,2026-09-09 10:48:00.020810
PAY-6E620862-C5EE,CUST-00267,MERCH-023,21400,USD,SUCCESS,2026-09-30 22:44:40.020810
PAY-263D773A-0261,CUST-01060,MERCH-035,18873,USD,SUCCESS,2026-09-13 07:10:18.020810
PAY-224F0035-AAEC,CUST-00365,MERCH-020,123662,USD,FAILED,2026-09-29 16:14:11.020810
PAY-02BB411C-8134,CUST-01491,MERCH-029,114334,EUR,SUCCESS,2026-09-13 04:43:29.020810
PAY-050D619A-0007,CUST-01451,MERCH-030,45549,USD,SUCCESS,2026-09-25 01:27:01.020810
PAY-3B689F56-2440,CUST-00529,MERCH-020,80641,EUR,SUCCESS,2026-09-11 01:02:08.020810
PAY-B6747598-A901,CUST-00405,MERCH-041,80270,EUR,SUCCESS,2026-09-18 09:21:28.020810
PAY-2BFD12F9-B616,CUST-01276,MERCH-030,130368,USD,FAILED,2026-09-26 22:44:37.020810
PAY-958E02B3-1D2E,CUST-00338,MERCH-039,95370,EUR,SUCCESS,2026-09-20 00:43:08.020810
PAY-5B831037-53AF,CUST-00976,MERCH-008,106956,USD,PENDING,2026-09-18 03:28:29.020810
PAY-CF7C2D5F-ACE9,CUST-01457,MERCH-020,136428,USD,PENDING,2026-09-12 13:46:19.020810
PAY-4B0EBC5C-9EC0,CUST-01386,MERCH-042,41575,EUR,FAILED,2026-09-03 20:18:06.020810
PAY-27DF4E8D-18C5,CUST-01257,MERCH-037,59847,USD,SUCCESS,2026-09-04 00:48:16.020810
PAY-55E4921B-D636,CUST-00554,MERCH-035,78311,NGN,SUCCESS,2026-09-02 16:03:03.020810
PAY-18EF779B-13C8,CUST-00257,MERCH-019,110275,USD,SUCCESS,2026-09-24 14:49:46.020810
PAY-6A208C3A-0581,CUST-00104,MERCH-041,13565,USD,FAILED,2026-09-03 05:48:31.020810
PAY-42EBAC97-9CF5,CUST-01163,MERCH-019,17753,EUR,PENDING,2026-09-02 05:14:24.020810
PAY-38AD73C3-D8AA,CUST-00859,MERCH-045,127096,GBP,SUCCESS,2026-09-18 23:01:22.020810
PAY-DFC95593-78B8,CUST-00468,MERCH-031,33908,USD,FAILED,2026-09-21 21:56:00.020810
PAY-EAF4B31B-19DC,CUST-00590,MERCH-011,100624,USD,PENDING,2026-09-21 10:39:10.020810
PAY-C32C89F4-B17C,CUST-01423,MERCH-050,33501,EUR,SUCCESS,2026-09-08 11:27:46.020810
PAY-BEBAAED0-C078,CUST-00750,MERCH-017,40815,GBP,SUCCESS,2026-09-30 14:08:01.020810
PAY-4C7DF928-25BE,CUST-00068,MERCH-015,61036,USD,FAILED,2026-09-21 18:53:40.020810
PAY-F5708302-02FE,CUST-00109,MERCH-039,70867,GBP,SUCCESS,2026-09-05 20:40:25.020810
PAY-6F37B982-E9AF,CUST-01290,MERCH-004,87554,USD,SUCCESS,2026-09-06 14:59:50.020810
PAY-67030057-6424,CUST-00304,MERCH-030,29003,USD,SUCCESS,2026-09-13 11:49:22.020810
PAY-DFD4F008-CB0A,CUST-01456,MERCH-008,48825,USD,SUCCESS,2026-09-24 02:15:48.020810
PAY-2C10582E-D8EB,CUST-00374,MERCH-026,17757,NGN,SUCCESS,2026-09-16 20:13:41.020810
PAY-20573A48-A65C,CUST-00530,MERCH-032,110889,USD,FAILED,2026-09-17 16:38:24.020810
PAY-654E3F3D-59F1,CUST-01171,MERCH-001,17742,EUR,PENDING,2026-09-02 07:37:08.020810
PAY-AA9036A0-1354,CUST-01069,MERCH-018,58898,USD,SUCCESS,2026-09-07 20:50:39.020810
PAY-ABC22B75-0E2B,CUST-00446,MERCH-022,138777,USD,SUCCESS,2026-10-01 09:50:49.020810
PAY-9C498DA9-B352,CUST-00559,MERCH-029,43382,USD,SUCCESS,2026-09-16 14:54:37.020810
PAY-22365A4A-AB9E,CUST-00324,MERCH-037,64032,USD,SUCCESS,2026-09-27 21:49:35.020810
PAY-7B97375E-17CF,CUST-01326,MERCH-049,109881,EUR,SUCCESS,2026-09-17 10:33:43.020810
PAY-546B9AC7-EBF2,CUST-01402,MERCH-027,125455,EUR,SUCCESS,2026-09-25 02:56:43.020810
PAY-AA9F00B7-B6EC,CUST-00169,MERCH-023,5711,USD,SUCCESS,2026-09-13 20:31:32.020810
PAY-1A83F928-A623,CUST-00346,MERCH-011,43367,USD,SUCCESS,2026-09-22 16:39:50.020810
PAY-F2FFEF07-5142,CUST-00617,MERCH-030,106061,EUR,FAILED,2026-09-13 05:28:27.020810
PAY-F4BDB791-8196,CUST-00665,MERCH-001,53660,USD,SUCCESS,2026-09-03 19:56:49.020810
PAY-64A57D47-C179,CUST-00294,MERCH-039,4667,NGN,SUCCESS,2026-09-29 01:51:45.020810
PAY-2254C96C-500E,CUST-01177,MERCH-003,113831,USD,SUCCESS,2026-09-04 10:58:19.020810
PAY-73210001-E181,CUST-00616,MERCH-030,18208,EUR,SUCCESS,2026-09-21 11:53:23.020810
PAY-F163CF1C-E83F,CUST-01321,MERCH-020,38681,USD,SUCCESS,2026-09-16 09:00:17.020810
PAY-D2B44241-9535,CUST-00925,MERCH-033,65883,USD,SUCCESS,2026-09-25 11:47:22.020810
PAY-7915835A-FCD1,CUST-01446,MERCH-021,68607,EUR,SUCCESS,2026-09-17 04:48:10.020810
PAY-0ECC8149-C43B,CUST-01349,MERCH-004,46646,USD,SUCCESS,2026-09-15 13:14:17.020810
PAY-314E8D0F-F0EA,CUST-01314,MERCH-016,105502,EUR,FAILED,2026-09-07 19:45:27.020810
PAY-712572EE-C932,CUST-01269,MERCH-032,38146,USD,SUCCESS,2026-09-30 19:42:59.020810
PAY-9F653688-BEF9,CUST-01483,MERCH-046,113973,USD,SUCCESS,2026-09-04 17:27:12.020810
PAY-2E49A666-44FB,CUST-00908,MERCH-024,59386,USD,FAILED,2026-09-14 18:00:48.020810
PAY-E16CDA04-6D25,CUST-01274,MERCH-013,61107,USD,FAILED,2026-09-16 14:26:48.020810
PAY-DCB1E526-D793,CUST-01401,MERCH-037,5539,EUR,FAILED,2026-09-21 04:30:38.020810
PAY-2573CDDB-1A5E,CUST-00568,MERCH-021,48531,USD,SUCCESS,2026-09-12 01:12:08.020810
PAY-0F036FD1-3243,CUST-01411,MERCH-023,135080,NGN,FAILED,2026-09-10 05:31:06.020810
PAY-D960C87C-0CBA,CUST-00961,MERCH-036,88154,GBP,SUCCESS,2026-09-12 13:20:34.020810
PAY-F1EADB18-9915,CUST-00936,MERCH-013,134440,USD,FAILED,2026-09-13 19:16:17.020810
PAY-51FD585C-53F8,CUST-00202,MERCH-015,5662,USD,SUCCESS,2026-09-13 17:07:12.020810
PAY-AD5A1567-CDFE,CUST-00986,MERCH-015,89730,USD,SUCCESS,2026-09-15 05:11:31.020810
PAY-AC41A566-A18D,CUST-00510,MERCH-041,13731,USD,SUCCESS,2026-09-11 20:45:05.020810
PAY-0B6FFDFB-5FB6,CUST-00371,MERCH-015,81823,USD,SUCCESS,2026-09-22 07:08:19.020810
PAY-B46FAB05-DAAE,CUST-00208,MERCH-012,77339,USD,SUCCESS,2026-09-09 03:53:51.020810
PAY-41894207-74CC,CUST-00975,MERCH-017,149936,GBP,SUCCESS,2026-09-02 19:24:06.020810
PAY-10F5E784-1B66,CUST-01104,MERCH-024,120728,USD,FAILED,2026-09-11 00:34:44.020810
PAY-49C1E3DF-C401,CUST-00323,MERCH-004,60832,NGN,SUCCESS,2026-09-13 11:49:25.020810
PAY-DEEDEC45-C62B,CUST-00711,MERCH-003,19537,USD,SUCCESS,2026-09-17 11:54:26.020810
PAY-6A1A18E2-B068,CUST-00819,MERCH-004,65652,USD,FAILED,2026-09-07 20:25:28.020810
PAY-FDDA163C-90FA,CUST-00271,MERCH-021,7928,NGN,PENDING,2026-09-06 09:50:58.020810
PAY-4DE7AD39-6BE6,CUST-00999,MERCH-046,96349,USD,SUCCESS,2026-09-06 02:47:08.020810
PAY-43C1D2A2-D460,CUST-00731,MERCH-021,131219,NGN,SUCCESS,2026-09-27 16:43:13.020810
PAY-CE5B779C-9652,CUST-00111,MERCH-038,14217,USD,FAILED,2026-09-14 17:00:14.020810
PAY-0AA40EBD-5FA0,CUST-00560,MERCH-010,78921,USD,SUCCESS,2026-09-09 03:38:52.020810
PAY-9B3858FF-4866,CUST-00699,MERCH-026,19166,GBP,SUCCESS,2026-09-16 14:10:49.020810
PAY-200B3636-F28F,CUST-00162,MERCH-038,97843,USD,SUCCESS,2026-09-09 08:15:28.020810
PAY-0FA2DE4D-DA55,CUST-00763,MERCH-006,84580,EUR,SUCCESS,2026-09-08 03:30:40.020810
PAY-B30E95C9-0C98,CUST-00477,MERCH-033,127984,USD,SUCCESS,2026-09-03 11:39:36.020810
PAY-6BE3DAA6-6827,CUST-01059,MERCH-005,24389,GBP,SUCCESS,2026-09-30 05:22:33.020810
PAY-86467902-6441,CUST-00511,MERCH-047,6089,GBP,SUCCESS,2026-09-18 12:26:49.020810
PAY-25807E46-D1D8,CUST-00716,MERCH-046,81780,EUR,SUCCESS,2026-09-12 14:15:13.020810
PAY-F7EE789B-D4EC,CUST-01252,MERCH-017,123824,USD,FAILED,2026-09-05 01:51:40.020810
PAY-1E4B6076-30E6,CUST-00226,MERCH-022,82828,USD,SUCCESS,2026-09-25 21:29:06.020810
PAY-E97A5D0E-6F0F,CUST-00734,MERCH-032,103347,USD,SUCCESS,2026-09-07 15:29:17.020810
PAY-770E1C5E-8F69,CUST-00886,MERCH-015,135486,USD,SUCCESS,2026-09-10 04:32:23.020810
PAY-859E501E-C288,CUST-01294,MERCH-042,73288,USD,SUCCESS,2026-09-08 03:21:14.020810
PAY-EB07A6BD-79D1,CUST-00839,MERCH-016,113374,USD,SUCCESS,2026-09-02 14:31:15.020810
PAY-8AF9AA26-5915,CUST-00247,MERCH-048,35660,USD,SUCCESS,2026-09-21 16:28:41.020810
PAY-F2B73B40-FF3B,CUST-00153,MERCH-043,96099,GBP,FAILED,2026-09-27 19:11:47.020810
PAY-B352EDBE-5525,CUST-01467,MERCH-028,83322,GBP,SUCCESS,2026-09-13 06:50:09.020810
PAY-DC9F2288-26D9,CUST-00270,MERCH-001,120614,NGN,SUCCESS,2026-09-01 19:05:41.020810
PAY-F5E37614-E99A,CUST-00893,MERCH-005,11388,NGN,SUCCESS,2026-09-16 22:28:01.020810
PAY-AF3F13D7-D4D3,CUST-00593,MERCH-010,82916,USD,SUCCESS,2026-09-04 09:57:42.020810
PAY-23DD4B4E-AC40,CUST-01244,MERCH-036,131827,USD,FAILED,2026-09-20 11:13:43.020810
PAY-4ECCC0DB-3AC3,CUST-00735,MERCH-043,117256,EUR,PENDING,2026-09-22 03:33:27.020810
PAY-4425C1DC-1A4E,CUST-00944,MERCH-005,50267,EUR,SUCCESS,2026-09-16 14:47:25.020810
PAY-1078E63A-FA11,CUST-01405,MERCH-014,6785,USD,PENDING,2026-09-22 06:23:25.020810
PAY-90F46647-27D2,CUST-01035,MERCH-003,10446,USD,FAILED,2026-09-30 12:55:24.020810
PAY-30789A0A-D7DD,CUST-00224,MERCH-003,75087,USD,SUCCESS,2026-09-05 13:49:17.020810
PAY-7AA36678-EA04,CUST-00856,MERCH-047,13621,NGN,SUCCESS,2026-09-06 10:05:37.020810
PAY-97C41050-0761,CUST-00444,MERCH-039,127795,USD,SUCCESS,2026-09-08 23:33:17.020810
PAY-158E16FA-E28E,CUST-01052,MERCH-034,146584,GBP,SUCCESS,2026-09-26 01:42:27.020810
PAY-85693F5C-6173,CUST-00202,MERCH-035,54796,USD,SUCCESS,2026-09-30 14:07:50.020810
PAY-124D30C5-8A4B,CUST-00079,MERCH-018,30536,USD,SUCCESS,2026-09-20 17:26:05.020810
PAY-0A35F4CA-0DAE,CUST-00791,MERCH-016,137602,USD,PENDING,2026-09-28 16:39:09.020810
PAY-1C94CDF4-CD3F,CUST-00234,MERCH-027,124528,NGN,SUCCESS,2026-09-26 10:21:07.020810
PAY-4CBF45AC-E64D,CUST-01450,MERCH-035,23724,EUR,SUCCESS,2026-09-18 20:40:00.020810
PAY-B3DB6BF7-B0F0,CUST-01081,MERCH-044,110722,USD,SUCCESS,2026-09-18 21:43:23.020810
PAY-CB7E9620-6C99,CUST-01221,MERCH-003,9723,USD,SUCCESS,2026-09-18 18:34:23.020810
PAY-E90B5179-3086,CUST-01354,MERCH-038,88074,USD,FAILED,2026-09-20 07:01:51.020810
PAY-712461C8-11F7,CUST-00820,MERCH-049,141088,USD,SUCCESS,2026-09-28 18:54:53.020810
PAY-63B51E61-56ED,CUST-00329,MERCH-025,46662,USD,SUCCESS,2026-09-24 23:50:19.020810
PAY-40424F9A-270F,CUST-01074,MERCH-003,126110,USD,SUCCESS,2026-09-02 08:12:30.020810
PAY-B252D4DB-8A09,CUST-00320,MERCH-046,41549,GBP,FAILED,2026-09-25 11:04:21.020810
PAY-1B7D43A0-CF61,CUST-00004,MERCH-047,29928,USD,SUCCESS,2026-09-28 15:37:09.020810
PAY-E9F921C2-1CE4,CUST-01379,MERCH-043,117790,NGN,SUCCESS,2026-09-15 20:30:42.020810
PAY-52A6FDDB-E0C1,CUST-00317,MERCH-041,120588,USD,SUCCESS,2026-09-11 03:13:59.020810
PAY-6E4C0CC9-197B,CUST-00432,MERCH-023,74612,USD,PENDING,2026-09-22 03:29:49.020810
PAY-AC874EA3-F4DE,CUST-00037,MERCH-030,59030,USD,SUCCESS,2026-09-26 19:06:02.020810
PAY-F2BDB8FC-0984,CUST-01490,MERCH-047,140345,USD,SUCCESS,2026-09-03 03:43:11.020810
PAY-A4475262-0A09,CUST-00455,MERCH-004,116746,NGN,SUCCESS,2026-09-21 04:37:24.020810
PAY-60DDA8F9-9B77,CUST-01066,MERCH-049,149841,USD,PENDING,2026-09-30 19:23:41.020810
PAY-2F2C61E9-38D9,CUST-00761,MERCH-007,91379,USD,SUCCESS,2026-09-14 03:38:26.020810
PAY-ACC674A8-C06F,CUST-00582,MERCH-039,54087,USD,SUCCESS,2026-09-28 09:23:05.020810
PAY-AB7E6A81-F14F,CUST-00844,MERCH-030,68713,USD,SUCCESS,2026-09-05 14:44:03.020810
PAY-A7CAF1CD-12A9,CUST-00794,MERCH-031,148427,EUR,PENDING,2026-09-14 13:06:55.020810
PAY-27DB71F4-FB00,CUST-00073,MERCH-028,138611,USD,SUCCESS,2026-09-20 03:39:44.020810
PAY-0147DC6E-07B4,CUST-01055,MERCH-047,118318,USD,FAILED,2026-09-22 01:01:43.020810
PAY-A0E69807-1F9B,CUST-00764,MERCH-005,89006,USD,PENDING,2026-09-29 00:01:14.020810
PAY-0ABA5B4C-E45E,CUST-01007,MERCH-007,111907,USD,PENDING,2026-09-05 20:03:33.020810
PAY-AFE85ACE-287C,CUST-00624,MERCH-023,12410,USD,SUCCESS,2026-09-22 16:28:02.020810
PAY-7F295AFE-2FE2,CUST-00720,MERCH-043,96298,USD,FAILED,2026-10-01 06:07:10.020810
PAY-CA69C097-081F,CUST-00824,MERCH-014,65759,USD,SUCCESS,2026-09-16 11:59:32.020810
PAY-A72989D7-44D1,CUST-00184,MERCH-033,115553,USD,PENDING,2026-09-04 03:03:49.020810
PAY-FD23CF7D-4341,CUST-00430,MERCH-038,4761,GBP,SUCCESS,2026-09-08 20:56:00.020810
PAY-A46DA2B8-9102,CUST-01475,MERCH-003,92116,USD,SUCCESS,2026-09-08 07:07:51.020810
PAY-DEF1AFC0-FD46,CUST-01084,MERCH-023,87342,GBP,FAILED,2026-09-22 13:27:19.020810
PAY-F669C485-9E87,CUST-00439,MERCH-016,125494,EUR,SUCCESS,2026-09-24 13:27:38.020810
PAY-E8BF113C-2CC6,CUST-00988,MERCH-016,52945,NGN,PENDING,2026-09-02 15:39:41.020810
PAY-64192544-4DE4,CUST-00204,MERCH-025,146569,EUR,SUCCESS,2026-09-25 19:03:28.020810
PAY-12BDC928-1C60,CUST-00986,MERCH-007,42675,EUR,SUCCESS,2026-09-30 11:48:26.020810
PAY-23ED57B2-B72E,CUST-00852,MERCH-007,74731,USD,SUCCESS,2026-09-19 18:38:34.020810
PAY-C4F3C160-6D87,CUST-01122,MERCH-031,3807,USD,SUCCESS,2026-09-09 05:15:47.020810
PAY-9E5EA7D8-37B3,CUST-00212,MERCH-010,15593,USD,SUCCESS,2026-09-14 12:10:00.020810
PAY-A7478949-A22A,CUST-00284,MERCH-024,88846,GBP,SUCCESS,2026-09-15 20:08:58.020810
PAY-A1873406-7E62,CUST-00658,MERCH-002,90179,USD,SUCCESS,2026-09-04 13:32:12.020810
PAY-10F8B9E0-9611,CUST-00606,MERCH-038,133480,GBP,FAILED,2026-09-03 06:43:01.020810
PAY-F24D77D6-33FE,CUST-01475,MERCH-003,144826,USD,PENDING,2026-09-29 02:48:54.020810
PAY-4719904D-F189,CUST-00428,MERCH-037,105740,USD,PENDING,2026-09-25 20:02:38.020810
PAY-70359744-606E,CUST-01293,MERCH-030,136927,USD,SUCCESS,2026-09-13 06:12:04.020810
PAY-9DFCB5AD-44E3,CUST-01045,MERCH-031,81726,USD,SUCCESS,2026-09-08 07:35:56.020810
PAY-DBA6391B-6856,CUST-00774,MERCH-007,56744,USD,FAILED,2026-09-20 18:35:12.020810
PAY-5816F839-46D7,CUST-00028,MERCH-013,65703,GBP,SUCCESS,2026-09-15 10:51:33.020810
PAY-A637BA2A-14E6,CUST-01078,MERCH-015,7708,USD,SUCCESS,2026-09-04 15:26:32.020810
PAY-461D67BA-D811,CUST-00062,MERCH-038,76796,USD,SUCCESS,2026-09-05 14:46:39.020810
PAY-9ED357EF-AF1E,CUST-00458,MERCH-021,81034,USD,FAILED,2026-09-09 09:33:42.020810
PAY-B668A915-6448,CUST-01267,MERCH-015,129401,USD,SUCCESS,2026-09-02 14:52:58.020810
PAY-46414DFA-B520,CUST-01417,MERCH-046,28380,USD,SUCCESS,2026-09-15 06:03:38.020810
PAY-8A450D26-10AE,CUST-00897,MERCH-037,108706,USD,FAILED,2026-09-29 06:05:13.020810
PAY-4B8EAE13-9D11,CUST-00644,MERCH-018,102077,USD,SUCCESS,2026-09-21 19:44:04.020810
PAY-03A22B8F-D6C1,CUST-00313,MERCH-033,51526,EUR,SUCCESS,2026-09-25 20:41:27.020810
PAY-E52FF699-E046,CUST-00736,MERCH-007,99483,EUR,SUCCESS,2026-09-27 02:12:44.020810
PAY-F4B6596F-4357,CUST-00322,MERCH-010,41185,USD,PENDING,2026-09-18 02:37:08.020810
PAY-04C4A230-29DE,CUST-00927,MERCH-050,106463,EUR,SUCCESS,2026-09-17 15:31:49.020810
PAY-846C80DC-F281,CUST-00115,MERCH-001,33895,USD,PENDING,2026-09-09 19:31:02.020810
PAY-4D03C6A7-5663,CUST-00512,MERCH-003,59339,USD,SUCCESS,2026-09-08 01:13:53.020810
PAY-63BB09B4-6E13,CUST-00588,MERCH-003,100702,EUR,SUCCESS,2026-09-19 19:55:43.020810
PAY-4C2D6FA7-593A,CUST-00959,MERCH-029,48853,GBP,FAILED,2026-09-06 17:07:40.020810
PAY-D3B32EB5-48E5,CUST-00737,MERCH-006,136462,EUR,FAILED,2026-09-19 16:03:48.020810
PAY-EF11ED90-9435,CUST-01155,MERCH-048,69285,EUR,SUCCESS,2026-09-03 20:50:54.020810
PAY-8A8CB215-9E0C,CUST-00210,MERCH-034,133365,USD,FAILED,2026-09-09 19:35:48.020810
PAY-B95775D1-A4CF,CUST-00025,MERCH-022,108717,GBP,SUCCESS,2026-09-05 03:06:20.020810
PAY-CF7FE54B-514B,CUST-00825,MERCH-028,142651,USD,PENDING,2026-09-03 20:48:26.020810
PAY-C9D88228-50E1,CUST-00236,MERCH-012,33815,USD,SUCCESS,2026-09-12 07:36:29.020810
PAY-0D2F857E-0724,CUST-01000,MERCH-034,77547,EUR,PENDING,2026-09-28 14:51:41.020810
PAY-57ED5B83-A2C5,CUST-00565,MERCH-032,9319,GBP,FAILED,2026-10-01 13:47:56.020810
PAY-85A343CB-ECBF,CUST-01196,MERCH-036,51277,USD,PENDING,2026-09-20 06:48:26.020810
PAY-FA0CB6F9-E87C,CUST-00853,MERCH-006,37340,USD,PENDING,2026-09-17 14:27:25.020810
PAY-6F11EA74-5E3F,CUST-00971,MERCH-026,85161,USD,SUCCESS,2026-10-01 10:38:19.020810
PAY-AE21D5C1-58C7,CUST-01130,MERCH-019,79911,USD,SUCCESS,2026-09-16 10:54:56.020810
PAY-E8AEFD4F-6CC2,CUST-00319,MERCH-001,42461,EUR,PENDING,2026-09-08 18:50:02.020810
PAY-94A9B6B3-4697,CUST-00532,MERCH-045,39605,EUR,PENDING,2026-09-28 17:11:13.020810
PAY-8597DB38-A25B,CUST-00515,MERCH-035,103492,USD,FAILED,2026-09-28 04:15:10.020810
PAY-773133AA-4F42,CUST-00392,MERCH-047,64546,GBP,FAILED,2026-09-05 04:19:31.020810
PAY-4D3468B3-301E,CUST-00946,MERCH-016,20635,USD,SUCCESS,2026-09-24 04:29:14.020810
PAY-CE63D521-9873,CUST-00615,MERCH-024,59839,EUR,SUCCESS,2026-09-03 18:36:10.020810
PAY-DC7F30CE-5180,CUST-00151,MERCH-008,8774,GBP,PENDING,2026-09-27 15:11:47.020810
PAY-08E67C33-4CBA,CUST-01425,MERCH-010,100284,USD,FAILED,2026-09-20 05:13:28.020810
PAY-7D2CBF69-ADA9,CUST-01293,MERCH-038,69593,EUR,SUCCESS,2026-09-07 16:04:44.020810
PAY-4BB07064-7078,CUST-00249,MERCH-039,107655,USD,PENDING,2026-09-13 19:45:24.020810
PAY-43F29A09-DCF9,CUST-00014,MERCH-025,6924,USD,SUCCESS,2026-09-05 21:32:14.020810
PAY-720CA46C-4A9B,CUST-00541,MERCH-030,131928,GBP,SUCCESS,2026-09-06 05:58:42.020810
PAY-D2CCCB36-FBA1,CUST-01163,MERCH-048,27221,GBP,SUCCESS,2026-09-07 18:49:29.020810
PAY-A435E763-0DE3,CUST-01189,MERCH-040,83161,USD,PENDING,2026-09-07 20:03:11.020810
PAY-7AC4E994-2694,CUST-00775,MERCH-043,37990,USD,FAILED,2026-09-30 20:21:53.020810
PAY-5D7DE8D3-89B9,CUST-00623,MERCH-047,107771,GBP,FAILED,2026-09-25 08:39:25.020810
PAY-EB160152-7F85,CUST-01148,MERCH-036,76381,USD,SUCCESS,2026-09-12 00:30:39.020810
PAY-BB4870C9-9EC9,CUST-00130,MERCH-003,69138,GBP,SUCCESS,2026-09-12 11:01:38.020810
PAY-F04A4986-01BB,CUST-00161,MERCH-018,52405,USD,SUCCESS,2026-09-06 06:49:08.020810
PAY-208578E8-0D9A,CUST-00143,MERCH-034,29562,USD,PENDING,2026-09-06 18:56:43.020810
PAY-A3C6E878-D433,CUST-01152,MERCH-041,82302,GBP,PENDING,2026-09-06 18:51:25.020810
PAY-BD34D0FE-A4FD,CUST-00020,MERCH-022,61174,USD,FAILED,2026-09-05 22:17:57.020810
PAY-405B19DB-30EA,CUST-00321,MERCH-021,117136,USD,SUCCESS,2026-09-07 09:09:32.020810
PAY-BADEBD2D-8101,CUST-01203,MERCH-043,81690,EUR,PENDING,2026-09-01 20:47:05.020810
PAY-B23ABC65-2AF9,CUST-00639,MERCH-029,132182,GBP,PENDING,2026-09-03 15:06:27.020810
PAY-313A62A4-0BA0,CUST-00740,MERCH-027,72560,GBP,PENDING,2026-09-01 19:46:46.020810
PAY-4B7E2676-459A,CUST-00098,MERCH-025,26737,USD,FAILED,2026-09-23 18:14:53.020810
PAY-0C9DA878-88C8,CUST-00607,MERCH-043,120764,EUR,SUCCESS,2026-09-26 04:36:40.020810
PAY-3EBFC195-642A,CUST-01079,MERCH-014,6209,USD,SUCCESS,2026-09-05 02:49:30.020810
PAY-1BDA49DB-4F83,CUST-00406,MERCH-007,93217,USD,SUCCESS,2026-09-14 12:13:50.020810
PAY-9C48C086-A5DB,CUST-00799,MERCH-018,124704,EUR,PENDING,2026-09-17 00:50:44.020810
PAY-A3689089-ACBE,CUST-00257,MERCH-049,120489,GBP,SUCCESS,2026-09-09 03:49:36.020810
PAY-A2FFEE3F-B47B,CUST-00672,MERCH-043,70962,USD,SUCCESS,2026-09-24 16:34:21.020810
PAY-A19E0AA0-E0FD,CUST-00112,MERCH-030,7662,USD,SUCCESS,2026-09-14 18:07:04.020810
PAY-32D5633E-F11A,CUST-00456,MERCH-014,70105,NGN,SUCCESS,2026-09-23 14:10:06.020810
PAY-7BB8DC4B-9FB6,CUST-00529,MERCH-040,138194,USD,SUCCESS,2026-09-29 22:40:02.020810
PAY-8564F08C-CD08,CUST-00922,MERCH-001,60706,USD,SUCCESS,2026-10-01 02:12:53.020810
PAY-01B4D4A3-A58C,CUST-00506,MERCH-039,60467,USD,PENDING,2026-09-06 22:19:19.020810
PAY-352CD6F0-2284,CUST-00806,MERCH-048,76241,USD,SUCCESS,2026-10-01 14:34:01.020810
PAY-EAD945F2-EF42,CUST-00183,MERCH-012,79263,USD,SUCCESS,2026-09-21 09:29:28.020810
PAY-44F423F5-FA02,CUST-00146,MERCH-001,4935,USD,SUCCESS,2026-09-20 11:06:27.020810
PAY-D031D174-EE21,CUST-00460,MERCH-011,118706,USD,SUCCESS,2026-09-22 11:14:51.020810
PAY-210EC1E8-740A,CUST-00719,MERCH-015,146388,USD,SUCCESS,2026-09-04 22:20:58.020810
PAY-EE7FCEA0-4CF7,CUST-00094,MERCH-023,104460,USD,SUCCESS,2026-09-25 11:48:45.020810
PAY-C0BF9403-6C85,CUST-00495,MERCH-006,21789,USD,SUCCESS,2026-09-03 12:22:24.020810
PAY-C3C098B3-53B9,CUST-00055,MERCH-035,106942,USD,SUCCESS,2026-10-01 00:13:29.020810
PAY-91C481A4-A2B7,CUST-01319,MERCH-022,107193,USD,SUCCESS,2026-09-16 02:16:00.020810
PAY-A6DFEA31-0092,CUST-00194,MERCH-011,59707,USD,PENDING,2026-09-17 09:29:12.020810
PAY-FBAA1219-0347,CUST-00812,MERCH-003,76160,EUR,FAILED,2026-09-20 14:49:23.020810
PAY-498FB39F-49DB,CUST-00044,MERCH-004,116056,GBP,PENDING,2026-09-15 09:27:42.020810
PAY-1A4F42A4-5246,CUST-00596,MERCH-034,122103,GBP,SUCCESS,2026-09-21 04:13:52.020810
PAY-3A9E32F2-6325,CUST-01228,MERCH-020,99740,USD,SUCCESS,2026-09-29 00:18:17.020810
PAY-A01A1ED4-75E5,CUST-01302,MERCH-041,136506,EUR,PENDING,2026-09-30 02:27:29.020810
PAY-D48A8883-DF32,CUST-01211,MERCH-018,66645,USD,FAILED,2026-09-26 10:56:44.020810
PAY-133373E1-3F7B,CUST-01059,MERCH-005,3676,USD,SUCCESS,2026-09-24 10:37:53.020810
PAY-6C75A9A0-1BD1,CUST-01331,MERCH-016,28424,USD,SUCCESS,2026-09-21 10:23:06.020810
PAY-2A4DAFD6-6060,CUST-00052,MERCH-004,123323,USD,FAILED,2026-09-23 21:27:48.020810
PAY-280722F5-6A53,CUST-00009,MERCH-049,117027,GBP,PENDING,2026-09-05 05:51:45.020810
PAY-2972B26E-FC6A,CUST-00996,MERCH-049,126452,USD,PENDING,2026-09-12 12:45:01.020810
PAY-10074386-99DD,CUST-00642,MERCH-037,52213,USD,SUCCESS,2026-09-16 19:17:59.020810
PAY-D61863D1-B5E1,CUST-00414,MERCH-003,138860,EUR,SUCCESS,2026-09-23 07:39:52.020810
PAY-934BA83B-4B66,CUST-00212,MERCH-008,116459,USD,SUCCESS,2026-09-05 08:16:20.020810
PAY-BEE4F3C8-B016,CUST-00219,MERCH-037,14150,EUR,SUCCESS,2026-09-22 07:09:58.020810
PAY-2588D131-0E38,CUST-00075,MERCH-018,6693,EUR,SUCCESS,2026-10-01 15:59:04.020810
PAY-B560195A-21B6,CUST-00349,MERCH-006,75634,EUR,PENDING,2026-09-14 18:29:28.020810
PAY-0821C8EE-72FF,CUST-00602,MERCH-006,88105,USD,SUCCESS,2026-09-19 01:44:39.020810
PAY-F5581EC0-26A3,CUST-01213,MERCH-028,73721,USD,SUCCESS,2026-09-23 11:50:40.020810
PAY-FB807A6E-43F1,CUST-00466,MERCH-015,136548,EUR,SUCCESS,2026-09-13 01:59:50.020810
PAY-81175BAB-0E6F,CUST-00621,MERCH-043,107233,USD,FAILED,2026-09-29 04:02:58.020810
PAY-94B763C1-9DAC,CUST-01437,MERCH-022,42904,EUR,FAILED,2026-09-19 21:57:44.020810
PAY-4C1A3974-3BD9,CUST-00469,MERCH-037,126340,GBP,FAILED,2026-09-07 01:03:58.020810
PAY-A28BA706-CBBE,CUST-01393,MERCH-002,61877,EUR,SUCCESS,2026-09-12 00:09:31.020810
PAY-C295D644-AB8C,CUST-00738,MERCH-016,15023,NGN,SUCCESS,2026-09-01 19:39:41.020810
PAY-B77E9097-BCD4,CUST-00638,MERCH-040,47715,USD,SUCCESS,2026-09-30 04:32:30.020810
PAY-9F6529F7-00B9,CUST-00788,MERCH-041,91721,EUR,PENDING,2026-09-21 09:08:22.020810
PAY-9C3E9D54-1179,CUST-00440,MERCH-047,29773,USD,SUCCESS,2026-09-20 11:48:59.020810
PAY-5ECE3AFA-E6AF,CUST-01257,MERCH-031,62197,GBP,PENDING,2026-09-23 21:53:28.020810
PAY-6C0F656F-E471,CUST-00213,MERCH-030,149378,USD,SUCCESS,2026-09-12 06:22:48.020810
PAY-51BDC0F3-890F,CUST-00622,MERCH-049,41072,EUR,SUCCESS,2026-09-22 12:20:53.020810
PAY-CA85790B-CD1B,CUST-00560,MERCH-033,40407,GBP,SUCCESS,2026-09-25 19:16:07.020810
PAY-D4CE1D6F-E65B,CUST-00402,MERCH-048,91987,USD,SUCCESS,2026-09-28 22:49:17.020810
PAY-1DE27CDF-7D51,CUST-01078,MERCH-025,64358,USD,SUCCESS,2026-09-17 18:10:01.020810
PAY-46A1FADF-4FA7,CUST-01274,MERCH-010,102217,USD,FAILED,2026-09-25 00:27:19.020810
PAY-6FC51F4D-409A,CUST-01134,MERCH-030,68860,USD,PENDING,2026-09-06 05:56:53.020810
PAY-ACE911CA-4491,CUST-01437,MERCH-006,72191,USD,SUCCESS,2026-09-13 11:28:21.020810
PAY-7D04D787-FF96,CUST-01181,MERCH-013,126749,USD,SUCCESS,2026-09-07 19:05:24.020810
PAY-5DD99902-1129,CUST-01248,MERCH-025,9249,USD,SUCCESS,2026-09-23 03:11:56.020810
PAY-C249E73B-C8E7,CUST-00882,MERCH-001,95877,GBP,FAILED,2026-09-19 11:47:09.020810
PAY-C1265D52-5131,CUST-01146,MERCH-042,125723,EUR,SUCCESS,2026-09-06 16:10:36.020810
PAY-ED58C314-2C41,CUST-00469,MERCH-021,33345,GBP,SUCCESS,2026-09-24 05:03:04.020810
PAY-73667C46-8FE7,CUST-00243,MERCH-046,102364,NGN,FAILED,2026-09-07 15:40:22.020810
PAY-94FD15B8-C326,CUST-00280,MERCH-022,103575,USD,SUCCESS,2026-09-02 22:43:57.020810
PAY-E3FB44EB-A9DB,CUST-01429,MERCH-038,49777,USD,FAILED,2026-09-28 19:29:00.020810
PAY-6264C038-3BB0,CUST-00760,MERCH-049,103560,USD,FAILED,2026-09-14 12:34:37.020810
PAY-196D5A44-05DF,CUST-00620,MERCH-026,140777,USD,SUCCESS,2026-09-11 21:15:27.020810
PAY-5A157CD3-AB67,CUST-01422,MERCH-039,4583,USD,SUCCESS,2026-09-23 11:59:09.020810
PAY-9FEB6E11-FEC8,CUST-00209,MERCH-019,95034,EUR,SUCCESS,2026-09-17 15:56:22.020810
PAY-5EBBBD7D-C222,CUST-00996,MERCH-001,62716,EUR,SUCCESS,2026-09-12 23:03:53.020810
PAY-DDCA7349-EE7B,CUST-00514,MERCH-043,125132,USD,FAILED,2026-09-08 04:21:18.020810
PAY-CA147CC1-A7EB,CUST-01425,MERCH-007,104078,USD,SUCCESS,2026-09-28 00:30:32.020810
PAY-330AC1C7-86C3,CUST-00815,MERCH-048,40061,GBP,PENDING,2026-09-30 01:39:28.020810
PAY-E75F9290-0731,CUST-00742,MERCH-021,14855,USD,SUCCESS,2026-09-07 21:09:29.020810
PAY-E8F78367-7985,CUST-00675,MERCH-002,102586,EUR,FAILED,2026-09-10 04:29:23.020810
PAY-71DB5F7F-CE61,CUST-00110,MERCH-001,21525,GBP,SUCCESS,2026-09-04 02:00:37.020810
PAY-35D5D93A-D2D9,CUST-00228,MERCH-043,22300,USD,SUCCESS,2026-09-04 10:42:59.020810
PAY-ACE18BA7-F706,CUST-00670,MERCH-028,109362,EUR,SUCCESS,2026-09-05 08:10:24.020810
PAY-9A9E9D99-7E30,CUST-00145,MERCH-038,50969,USD,FAILED,2026-09-24 01:44:55.020810
PAY-A36C302C-0B91,CUST-01151,MERCH-017,135312,USD,SUCCESS,2026-09-14 00:13:59.020810
PAY-E43B9198-A7CA,CUST-00168,MERCH-009,61052,USD,SUCCESS,2026-09-06 00:23:31.020810
PAY-9D390CA9-206C,CUST-00003,MERCH-004,134716,USD,SUCCESS,2026-09-28 18:01:32.020810
PAY-19486AFD-FB24,CUST-00287,MERCH-042,139660,USD,SUCCESS,2026-09-11 03:18:19.020810
PAY-6789F720-9935,CUST-00621,MERCH-043,13930,USD,SUCCESS,2026-09-19 23:38:33.020810
PAY-06DC07AA-C36C,CUST-01394,MERCH-044,106636,USD,SUCCESS,2026-09-28 23:25:58.020810
PAY-5E0DB8EA-9864,CUST-00980,MERCH-009,57660,USD,SUCCESS,2026-09-11 07:17:43.020810
PAY-FB6D2BD6-826A,CUST-00151,MERCH-004,69286,USD,SUCCESS,2026-09-14 13:25:08.020810
PAY-42BB9239-88A5,CUST-01084,MERCH-008,122712,EUR,SUCCESS,2026-09-25 17:29:53.020810
PAY-0A71F58E-53B4,CUST-01287,MERCH-016,95606,GBP,SUCCESS,2026-09-21 19:00:42.020810
PAY-D1310B10-7629,CUST-00650,MERCH-047,18904,USD,SUCCESS,2026-09-22 02:21:02.020810
PAY-24803BC3-CE90,CUST-01241,MERCH-009,19327,GBP,SUCCESS,2026-09-07 21:30:36.020810
PAY-02A04EAA-5762,CUST-01087,MERCH-036,37123,USD,SUCCESS,2026-09-08 08:53:24.020810
PAY-876BF6CE-33C7,CUST-00043,MERCH-027,21893,USD,PENDING,2026-09-12 02:43:48.020810
PAY-484C5B8A-9ABE,CUST-01078,MERCH-047,75847,USD,FAILED,2026-09-21 01:28:10.020810
PAY-B5D24838-BC2A,CUST-00249,MERCH-031,17049,EUR,SUCCESS,2026-09-20 10:03:24.020810
PAY-5FE2CB2B-2409,CUST-01307,MERCH-041,8116,USD,SUCCESS,2026-09-12 14:24:20.020810
PAY-56C44F7E-49D3,CUST-00319,MERCH-013,69128,USD,SUCCESS,2026-09-21 19:54:23.020810
PAY-A29083A3-5F29,CUST-00239,MERCH-045,63083,EUR,FAILED,2026-09-22 22:35:21.020810
PAY-1052B986-643D,CUST-00868,MERCH-033,83564,EUR,SUCCESS,2026-09-10 22:42:40.020810
PAY-450E964F-3CFC,CUST-01282,MERCH-040,17832,USD,SUCCESS,2026-09-30 10:49:11.020810
PAY-3328D437-C762,CUST-00848,MERCH-030,72305,USD,FAILED,2026-09-22 20:28:22.020810
PAY-020D2AB5-0163,CUST-00031,MERCH-016,59568,NGN,SUCCESS,2026-09-08 21:51:23.020810
PAY-0B009CEA-7A2E,CUST-01183,MERCH-043,60299,USD,SUCCESS,2026-09-05 01:05:24.020810
PAY-1F37935E-7881,CUST-01349,MERCH-012,37177,GBP,SUCCESS,2026-09-18 10:09:07.020810
PAY-A46BCE88-1BB0,CUST-01093,MERCH-010,119569,USD,PENDING,2026-09-21 06:55:34.020810
PAY-4464F2A9-EF4A,CUST-00209,MERCH-012,63519,GBP,SUCCESS,2026-09-20 05:32:43.020810
PAY-A4C454ED-3C8F,CUST-00945,MERCH-038,149311,NGN,SUCCESS,2026-09-14 09:09:20.020810
PAY-2D3269F8-2523,CUST-00658,MERCH-011,82556,USD,SUCCESS,2026-09-10 19:28:45.020810
PAY-00D7BD67-DD8A,CUST-00379,MERCH-040,67939,GBP,SUCCESS,2026-09-21 21:05:18.020810
PAY-86B3F13F-4DFA,CUST-00529,MERCH-020,73486,USD,PENDING,2026-09-27 00:18:35.020810
PAY-D6452D04-85C9,CUST-00509,MERCH-048,142615,USD,FAILED,2026-09-22 14:15:01.020810
PAY-2D36E334-2110,CUST-00891,MERCH-033,30947,EUR,SUCCESS,2026-09-07 05:48:19.020810
PAY-DC3967F3-2E1F,CUST-00153,MERCH-020,58377,USD,PENDING,2026-09-12 13:29:43.020810
PAY-C00BD85C-C3A7,CUST-00095,MERCH-028,6872,USD,SUCCESS,2026-09-14 06:12:16.020810
PAY-15355688-204D,CUST-01240,MERCH-046,6928,USD,FAILED,2026-09-26 23:43:43.020810
PAY-BEA6C4D9-108B,CUST-00657,MERCH-036,126041,USD,SUCCESS,2026-09-26 00:21:45.020810
PAY-B9216B0B-E667,CUST-00175,MERCH-022,91652,USD,PENDING,2026-09-17 03:49:48.020810
PAY-5FFE28F4-F039,CUST-01217,MERCH-044,102383,USD,SUCCESS,2026-09-04 11:11:11.020810
PAY-29FE4F63-470E,CUST-01431,MERCH-011,139605,NGN,FAILED,2026-09-25 03:09:27.020810
PAY-8C784A90-2471,CUST-00981,MERCH-040,45518,USD,PENDING,2026-09-04 06:55:38.020810
PAY-000CA2A6-B7B7,CUST-00730,MERCH-037,40331,EUR,SUCCESS,2026-09-06 12:19:58.020810
PAY-1A7844D4-AF64,CUST-00033,MERCH-046,102781,USD,SUCCESS,2026-09-14 16:37:25.020810
PAY-390BDED0-C22E,CUST-00483,MERCH-030,30968,GBP,SUCCESS,2026-09-09 22:16:23.020810
PAY-912C1E24-E05E,CUST-00845,MERCH-012,104117,USD,SUCCESS,2026-09-21 00:32:21.020810
PAY-0FC81F6C-FD36,CUST-01485,MERCH-002,38708,USD,SUCCESS,2026-09-12 06:16:23.020810
PAY-9BE58A8B-C247,CUST-00390,MERCH-021,78345,USD,SUCCESS,2026-09-26 10:53:33.020810
PAY-3726F5D5-629D,CUST-00149,MERCH-035,46430,GBP,SUCCESS,2026-09-02 02:00:45.020810
PAY-56D6E3B1-D73B,CUST-01275,MERCH-021,149338,USD,SUCCESS,2026-09-18 11:47:45.020810
PAY-6AB26CF8-BF7D,CUST-01003,MERCH-030,119873,USD,PENDING,2026-09-12 19:06:21.020810
PAY-90327848-6987,CUST-01170,MERCH-013,94610,GBP,SUCCESS,2026-09-30 23:09:26.020810
PAY-8D5853E5-A441,CUST-01002,MERCH-038,91269,USD,SUCCESS,2026-09-17 02:10:45.020810
PAY-E072669B-4BAC,CUST-00139,MERCH-037,67308,EUR,SUCCESS,2026-09-08 20:20:59.020810
PAY-FF80198B-D593,CUST-01475,MERCH-029,22870,GBP,FAILED,2026-09-14 20:06:08.020810
PAY-884226C3-E494,CUST-00151,MERCH-005,57272,USD,PENDING,2026-09-25 00:49:49.020810
PAY-41ADB5FF-7C09,CUST-00802,MERCH-030,57756,GBP,FAILED,2026-09-02 07:59:47.020810
PAY-20D8BD2E-197D,CUST-01456,MERCH-034,39406,NGN,SUCCESS,2026-09-22 10:09:47.020810
PAY-9F8EA280-2001,CUST-00728,MERCH-026,113507,USD,PENDING,2026-09-24 05:38:38.020810
PAY-EBE1C6F0-E4F9,CUST-00214,MERCH-007,96121,GBP,PENDING,2026-09-09 12:58:07.020810
PAY-2930851F-E6A1,CUST-01138,MERCH-019,54314,USD,SUCCESS,2026-09-09 13:01:57.020810
PAY-667C1494-CFF9,CUST-00426,MERCH-002,142854,USD,SUCCESS,2026-09-02 10:59:02.020810
PAY-0A24C277-8E90,CUST-00088,MERCH-024,65838,USD,SUCCESS,2026-09-21 01:48:15.020810
PAY-3D8DEA95-1CD2,CUST-00066,MERCH-048,38813,USD,SUCCESS,2026-09-26 10:14:39.020810
PAY-363AF436-B2BA,CUST-01184,MERCH-011,146938,USD,SUCCESS,2026-09-14 00:39:41.020810
PAY-0F1C021F-7376,CUST-00286,MERCH-033,59003,USD,SUCCESS,2026-09-24 09:30:48.020810
PAY-293CF2EE-25E8,CUST-00351,MERCH-008,124154,NGN,SUCCESS,2026-09-03 15:59:47.020810
PAY-7A1C7472-69D8,CUST-01399,MERCH-046,138063,USD,FAILED,2026-09-27 02:01:05.020810
PAY-FB15393A-F506,CUST-00416,MERCH-006,116204,EUR,FAILED,2026-09-10 02:18:40.020810
PAY-CC1F238F-04E8,CUST-00471,MERCH-046,93074,EUR,PENDING,2026-09-22 11:24:04.020810
PAY-0D1429AB-3CD8,CUST-00596,MERCH-035,39650,USD,PENDING,2026-09-18 16:43:49.020810
PAY-2047D4D4-25DE,CUST-00377,MERCH-001,35557,GBP,SUCCESS,2026-09-24 16:02:11.020810
PAY-945812FC-E9B2,CUST-00014,MERCH-005,118252,EUR,SUCCESS,2026-10-01 17:15:38.020810
PAY-26B53BC4-A823,CUST-00047,MERCH-036,36604,USD,SUCCESS,2026-09-16 01:48:19.020810
PAY-7EC7D20D-C127,CUST-01116,MERCH-031,18680,NGN,SUCCESS,2026-09-14 01:24:17.020810
PAY-92F68B37-2B64,CUST-00895,MERCH-044,128965,USD,FAILED,2026-09-09 12:47:50.020810
PAY-7D93CA43-A9A6,CUST-01256,MERCH-045,55377,USD,SUCCESS,2026-09-22 15:02:22.020810
PAY-D5A105B0-25D3,CUST-01289,MERCH-026,17859,EUR,FAILED,2026-09-17 14:17:46.020810
PAY-A7E7AEA5-A241,CUST-00322,MERCH-040,93163,USD,PENDING,2026-09-17 15:27:01.020810
PAY-F932DC4A-87F2,CUST-00680,MERCH-006,5302,USD,SUCCESS,2026-09-02 16:53:29.020810
PAY-B38F891E-7EE3,CUST-00745,MERCH-006,135050,USD,SUCCESS,2026-09-03 07:53:39.020810
PAY-571A455A-8F7C,CUST-00236,MERCH-040,141472,USD,SUCCESS,2026-09-16 11:52:51.020810
PAY-9BEF7BBB-7526,CUST-00525,MERCH-046,34269,GBP,SUCCESS,2026-09-08 00:22:04.020810
PAY-153879AD-49DE,CUST-00880,MERCH-012,12992,GBP,SUCCESS,2026-09-11 20:31:05.020810
PAY-129C4A6C-CAAA,CUST-00027,MERCH-014,3314,NGN,SUCCESS,2026-09-22 01:35:38.020810
PAY-BE4D65C2-C74A,CUST-00926,MERCH-009,63578,USD,SUCCESS,2026-09-08 00:29:20.020810
PAY-EDDD4BC2-C239,CUST-00660,MERCH-003,139160,GBP,FAILED,2026-09-09 05:04:43.020810
PAY-F8A91972-BB16,CUST-00473,MERCH-001,71728,USD,SUCCESS,2026-09-11 00:01:25.020810
PAY-C6282D79-D976,CUST-01399,MERCH-010,52271,USD,PENDING,2026-09-15 02:11:26.020810
PAY-740559DE-F458,CUST-00936,MERCH-022,30575,NGN,PENDING,2026-09-11 16:41:48.020810
PAY-7E664212-AE06,CUST-00891,MERCH-050,37605,GBP,PENDING,2026-09-29 13:55:57.020810
PAY-D5B7A462-DE39,CUST-01148,MERCH-002,29822,USD,FAILED,2026-10-01 04:24:01.020810
PAY-232998CE-ABB6,CUST-00852,MERCH-046,58463,EUR,PENDING,2026-09-21 00:01:29.020810
PAY-BFAA44CD-00A1,CUST-00254,MERCH-028,101558,USD,SUCCESS,2026-09-22 10:50:03.020810
PAY-5AC1B456-014A,CUST-01144,MERCH-031,2924,USD,SUCCESS,2026-09-16 14:10:51.020810
PAY-70D74988-3E27,CUST-00510,MERCH-014,67147,USD,SUCCESS,2026-09-01 19:51:45.020810
PAY-407B5B79-827C,CUST-00766,MERCH-018,17349,USD,SUCCESS,2026-09-14 00:37:55.020810
PAY-75BCC957-F210,CUST-00039,MERCH-025,114767,USD,SUCCESS,2026-09-06 14:13:18.020810
PAY-CDE7A6AB-405F,CUST-00801,MERCH-017,122215,NGN,FAILED,2026-09-29 22:16:18.020810
PAY-D9E71479-4176,CUST-00009,MERCH-002,75838,USD,FAILED,2026-09-28 07:01:14.020810
PAY-BD118126-8792,CUST-00595,MERCH-048,145287,EUR,SUCCESS,2026-09-17 20:10:08.020810
PAY-3BDC87C0-1CE4,CUST-00057,MERCH-007,25399,USD,SUCCESS,2026-09-17 17:44:02.020810
PAY-599CC4E8-4099,CUST-01004,MERCH-027,37908,USD,FAILED,2026-09-16 06:55:41.020810
PAY-56C3A62F-A704,CUST-01189,MERCH-027,135694,USD,SUCCESS,2026-09-10 00:12:15.020810
PAY-A79E3B72-705E,CUST-00008,MERCH-038,78020,NGN,SUCCESS,2026-09-08 01:10:43.020810
PAY-4A74C13A-A6AA,CUST-00197,MERCH-008,2091,EUR,SUCCESS,2026-09-19 04:03:56.020810
PAY-EEFCBFAB-1A3E,CUST-00651,MERCH-002,107440,USD,SUCCESS,2026-10-01 08:42:19.020810
PAY-6E56B9F5-9800,CUST-01261,MERCH-037,26377,USD,SUCCESS,2026-09-21 22:31:08.020810
PAY-321E4B06-87A4,CUST-01497,MERCH-047,32525,USD,SUCCESS,2026-09-11 05:32:51.020810
PAY-A37235A1-D569,CUST-00676,MERCH-011,98142,EUR,SUCCESS,2026-09-17 20:19:09.020810
PAY-F2EA7331-561F,CUST-00328,MERCH-045,43136,GBP,SUCCESS,2026-09-13 15:06:11.020810
PAY-5A1EAD10-F641,CUST-00273,MERCH-043,13081,USD,SUCCESS,2026-09-28 14:06:11.020810
PAY-F9C6143E-251C,CUST-00665,MERCH-033,51121,USD,SUCCESS,2026-09-28 08:56:46.020810
PAY-47EB5C6C-54CE,CUST-00934,MERCH-042,80233,USD,FAILED,2026-09-23 08:42:57.020810
PAY-96807E35-61A6,CUST-00482,MERCH-023,15511,EUR,SUCCESS,2026-09-14 21:56:39.020810
PAY-EBF62101-3653,CUST-01433,MERCH-046,130770,USD,FAILED,2026-09-16 14:46:46.020810
PAY-ACBBC2BB-04E3,CUST-00829,MERCH-012,52529,USD,SUCCESS,2026-09-18 06:09:33.020810
PAY-C4BE5542-5817,CUST-01221,MERCH-024,28420,USD,SUCCESS,2026-09-04 00:37:36.020810
PAY-0FE9C297-3EBA,CUST-00179,MERCH-008,42222,USD,FAILED,2026-09-17 18:13:00.020810
PAY-5108C815-3CE1,CUST-00665,MERCH-021,114638,USD,SUCCESS,2026-09-26 08:21:19.020810
PAY-421024DC-7667,CUST-00372,MERCH-030,142922,NGN,SUCCESS,2026-09-23 09:01:40.020810
PAY-148325E9-B36E,CUST-01131,MERCH-035,105846,USD,SUCCESS,2026-09-10 08:36:24.020810
PAY-A09E333A-0F9F,CUST-00083,MERCH-015,117191,EUR,SUCCESS,2026-09-05 18:15:32.020810
PAY-353D24AE-8576,CUST-00566,MERCH-035,5397,USD,PENDING,2026-09-30 06:44:56.020810
PAY-0A08A722-B27C,CUST-00488,MERCH-002,94542,GBP,FAILED,2026-09-14 02:58:09.020810
PAY-E7F428A4-AE6A,CUST-01093,MERCH-033,123940,USD,SUCCESS,2026-09-02 02:20:18.020810
PAY-61A19F30-CB5A,CUST-00242,MERCH-035,18170,USD,SUCCESS,2026-09-22 17:14:06.020810
PAY-EE784FCF-6A24,CUST-00634,MERCH-009,58220,GBP,SUCCESS,2026-09-10 09:40:54.020810
PAY-9247DACC-ECE3,CUST-00754,MERCH-045,77836,GBP,SUCCESS,2026-09-17 16:53:38.020810
PAY-FF1FE401-F1F8,CUST-01354,MERCH-047,47960,USD,SUCCESS,2026-09-19 10:49:25.020810
PAY-89C0344C-27DC,CUST-00093,MERCH-021,148226,USD,PENDING,2026-09-18 21:01:41.020810
PAY-D16613AA-CAC7,CUST-00834,MERCH-029,117132,NGN,SUCCESS,2026-09-17 08:23:13.020810
PAY-DF790D2A-DD64,CUST-01016,MERCH-039,23637,USD,SUCCESS,2026-10-01 05:42:28.020810
PAY-B8AE3FA4-D0A8,CUST-00220,MERCH-044,118258,EUR,SUCCESS,2026-09-10 21:39:15.020810
PAY-50DDEBD9-F60E,CUST-01214,MERCH-036,5302,EUR,SUCCESS,2026-09-12 14:35:12.020810
PAY-02D2EC17-7C69,CUST-01452,MERCH-020,123114,EUR,FAILED,2026-09-17 20:15:04.020810
PAY-499D806E-1E94,CUST-00844,MERCH-010,66065,USD,SUCCESS,2026-09-23 05:20:06.020810
PAY-C83E73F8-4EE0,CUST-00666,MERCH-050,23506,USD,SUCCESS,2026-09-06 19:27:09.020810
PAY-140BF244-8692,CUST-00797,MERCH-001,149918,USD,SUCCESS,2026-09-28 10:23:44.020810
PAY-6DF3825B-7D5A,CUST-00731,MERCH-034,122332,NGN,PENDING,2026-09-29 10:48:06.020810
PAY-3158AE3F-0713,CUST-00080,MERCH-049,91891,GBP,SUCCESS,2026-09-07 01:13:10.020810
PAY-6BF26DF1-E0B0,CUST-01351,MERCH-011,30983,EUR,SUCCESS,2026-09-10 13:41:36.020810
PAY-0AECE3A5-DAFF,CUST-00421,MERCH-013,137257,USD,SUCCESS,2026-09-20 03:39:34.020810
PAY-7378F913-65D2,CUST-01219,MERCH-050,16435,USD,SUCCESS,2026-09-20 00:13:01.020810
PAY-BE015BC5-4949,CUST-00016,MERCH-033,71880,USD,PENDING,2026-09-11 06:15:53.020810
PAY-0844A211-2B1D,CUST-00940,MERCH-028,34553,USD,PENDING,2026-09-05 04:09:07.020810
PAY-11719DB8-5FAA,CUST-01376,MERCH-033,135822,USD,SUCCESS,2026-09-29 19:20:17.020810
PAY-812646BA-147A,CUST-01202,MERCH-040,2343,USD,SUCCESS,2026-09-12 18:59:33.020810
PAY-22D6C003-2666,CUST-01407,MERCH-032,102845,USD,SUCCESS,2026-09-15 09:18:13.020810
PAY-AB9B062B-39B4,CUST-00217,MERCH-048,65096,USD,SUCCESS,2026-09-07 10:18:35.020810
PAY-FA63BC2F-1EF1,CUST-01497,MERCH-037,126110,EUR,SUCCESS,2026-10-01 02:14:56.020810
PAY-40B2C630-AE6B,CUST-01183,MERCH-039,122801,USD,PENDING,2026-09-07 21:44:38.020810
PAY-8F94C1A3-36F9,CUST-00216,MERCH-041,103770,USD,FAILED,2026-09-17 16:45:27.020810
PAY-F0C0F649-CD14,CUST-00100,MERCH-015,137043,GBP,PENDING,2026-09-12 00:18:27.020810
PAY-42A4F2F0-470E,CUST-01387,MERCH-032,136565,USD,SUCCESS,2026-09-28 00:30:18.020810
PAY-A22828C0-391E,CUST-01386,MERCH-023,135075,USD,SUCCESS,2026-09-08 19:45:00.020810
PAY-C45E0618-6C51,CUST-00749,MERCH-047,134744,USD,SUCCESS,2026-09-28 23:35:42.020810
PAY-99FDF4B8-158F,CUST-00813,MERCH-033,143656,GBP,SUCCESS,2026-09-06 20:25:25.020810
PAY-CF1FE59A-B084,CUST-00529,MERCH-050,123029,GBP,PENDING,2026-09-13 03:48:47.020810
PAY-F3071EF5-78A3,CUST-00811,MERCH-045,13908,USD,SUCCESS,2026-09-13 12:58:17.020810
PAY-8DA49BD2-9E4F,CUST-01458,MERCH-037,1567,USD,PENDING,2026-09-02 04:09:20.020810
PAY-3EA025CE-E36D,CUST-00964,MERCH-016,75097,USD,SUCCESS,2026-09-25 20:35:13.020810
PAY-53712D24-5434,CUST-01261,MERCH-038,78406,EUR,PENDING,2026-10-01 10:53:44.020810
PAY-C85284CD-FE9B,CUST-00567,MERCH-021,66730,GBP,SUCCESS,2026-09-24 05:06:22.020810
PAY-2341D09A-5334,CUST-00635,MERCH-018,11828,USD,SUCCESS,2026-09-07 02:43:19.020810
PAY-10E159E5-4439,CUST-00926,MERCH-026,45157,USD,PENDING,2026-09-29 23:43:22.020810
PAY-2BDE37D1-EDDB,CUST-00873,MERCH-009,90509,EUR,FAILED,2026-09-20 11:26:56.020810
PAY-1E32450E-A305,CUST-00584,MERCH-042,78545,EUR,SUCCESS,2026-09-13 00:47:34.020810
PAY-1D00B611-DAB5,CUST-00926,MERCH-023,29106,USD,SUCCESS,2026-09-29 08:00:40.020810
PAY-95F5E75E-F780,CUST-01412,MERCH-026,68425,USD,FAILED,2026-09-03 06:17:59.020810
PAY-98EEFE92-9D9B,CUST-00511,MERCH-022,135607,USD,FAILED,2026-09-29 21:38:08.020810
PAY-BDF76CD3-A499,CUST-00429,MERCH-040,86847,EUR,SUCCESS,2026-09-26 19:03:13.020810
PAY-EB16AD72-1687,CUST-01284,MERCH-041,14705,USD,SUCCESS,2026-09-29 07:35:58.020810
PAY-01369DD6-2051,CUST-00947,MERCH-039,113010,USD,FAILED,2026-09-29 12:58:14.020810
PAY-BFADFE4A-3FBD,CUST-00746,MERCH-033,118580,USD,FAILED,2026-09-17 00:17:25.020810
PAY-61B2EF8F-8B75,CUST-01040,MERCH-049,130753,GBP,SUCCESS,2026-09-12 13:58:03.020810
PAY-00C45D84-F469,CUST-00676,MERCH-027,19385,EUR,SUCCESS,2026-09-28 13:30:30.020810
PAY-391D0F2E-50EB,CUST-00775,MERCH-031,81615,EUR,SUCCESS,2026-09-27 07:18:49.020810
PAY-47385D12-FEFA,CUST-00447,MERCH-020,128637,USD,SUCCESS,2026-09-03 15:33:46.020810
PAY-00883361-B329,CUST-01421,MERCH-014,116592,USD,FAILED,2026-09-04 12:21:18.020810
PAY-36C31270-B3D0,CUST-01336,MERCH-043,122651,EUR,PENDING,2026-09-06 12:12:28.020810
PAY-95E4A620-583C,CUST-00954,MERCH-025,51173,USD,SUCCESS,2026-09-06 07:36:53.020810
PAY-59CB0238-0E03,CUST-00648,MERCH-043,1185,EUR,SUCCESS,2026-09-02 23:56:52.020810
PAY-07B3FF2F-1888,CUST-01008,MERCH-033,57624,USD,SUCCESS,2026-09-27 17:02:48.020810
PAY-25D067AC-1DA5,CUST-00795,MERCH-038,39457,USD,SUCCESS,2026-09-09 08:47:07.020810
PAY-3C9C4E74-CD44,CUST-00391,MERCH-013,84791,USD,SUCCESS,2026-09-26 01:57:20.020810
PAY-028F766E-9CA3,CUST-00579,MERCH-001,50068,GBP,SUCCESS,2026-09-13 05:29:45.020810
PAY-A2E705F2-D531,CUST-00838,MERCH-038,89646,NGN,SUCCESS,2026-09-30 07:06:26.020810
PAY-06EED7E3-AB51,CUST-00267,MERCH-036,11829,NGN,SUCCESS,2026-09-17 22:11:58.020810
PAY-47C989F4-BAA8,CUST-01492,MERCH-012,23306,EUR,SUCCESS,2026-09-12 15:24:44.020810
PAY-CF353D9D-66A4,CUST-00284,MERCH-044,83091,GBP,SUCCESS,2026-09-20 19:35:20.020810
PAY-EA383418-19DD,CUST-00401,MERCH-011,62862,USD,PENDING,2026-09-24 00:29:57.020810
PAY-A516FA6B-011D,CUST-00643,MERCH-045,31663,USD,SUCCESS,2026-09-17 19:51:02.020810
PAY-7F2CB48D-A9CC,CUST-00584,MERCH-040,41361,EUR,SUCCESS,2026-09-23 15:03:00.020810
PAY-9455D46F-7B5E,CUST-00538,MERCH-039,49881,USD,SUCCESS,2026-09-04 08:40:27.020810
PAY-D009554D-82DF,CUST-00287,MERCH-009,70712,NGN,FAILED,2026-09-13 16:24:49.020810
PAY-40A9F16B-6BF7,CUST-00988,MERCH-032,77051,USD,SUCCESS,2026-09-05 09:22:54.020810
PAY-3E5A4399-8CAE,CUST-00869,MERCH-040,9250,NGN,FAILED,2026-09-17 18:21:53.020810
PAY-B16DE4F5-FFC7,CUST-01199,MERCH-016,82803,NGN,SUCCESS,2026-09-19 02:03:00.020810
PAY-E30AC5BD-ED08,CUST-00754,MERCH-023,11484,EUR,FAILED,2026-09-23 16:12:30.020810
PAY-F7FD9508-EC73,CUST-00305,MERCH-003,108260,USD,SUCCESS,2026-09-03 17:54:22.020810
PAY-5E25F4C5-A8F4,CUST-00233,MERCH-031,19805,EUR,SUCCESS,2026-09-13 23:10:55.020810
PAY-EB7ACBE0-AADE,CUST-00399,MERCH-027,70091,GBP,FAILED,2026-09-16 18:23:52.020810
PAY-9E27A522-BF82,CUST-00739,MERCH-037,123735,GBP,FAILED,2026-09-15 01:32:03.020810
PAY-41608B0B-3C76,CUST-00803,MERCH-008,28752,USD,SUCCESS,2026-09-09 12:44:28.020810
PAY-149DEF2B-716F,CUST-01129,MERCH-037,24943,GBP,SUCCESS,2026-09-13 20:37:29.020810
PAY-5FA959D9-30FA,CUST-01301,MERCH-010,4240,USD,SUCCESS,2026-09-24 22:38:44.020810
PAY-5AEE2199-AE50,CUST-00858,MERCH-021,115214,USD,SUCCESS,2026-09-03 04:45:05.020810
PAY-9817EC50-653E,CUST-00830,MERCH-007,44765,USD,SUCCESS,2026-09-09 05:24:20.020810
PAY-4A04F54C-0583,CUST-00307,MERCH-035,7424,NGN,FAILED,2026-09-13 06:08:50.020810
PAY-13C6B34B-28D6,CUST-00747,MERCH-025,74761,GBP,SUCCESS,2026-09-16 03:06:07.020810
PAY-6154BB55-6040,CUST-00859,MERCH-036,65598,GBP,FAILED,2026-09-18 21:07:02.020810
PAY-DCB6A3CD-E7CD,CUST-01375,MERCH-001,97749,USD,PENDING,2026-09-14 05:13:58.020810
PAY-45E2D9A4-C29C,CUST-00758,MERCH-021,87785,USD,PENDING,2026-09-18 06:26:49.020810
PAY-A14013AD-5873,CUST-00105,MERCH-009,56139,USD,SUCCESS,2026-09-21 13:25:01.020810
PAY-4309D91E-B8B0,CUST-01446,MERCH-022,2234,USD,SUCCESS,2026-09-22 13:40:01.020810
PAY-425D27D5-7E12,CUST-01024,MERCH-032,141778,EUR,PENDING,2026-09-25 09:55:23.020810
PAY-E8012F85-2164,CUST-01241,MERCH-044,57224,NGN,PENDING,2026-09-16 21:14:48.020810
PAY-19503746-BF41,CUST-00476,MERCH-042,128467,USD,PENDING,2026-09-08 09:41:20.020810
PAY-DC099529-8BAD,CUST-00840,MERCH-013,16678,USD,PENDING,2026-09-29 17:55:48.020810
PAY-68C7A790-648A,CUST-00539,MERCH-044,9770,USD,SUCCESS,2026-09-21 17:06:37.020810
PAY-6D2B3027-8491,CUST-00060,MERCH-034,64514,NGN,PENDING,2026-09-10 09:30:34.020810
PAY-98285FFB-05AF,CUST-00820,MERCH-037,37755,EUR,FAILED,2026-09-20 01:27:44.020810
PAY-37BD4E26-50C6,CUST-00869,MERCH-037,48666,USD,FAILED,2026-09-02 14:25:50.020810
PAY-AAD4BD52-C784,CUST-01405,MERCH-012,16770,EUR,SUCCESS,2026-09-09 00:33:54.020810
PAY-153A21B5-CA17,CUST-01156,MERCH-029,88884,USD,SUCCESS,2026-09-19 22:32:37.020810
PAY-4048E3BD-9464,CUST-01386,MERCH-002,27811,EUR,SUCCESS,2026-09-21 04:42:12.020810
PAY-73E4272D-69B9,CUST-00938,MERCH-050,10232,USD,SUCCESS,2026-10-01 03:38:25.020810
PAY-05142FC4-2577,CUST-00885,MERCH-042,6727,USD,FAILED,2026-09-24 04:43:28.020810
PAY-6289EC20-AEF6,CUST-01478,MERCH-005,28762,EUR,SUCCESS,2026-09-18 07:12:19.020810
PAY-E57668CE-7D8B,CUST-00354,MERCH-003,54817,USD,SUCCESS,2026-09-04 11:13:20.020810
PAY-5F053867-651D,CUST-01197,MERCH-014,81591,GBP,SUCCESS,2026-09-14 00:47:02.020810
PAY-C8C8FFD6-E004,CUST-01253,MERCH-003,114905,USD,FAILED,2026-09-23 22:44:45.020810
PAY-888D09B1-461A,CUST-01228,MERCH-031,30516,USD,FAILED,2026-09-09 16:47:12.020810
PAY-13ECBD30-6F30,CUST-00784,MERCH-012,145002,USD,FAILED,2026-09-05 08:16:26.020810
PAY-00E30773-E44E,CUST-01330,MERCH-013,61110,USD,SUCCESS,2026-09-13 07:05:50.020810
PAY-4DFD4F20-6132,CUST-01205,MERCH-048,41801,USD,FAILED,2026-09-05 06:44:19.020810
PAY-B20F05D8-BCE2,CUST-01184,MERCH-025,38958,NGN,SUCCESS,2026-10-01 08:11:36.020810
PAY-EAED8124-5DED,CUST-00231,MERCH-001,59307,GBP,SUCCESS,2026-09-18 03:01:41.020810
PAY-2126DC1E-A639,CUST-00051,MERCH-031,42342,NGN,FAILED,2026-09-05 21:16:09.020810
PAY-E651094C-882D,CUST-00355,MERCH-027,15089,USD,FAILED,2026-09-03 19:16:06.020810
PAY-8EAED783-5A0F,CUST-01146,MERCH-009,134431,USD,SUCCESS,2026-09-08 19:29:53.020810
PAY-21E47565-0B8F,CUST-00478,MERCH-042,117015,USD,PENDING,2026-09-24 05:58:32.020810
PAY-B1EE8877-82E4,CUST-00573,MERCH-012,14692,NGN,FAILED,2026-09-23 19:10:26.020810
PAY-8C7A818E-24C5,CUST-00647,MERCH-019,85474,NGN,FAILED,2026-09-28 22:14:30.020810
PAY-C4C60E7B-EAE8,CUST-01006,MERCH-048,140864,USD,SUCCESS,2026-09-28 01:03:12.020810
PAY-A0E74A1E-1EBF,CUST-00912,MERCH-011,38587,USD,SUCCESS,2026-09-28 08:04:37.020810
PAY-C5664E9D-33D7,CUST-00128,MERCH-026,40011,USD,SUCCESS,2026-09-11 03:39:10.020810
PAY-33DA26B7-2F32,CUST-00326,MERCH-045,7261,GBP,PENDING,2026-09-26 22:20:56.020810
PAY-0FCDD0EF-54BC,CUST-00163,MERCH-011,145572,EUR,PENDING,2026-09-22 05:08:38.020810
PAY-961A9E2B-CBEA,CUST-00109,MERCH-019,109540,USD,PENDING,2026-09-14 07:34:55.020810
PAY-614A8AAE-C2C7,CUST-01442,MERCH-027,132429,USD,SUCCESS,2026-09-19 12:13:58.020810
PAY-F9F16FB0-184A,CUST-01188,MERCH-021,71475,NGN,SUCCESS,2026-09-08 10:13:12.020810
PAY-3E7AF29E-64E8,CUST-01006,MERCH-027,149363,USD,SUCCESS,2026-09-02 09:30:04.020810
PAY-8384C38A-2D8B,CUST-00854,MERCH-045,112327,EUR,PENDING,2026-09-02 16:51:16.020810
PAY-BB0DF3EC-6E5F,CUST-00544,MERCH-029,67889,USD,PENDING,2026-09-09 07:30:52.020810
PAY-D8D8B171-DED7,CUST-00702,MERCH-012,121356,USD,SUCCESS,2026-09-19 07:42:12.020810
PAY-EB63CA6E-1674,CUST-00446,MERCH-029,122600,USD,FAILED,2026-09-28 11:07:05.020810
PAY-02776964-7BC5,CUST-01424,MERCH-017,130213,USD,SUCCESS,2026-09-24 12:56:02.020810
PAY-FDDC901E-A973,CUST-01122,MERCH-035,4194,USD,SUCCESS,2026-09-14 10:07:40.020810
PAY-6F4860A7-67AC,CUST-00905,MERCH-001,71956,GBP,SUCCESS,2026-10-01 04:13:37.020810
PAY-1034C8BC-3A0C,CUST-00854,MERCH-021,123210,USD,SUCCESS,2026-09-24 23:44:36.020810
PAY-D4676047-BBC0,CUST-00939,MERCH-050,114264,USD,SUCCESS,2026-09-04 07:46:28.020810
PAY-CA8D2CE9-CEFF,CUST-00177,MERCH-010,135228,USD,SUCCESS,2026-10-01 14:30:36.020810
PAY-0DE68BFF-1991,CUST-01025,MERCH-039,40648,USD,SUCCESS,2026-09-23 18:51:35.020810
PAY-C6F0B4D1-72C2,CUST-01118,MERCH-020,105065,GBP,FAILED,2026-09-09 06:51:09.020810
PAY-99627AA5-CAC6,CUST-01070,MERCH-004,36238,EUR,SUCCESS,2026-09-30 19:46:20.020810
PAY-26215C94-50CC,CUST-01050,MERCH-010,19164,EUR,FAILED,2026-09-21 05:27:08.020810
PAY-79EFA0B7-0D60,CUST-01449,MERCH-042,67912,USD,FAILED,2026-09-20 02:11:27.020810
PAY-C134AAA1-C62C,CUST-00245,MERCH-029,843,EUR,SUCCESS,2026-09-03 01:28:06.020810
PAY-9E816D65-226E,CUST-00700,MERCH-013,20038,USD,FAILED,2026-09-25 16:13:05.020810
PAY-AACAFFA0-0D58,CUST-01322,MERCH-034,9222,USD,FAILED,2026-09-22 08:28:20.020810
PAY-E4305F42-5241,CUST-00686,MERCH-025,142778,GBP,FAILED,2026-09-21 01:40:40.020810
PAY-C1796127-E5B5,CUST-01056,MERCH-001,19969,USD,SUCCESS,2026-09-11 12:40:52.020810
PAY-BD1B6EC3-26C8,CUST-01414,MERCH-042,99590,USD,FAILED,2026-09-21 05:52:41.020810
PAY-CAC6A12D-85D2,CUST-00626,MERCH-031,96885,GBP,SUCCESS,2026-09-29 18:42:38.020810
PAY-551F4143-A36C,CUST-01303,MERCH-005,122714,USD,PENDING,2026-09-08 18:21:54.020810
PAY-6D990169-CBFA,CUST-01194,MERCH-034,32798,NGN,SUCCESS,2026-09-11 00:36:53.020810
PAY-576C1A0A-6BD8,CUST-00357,MERCH-049,35505,USD,FAILED,2026-09-14 12:02:07.020810
PAY-6E9679B3-8B2C,CUST-01141,MERCH-044,62948,EUR,PENDING,2026-09-19 06:44:38.020810
PAY-0134BA77-0325,CUST-00765,MERCH-044,22311,USD,SUCCESS,2026-09-14 20:49:47.020810
PAY-0128B1F7-F8FE,CUST-00817,MERCH-002,22939,EUR,PENDING,2026-09-05 20:55:15.020810
PAY-0D4E274C-FC92,CUST-01264,MERCH-036,146295,GBP,PENDING,2026-09-14 11:04:59.020810
PAY-5C71BD19-F2F6,CUST-00041,MERCH-034,1224,USD,FAILED,2026-09-23 02:49:07.020810
PAY-F0A19CA0-4BCA,CUST-01439,MERCH-008,807,USD,SUCCESS,2026-09-24 15:16:23.020810
PAY-88C5392A-DE70,CUST-01418,MERCH-033,127875,USD,FAILED,2026-09-21 04:40:28.020810
PAY-9F49D6CB-2700,CUST-00211,MERCH-024,10830,NGN,SUCCESS,2026-09-10 00:53:45.020810
PAY-8D80B543-8E3F,CUST-00983,MERCH-030,14869,USD,FAILED,2026-09-06 18:43:52.020810
PAY-FC244140-4F0D,CUST-00966,MERCH-019,75206,EUR,PENDING,2026-09-04 14:00:59.020810
PAY-80F97DBE-BB57,CUST-00464,MERCH-015,144147,USD,SUCCESS,2026-09-22 08:56:33.020810
PAY-26415C95-5777,CUST-01186,MERCH-024,99933,USD,SUCCESS,2026-09-23 05:53:50.020810
PAY-8487056D-2D03,CUST-00928,MERCH-045,77484,USD,SUCCESS,2026-09-09 02:53:41.020810
PAY-3F9ADD53-A757,CUST-00845,MERCH-006,86358,USD,SUCCESS,2026-09-04 08:45:57.020810
PAY-DDC9E5C4-E968,CUST-00138,MERCH-006,632,NGN,SUCCESS,2026-09-03 10:57:16.020810
PAY-CD83D5E5-6DDA,CUST-00105,MERCH-044,13868,USD,PENDING,2026-09-24 12:35:39.020810
PAY-D0DFEC48-48D1,CUST-00218,MERCH-032,95427,EUR,SUCCESS,2026-09-28 17:07:27.020810
PAY-D8EFAA81-D635,CUST-00058,MERCH-047,3598,EUR,FAILED,2026-09-10 07:57:25.020810
PAY-E0CDBF3C-638E,CUST-00763,MERCH-004,91730,GBP,SUCCESS,2026-09-08 23:19:09.020810
PAY-B741C718-49A4,CUST-01363,MERCH-019,124639,GBP,SUCCESS,2026-09-29 04:52:00.020810
PAY-E659056F-702E,CUST-00335,MERCH-044,46539,USD,PENDING,2026-09-12 21:44:41.020810
PAY-46CBAF65-4E0D,CUST-00068,MERCH-006,45627,USD,PENDING,2026-09-02 08:07:10.020810
PAY-31EDBB79-4E13,CUST-01270,MERCH-031,124591,USD,SUCCESS,2026-09-19 10:50:03.020810
PAY-AB95555B-63DF,CUST-00551,MERCH-042,87993,NGN,SUCCESS,2026-09-24 02:57:34.020810
PAY-EC5832AE-0D64,CUST-01311,MERCH-015,111193,NGN,PENDING,2026-09-30 20:14:47.020810
PAY-C26EB49A-0DA5,CUST-00659,MERCH-039,81563,GBP,SUCCESS,2026-09-23 15:59:57.020810
PAY-F1E55F0C-2996,CUST-00522,MERCH-049,91345,EUR,PENDING,2026-09-09 20:45:28.020810
PAY-19664599-86A9,CUST-00310,MERCH-025,68110,GBP,SUCCESS,2026-10-01 15:20:07.020810
PAY-A3C48367-9192,CUST-01371,MERCH-042,15221,NGN,SUCCESS,2026-09-09 19:19:09.020810
PAY-33D26EEC-5315,CUST-00577,MERCH-006,75004,NGN,SUCCESS,2026-09-21 09:25:30.020810
PAY-226E1BAA-712E,CUST-00232,MERCH-023,116055,USD,SUCCESS,2026-09-12 00:14:38.020810
PAY-1B300790-3C3D,CUST-00598,MERCH-003,24857,USD,FAILED,2026-09-19 13:03:49.020810
PAY-50284B47-1368,CUST-00385,MERCH-016,60732,USD,PENDING,2026-09-24 00:28:55.020810
PAY-1DB9CC42-BE09,CUST-00910,MERCH-028,117754,USD,SUCCESS,2026-09-20 22:56:47.020810
PAY-07721E93-FC9F,CUST-00777,MERCH-035,99255,USD,SUCCESS,2026-09-07 08:25:22.020810
PAY-6BD85EF9-3B0C,CUST-00010,MERCH-034,90547,USD,SUCCESS,2026-09-17 07:17:11.020810
PAY-F6599E14-0EF9,CUST-01017,MERCH-050,120510,EUR,SUCCESS,2026-09-06 01:11:18.020810
PAY-7AE89329-8A4C,CUST-00617,MERCH-039,95702,USD,FAILED,2026-09-04 00:16:53.020810
PAY-E7582324-D0E4,CUST-01067,MERCH-020,102994,USD,SUCCESS,2026-10-01 15:09:25.020810
PAY-0FD1112A-1356,CUST-01058,MERCH-033,72598,USD,SUCCESS,2026-09-05 14:02:49.020810
PAY-DC3AA5D3-6986,CUST-00559,MERCH-038,9638,EUR,SUCCESS,2026-10-01 11:32:32.020810
PAY-80AD9E8E-2017,CUST-01056,MERCH-004,88949,GBP,PENDING,2026-09-12 00:32:05.020810
PAY-3B29D469-129A,CUST-01031,MERCH-026,74750,USD,PENDING,2026-09-10 01:19:18.020810
PAY-726A761C-BC19,CUST-00093,MERCH-044,116946,USD,SUCCESS,2026-09-19 00:21:38.020810
PAY-ED424B70-7998,CUST-00524,MERCH-017,7527,USD,SUCCESS,2026-09-17 19:29:07.020810
PAY-F68C97C3-534D,CUST-01157,MERCH-040,146734,EUR,SUCCESS,2026-09-29 19:05:44.020810
PAY-659A99AB-F028,CUST-00895,MERCH-014,68247,GBP,FAILED,2026-09-10 15:00:07.020810
PAY-EAD13450-7944,CUST-00766,MERCH-049,83688,USD,FAILED,2026-09-13 13:52:23.020810
PAY-6A900D1C-5035,CUST-00298,MERCH-029,29147,NGN,SUCCESS,2026-09-30 10:56:42.020810
PAY-7020593A-EAD1,CUST-00200,MERCH-008,15377,USD,SUCCESS,2026-09-06 03:39:53.020810
PAY-819C8222-7825,CUST-01436,MERCH-034,19065,USD,SUCCESS,2026-09-19 19:32:16.020810
PAY-A60E425E-1856,CUST-01095,MERCH-017,111725,USD,SUCCESS,2026-09-21 16:17:35.020810
PAY-4411E3D8-DF48,CUST-01048,MERCH-040,84781,EUR,SUCCESS,2026-09-28 15:32:04.020810
PAY-EA8614D5-868B,CUST-01222,MERCH-015,20521,USD,SUCCESS,2026-09-09 19:31:50.020810
PAY-BE467712-B657,CUST-00498,MERCH-023,108516,USD,SUCCESS,2026-09-29 18:17:56.020810
PAY-D4F9A14E-2118,CUST-00242,MERCH-033,14214,NGN,SUCCESS,2026-09-11 22:26:40.020810
PAY-9C77D426-C53A,CUST-01350,MERCH-030,72589,USD,SUCCESS,2026-09-11 09:31:46.020810
PAY-574BE849-2946,CUST-01420,MERCH-035,10955,GBP,FAILED,2026-09-02 03:52:38.020810
PAY-2A7507FF-3EAC,CUST-00320,MERCH-010,69888,USD,SUCCESS,2026-09-22 01:53:05.020810
PAY-D8F176B8-361B,CUST-00318,MERCH-023,130350,USD,SUCCESS,2026-10-01 16:06:55.020810
PAY-5BE64905-B591,CUST-01358,MERCH-009,88304,NGN,SUCCESS,2026-09-02 04:16:15.020810
PAY-648CA513-15D1,CUST-00680,MERCH-019,43482,EUR,SUCCESS,2026-09-28 07:04:58.020810
PAY-DE63F7E5-F619,CUST-01177,MERCH-034,144170,USD,FAILED,2026-09-25 06:24:21.020810
PAY-4E631824-71D8,CUST-00209,MERCH-046,37437,USD,PENDING,2026-10-01 08:36:35.020810
PAY-4A49250C-3B14,CUST-00132,MERCH-049,123833,USD,SUCCESS,2026-09-15 10:38:47.020810
PAY-54487534-12D5,CUST-01399,MERCH-017,142013,EUR,SUCCESS,2026-10-01 07:33:09.020810
PAY-39E1FDB4-A387,CUST-00574,MERCH-029,101843,USD,SUCCESS,2026-09-16 13:35:47.020810
PAY-9C6E1FCE-DD40,CUST-00011,MERCH-019,65487,EUR,SUCCESS,2026-09-10 05:30:13.020810
PAY-769A6904-DC27,CUST-00934,MERCH-007,144061,USD,SUCCESS,2026-09-25 03:30:14.020810
PAY-03710CBE-2513,CUST-00517,MERCH-044,47748,USD,PENDING,2026-09-24 18:57:11.020810
PAY-ADC68F46-2275,CUST-00166,MERCH-017,21084,USD,FAILED,2026-09-22 14:55:15.020810
PAY-AEB4F253-1C34,CUST-00939,MERCH-012,88567,USD,FAILED,2026-09-25 23:36:37.020810
PAY-267B462C-E655,CUST-01097,MERCH-004,90713,EUR,PENDING,2026-09-14 22:25:21.020810
PAY-D35A14D4-DA68,CUST-00296,MERCH-040,111602,USD,SUCCESS,2026-09-10 12:59:19.020810
PAY-4A5A3D6E-4BFB,CUST-00914,MERCH-028,136413,EUR,SUCCESS,2026-09-26 04:44:56.020810
PAY-7B7526F1-B529,CUST-01330,MERCH-040,142518,USD,PENDING,2026-09-23 20:17:58.020810
PAY-0659D865-B2E8,CUST-01075,MERCH-030,87176,USD,PENDING,2026-09-24 14:31:22.020810
PAY-5D606BB8-C5F0,CUST-00601,MERCH-018,134906,USD,FAILED,2026-09-17 17:57:26.020810
PAY-462467FE-B6ED,CUST-00529,MERCH-029,18659,USD,SUCCESS,2026-09-16 01:47:13.020810
PAY-BE56714C-6689,CUST-00483,MERCH-018,30789,NGN,SUCCESS,2026-09-01 23:10:02.020810
PAY-9E0EDC3D-217F,CUST-01251,MERCH-009,56344,GBP,SUCCESS,2026-09-29 23:23:23.020810
PAY-071E69D3-BB64,CUST-00852,MERCH-001,114523,USD,PENDING,2026-09-17 16:40:48.020810
PAY-65A81DB3-9DD3,CUST-00373,MERCH-045,87760,USD,FAILED,2026-09-23 18:45:52.020810
PAY-2FEFB628-A88A,CUST-01359,MERCH-005,55234,USD,PENDING,2026-09-29 23:36:07.020810
PAY-80E0567D-F8B8,CUST-00515,MERCH-025,135748,EUR,SUCCESS,2026-09-13 20:31:29.020810
PAY-AA50B56A-7077,CUST-01235,MERCH-002,40658,EUR,SUCCESS,2026-09-07 03:22:31.020810
PAY-10006052-F0BC,CUST-00571,MERCH-034,77729,USD,SUCCESS,2026-09-15 15:48:15.020810
PAY-B96C5F01-6EC3,CUST-00981,MERCH-039,111107,USD,SUCCESS,2026-09-13 12:36:31.020810
PAY-0D205F5B-5B5C,CUST-01473,MERCH-043,107224,USD,SUCCESS,2026-09-18 17:21:21.020810
PAY-ECBD0E9C-E0B4,CUST-00244,MERCH-005,107871,USD,SUCCESS,2026-09-19 05:47:09.020810
PAY-DF6D8C93-C521,CUST-01136,MERCH-026,35185,EUR,FAILED,2026-09-08 08:45:44.020810
PAY-8293F987-90C1,CUST-01437,MERCH-016,122484,USD,PENDING,2026-09-04 18:32:43.020810
PAY-D271696B-892B,CUST-00058,MERCH-043,88393,EUR,FAILED,2026-09-22 02:13:40.020810
PAY-81D7E3DD-C4A9,CUST-01257,MERCH-017,8431,USD,SUCCESS,2026-09-26 22:14:26.020810
PAY-10BF6588-467C,CUST-00648,MERCH-015,99791,GBP,FAILED,2026-09-06 17:11:25.020810
PAY-E5179303-BE08,CUST-00072,MERCH-009,118336,USD,SUCCESS,2026-09-08 02:16:36.020810
PAY-0841AD29-D406,CUST-01302,MERCH-020,65531,EUR,SUCCESS,2026-09-13 11:17:37.020810
PAY-EB2BC73F-A447,CUST-00109,MERCH-014,46705,GBP,SUCCESS,2026-09-23 02:49:09.020810
PAY-788BD49C-870A,CUST-01333,MERCH-046,18170,USD,SUCCESS,2026-09-25 15:28:47.020810
PAY-72EDBC17-1B0E,CUST-01100,MERCH-027,75019,USD,SUCCESS,2026-09-09 14:52:39.020810
PAY-7BCA5025-7836,CUST-00611,MERCH-030,110173,GBP,SUCCESS,2026-09-18 20:28:05.020810
PAY-EC7CA89C-8FD4,CUST-00386,MERCH-005,34594,GBP,SUCCESS,2026-09-06 20:41:15.020810
PAY-D0FFF860-F11F,CUST-01282,MERCH-005,143003,USD,SUCCESS,2026-09-11 22:31:01.020810
PAY-1F5F0D38-3819,CUST-01431,MERCH-001,143245,USD,FAILED,2026-09-25 14:52:46.020810
PAY-F28FF7BE-5114,CUST-00381,MERCH-036,141949,USD,SUCCESS,2026-09-25 11:03:59.020810
PAY-9F6B1635-76C7,CUST-00098,MERCH-026,20835,USD,SUCCESS,2026-09-21 23:05:41.020810
PAY-EEC71972-D5AD,CUST-00654,MERCH-045,91389,GBP,SUCCESS,2026-09-16 06:19:37.020810
PAY-12A94588-BC8E,CUST-01276,MERCH-033,135137,EUR,SUCCESS,2026-09-17 20:13:02.020810
PAY-0E77A08B-82C1,CUST-00822,MERCH-025,93204,USD,SUCCESS,2026-09-13 00:04:44.020810
PAY-7079B2DE-1AA9,CUST-00887,MERCH-021,21446,GBP,FAILED,2026-09-16 03:34:55.020810
PAY-4C5E32FF-3090,CUST-01071,MERCH-002,144934,USD,SUCCESS,2026-09-09 18:43:04.020810
PAY-C3D67361-5516,CUST-01394,MERCH-034,89258,USD,SUCCESS,2026-09-10 07:16:10.020810
PAY-554CF999-4B3D,CUST-00286,MERCH-005,137682,USD,SUCCESS,2026-09-10 01:50:05.020810
PAY-8228DCA6-C10B,CUST-01444,MERCH-035,113953,USD,SUCCESS,2026-09-20 06:21:03.020810
PAY-EF3289DD-1EAB,CUST-01197,MERCH-003,71936,USD,PENDING,2026-09-17 02:28:21.020810
PAY-5E7CC208-9CD3,CUST-00799,MERCH-038,138380,USD,PENDING,2026-10-01 03:54:23.020810
PAY-45EAFF66-DC7B,CUST-00636,MERCH-012,131965,USD,SUCCESS,2026-09-27 19:40:27.020810
PAY-04A14F76-F5B5,CUST-00321,MERCH-045,75619,USD,SUCCESS,2026-09-27 14:43:58.020810
PAY-39495D62-6171,CUST-00920,MERCH-003,40900,USD,SUCCESS,2026-09-17 16:43:58.020810
PAY-5E6E64EB-596D,CUST-00092,MERCH-016,58229,NGN,SUCCESS,2026-09-05 14:30:53.020810
PAY-84C97783-23F9,CUST-01382,MERCH-011,142161,NGN,SUCCESS,2026-10-01 16:55:27.020810
PAY-5F5E10D0-2F58,CUST-01138,MERCH-030,44431,USD,SUCCESS,2026-09-06 04:24:45.020810
PAY-B3290F0D-E76F,CUST-00430,MERCH-048,4896,EUR,SUCCESS,2026-09-09 11:50:16.020810
PAY-977A1349-F26D,CUST-00426,MERCH-028,137589,NGN,SUCCESS,2026-09-20 06:49:41.020810
PAY-8DA677B3-E620,CUST-00894,MERCH-019,116502,EUR,SUCCESS,2026-09-07 21:53:44.020810
PAY-5631F820-501E,CUST-00985,MERCH-035,36199,USD,SUCCESS,2026-09-20 15:38:25.020810
PAY-986B5A67-64DF,CUST-00876,MERCH-035,49298,USD,SUCCESS,2026-09-18 03:54:03.020810
PAY-0A158010-A03C,CUST-00966,MERCH-010,121811,USD,SUCCESS,2026-09-27 10:44:06.020810
PAY-3936381D-2EE0,CUST-00776,MERCH-002,39701,USD,SUCCESS,2026-09-13 13:32:25.020810
PAY-CF4B7952-92A5,CUST-00013,MERCH-033,118159,USD,SUCCESS,2026-09-25 05:03:47.020810
PAY-F599BDE7-FD79,CUST-01150,MERCH-015,115222,NGN,PENDING,2026-09-14 19:10:34.020810
PAY-A9E7BFE0-D2B8,CUST-00164,MERCH-048,107113,USD,PENDING,2026-09-02 02:38:28.020810
PAY-5D1D823A-0A34,CUST-00373,MERCH-043,60152,EUR,SUCCESS,2026-09-27 19:46:33.020810
PAY-90951C22-9B28,CUST-00455,MERCH-018,97043,USD,PENDING,2026-09-18 14:25:37.020810
PAY-3CE2A636-FDE4,CUST-00984,MERCH-016,111985,EUR,FAILED,2026-09-18 08:47:35.020810
PAY-A6C36BE9-3D0D,CUST-00356,MERCH-013,119229,GBP,SUCCESS,2026-09-08 00:33:46.020810
PAY-C6FE1390-8EC9,CUST-01024,MERCH-042,15162,USD,SUCCESS,2026-09-03 12:46:31.020810
PAY-8D511BF4-448C,CUST-00522,MERCH-022,89539,USD,SUCCESS,2026-09-12 02:18:49.020810
PAY-D6A5C5CA-E97B,CUST-01087,MERCH-023,123659,USD,SUCCESS,2026-09-30 02:36:47.020810
PAY-E3ED4B77-C501,CUST-00448,MERCH-004,121684,USD,SUCCESS,2026-09-07 20:47:24.020810
PAY-2FB14C96-C72B,CUST-00452,MERCH-048,45120,USD,SUCCESS,2026-09-07 21:38:54.020810
PAY-C47840C3-5652,CUST-01128,MERCH-023,6436,USD,SUCCESS,2026-09-23 12:20:15.020810
PAY-C3644FD5-01DF,CUST-00640,MERCH-046,67234,NGN,SUCCESS,2026-09-09 16:21:08.020810
PAY-57606422-C73C,CUST-00086,MERCH-049,87287,USD,PENDING,2026-09-09 03:44:29.020810
PAY-040C05BA-B88F,CUST-00701,MERCH-022,108121,USD,FAILED,2026-09-15 20:28:38.020810
PAY-0C5A6FA9-6FF6,CUST-01068,MERCH-039,118430,USD,FAILED,2026-09-12 13:55:30.020810
PAY-EC55B886-B636,CUST-00939,MERCH-042,77353,NGN,SUCCESS,2026-09-03 15:15:12.020810
PAY-DA045A7C-7853,CUST-00214,MERCH-007,125457,USD,PENDING,2026-09-21 22:21:49.020810
PAY-E6A9526E-15AB,CUST-01143,MERCH-035,94789,GBP,FAILED,2026-09-05 02:45:25.020810
PAY-9B2B2ECD-4DF7,CUST-01196,MERCH-027,105287,USD,FAILED,2026-09-15 14:48:35.020810
PAY-C66D96BF-5C68,CUST-01321,MERCH-030,138818,USD,SUCCESS,2026-09-13 01:28:36.020810
PAY-AFAD3A61-419D,CUST-00801,MERCH-022,3163,USD,SUCCESS,2026-09-20 05:03:19.020810
PAY-B282CCD4-BBF9,CUST-00609,MERCH-018,69851,EUR,SUCCESS,2026-09-26 18:05:31.020810
PAY-E67B2A6A-75F9,CUST-01375,MERCH-028,60338,USD,SUCCESS,2026-09-26 00:06:18.020810
PAY-C62A5A09-B994,CUST-00425,MERCH-012,18995,NGN,SUCCESS,2026-09-10 09:56:37.020810
PAY-EDCE0282-1135,CUST-01413,MERCH-011,143201,USD,SUCCESS,2026-09-15 12:24:11.020810
PAY-F50ACFF2-B7E9,CUST-01234,MERCH-022,140657,USD,SUCCESS,2026-09-18 20:35:27.020810
PAY-DE939367-DFBF,CUST-00953,MERCH-045,8104,USD,SUCCESS,2026-09-23 00:09:07.020810
PAY-EE9D2F8E-1F9E,CUST-00022,MERCH-043,42883,NGN,SUCCESS,2026-09-22 07:18:06.020810
PAY-34FC089C-1DC5,CUST-00490,MERCH-044,69121,USD,SUCCESS,2026-10-01 14:40:16.020810
PAY-88FF8B93-58C8,CUST-00641,MERCH-038,73650,USD,SUCCESS,2026-09-30 12:52:53.020810
PAY-52884934-FF60,CUST-00327,MERCH-027,8829,USD,SUCCESS,2026-09-15 02:06:27.020810
PAY-156A74BF-0207,CUST-01000,MERCH-027,146031,USD,SUCCESS,2026-09-02 22:11:13.020810
PAY-A0A36DE2-B442,CUST-01218,MERCH-021,16007,USD,FAILED,2026-09-11 18:34:53.020810
PAY-14FB2521-38D7,CUST-00175,MERCH-009,59584,USD,SUCCESS,2026-09-04 01:10:51.020810
PAY-11BEB67D-C28A,CUST-00502,MERCH-037,8085,USD,PENDING,2026-09-26 14:18:31.020810
PAY-B9A23A64-1807,CUST-01421,MERCH-008,132765,GBP,SUCCESS,2026-09-13 11:21:12.020810
PAY-F935E04A-BF6F,CUST-01022,MERCH-006,38191,NGN,SUCCESS,2026-09-20 00:10:14.020810
PAY-37D18E56-4F46,CUST-01115,MERCH-015,93784,NGN,SUCCESS,2026-09-13 18:50:30.020810
PAY-41FB7E14-A24E,CUST-00869,MERCH-036,84508,USD,SUCCESS,2026-09-04 08:20:15.020810
PAY-CACFA3AC-7959,CUST-01123,MERCH-050,10511,USD,SUCCESS,2026-09-05 10:23:00.020810
PAY-59330E19-F4C6,CUST-01108,MERCH-044,31162,USD,SUCCESS,2026-09-02 13:53:26.020810
PAY-7A93615E-0F7E,CUST-00750,MERCH-014,120308,USD,SUCCESS,2026-09-11 19:01:15.020810
PAY-27168B5D-E0B0,CUST-00574,MERCH-013,106327,NGN,PENDING,2026-09-17 14:05:54.020810
PAY-05999ACF-709B,CUST-00939,MERCH-002,118425,NGN,FAILED,2026-09-08 00:50:12.020810
PAY-C8536A08-FF88,CUST-01006,MERCH-011,121297,EUR,SUCCESS,2026-09-26 14:07:27.020810
PAY-12C07AFB-8412,CUST-00146,MERCH-021,96396,USD,SUCCESS,2026-09-20 06:03:17.020810
PAY-26E2814E-59FD,CUST-01246,MERCH-028,121788,USD,PENDING,2026-09-19 15:02:52.020810
PAY-DCDE474A-238D,CUST-01428,MERCH-038,93155,USD,PENDING,2026-09-16 02:50:25.020810
PAY-3BD1180E-A647,CUST-01014,MERCH-022,90483,USD,FAILED,2026-09-29 08:21:42.020810
PAY-CEDE1F0F-8F0D,CUST-01253,MERCH-037,96928,USD,SUCCESS,2026-09-19 18:15:59.020810
PAY-33DC0592-E5EF,CUST-00053,MERCH-022,63412,NGN,SUCCESS,2026-09-17 11:55:22.020810
PAY-0C875DCD-5D86,CUST-01410,MERCH-041,35628,USD,SUCCESS,2026-09-20 12:45:19.020810
PAY-C7FCC01B-39BD,CUST-01154,MERCH-046,116658,USD,SUCCESS,2026-09-05 18:52:05.020810
PAY-A16F604D-D75E,CUST-00235,MERCH-020,96064,EUR,SUCCESS,2026-09-26 16:58:53.020810
PAY-7FC84E40-B3A2,CUST-00587,MERCH-005,59287,USD,SUCCESS,2026-09-28 21:38:55.020810
PAY-97DE2312-DE62,CUST-01279,MERCH-023,82536,GBP,FAILED,2026-09-09 13:07:58.020810
PAY-E306659E-9E9B,CUST-00269,MERCH-048,38094,USD,SUCCESS,2026-09-19 13:44:44.020810
PAY-E23D8660-5B1D,CUST-00127,MERCH-030,131735,USD,FAILED,2026-09-27 11:12:43.020810
PAY-9768E1DB-89F8,CUST-00336,MERCH-050,103878,EUR,PENDING,2026-09-05 08:45:48.020810
PAY-85BD0D5D-957E,CUST-01332,MERCH-021,18090,USD,SUCCESS,2026-09-06 10:21:57.020810
PAY-3379C630-ECF0,CUST-01250,MERCH-041,24756,USD,SUCCESS,2026-09-10 17:42:04.020810
PAY-C07FBCD6-6735,CUST-00614,MERCH-024,77936,USD,SUCCESS,2026-09-25 14:44:37.020810
PAY-A6A3A042-756B,CUST-01456,MERCH-019,39543,EUR,SUCCESS,2026-09-17 06:37:57.020810
PAY-858BC643-4F7F,CUST-00123,MERCH-014,36022,GBP,SUCCESS,2026-09-03 17:12:49.020810
PAY-6366A253-5DFA,CUST-00970,MERCH-041,69201,NGN,PENDING,2026-09-20 11:35:02.020810
PAY-DB479565-820A,CUST-00949,MERCH-013,134951,NGN,FAILED,2026-09-03 00:09:27.020810
PAY-1786026D-6221,CUST-01497,MERCH-050,37592,GBP,SUCCESS,2026-09-28 07:24:17.020810
PAY-3F978A68-15DF,CUST-00615,MERCH-004,95494,USD,SUCCESS,2026-09-10 21:52:14.020810
PAY-7C508C75-677C,CUST-01400,MERCH-016,24502,EUR,PENDING,2026-09-10 02:56:17.020810
PAY-430745FA-95C3,CUST-00346,MERCH-048,75402,USD,SUCCESS,2026-09-15 13:40:22.020810
PAY-8A30772C-5EBB,CUST-00020,MERCH-048,53000,EUR,PENDING,2026-09-10 03:36:06.020810
PAY-7F64A931-18E8,CUST-00894,MERCH-015,6280,USD,SUCCESS,2026-09-15 19:33:16.020810
PAY-23D466F9-CA69,CUST-01180,MERCH-017,46644,USD,SUCCESS,2026-09-06 03:20:40.020810
PAY-1F6FA067-C687,CUST-01468,MERCH-006,10667,USD,SUCCESS,2026-09-28 12:56:29.020810
PAY-AE889DBD-3C14,CUST-00741,MERCH-046,93189,GBP,SUCCESS,2026-09-09 18:09:25.020810
PAY-614F0355-5F9F,CUST-00980,MERCH-037,149445,USD,FAILED,2026-09-17 03:30:16.020810
PAY-DEB39A45-C218,CUST-00126,MERCH-046,74506,NGN,PENDING,2026-09-03 01:32:34.020810
PAY-FF1C99DE-FCA5,CUST-00980,MERCH-039,23710,USD,PENDING,2026-09-14 00:49:05.020810
PAY-E2090076-A735,CUST-00280,MERCH-042,40834,USD,FAILED,2026-09-13 05:55:39.020810
PAY-8F86B60B-587E,CUST-00666,MERCH-020,2639,EUR,SUCCESS,2026-09-21 11:57:23.020810
PAY-3834FD0B-B890,CUST-00177,MERCH-036,23296,USD,SUCCESS,2026-09-30 14:39:04.020810
PAY-F9FB5717-89B9,CUST-00234,MERCH-014,61638,GBP,SUCCESS,2026-09-16 10:45:02.020810
PAY-9F49A03A-925F,CUST-00537,MERCH-033,124491,EUR,SUCCESS,2026-09-19 13:38:54.020810
PAY-9CF0710E-9C0A,CUST-00141,MERCH-013,113852,USD,PENDING,2026-09-12 03:54:50.020810
PAY-8AF68F0D-85E1,CUST-01418,MERCH-012,112571,GBP,PENDING,2026-09-24 04:05:16.020810
PAY-74498BEF-36B4,CUST-01120,MERCH-027,49164,USD,SUCCESS,2026-09-05 23:46:04.020810
PAY-DA68AC59-9D93,CUST-01011,MERCH-016,34165,USD,SUCCESS,2026-09-15 20:28:40.020810
PAY-22AEB6E7-9E65,CUST-00238,MERCH-050,40014,USD,FAILED,2026-09-07 09:55:11.020810
PAY-31158947-1173,CUST-00054,MERCH-050,23126,USD,SUCCESS,2026-09-09 18:55:26.020810
PAY-0B51523E-FAE9,CUST-01426,MERCH-046,132227,USD,SUCCESS,2026-09-11 15:39:14.020810
PAY-5389A758-3F67,CUST-00172,MERCH-015,24687,EUR,SUCCESS,2026-09-03 16:08:03.020810
PAY-91EEDB73-9E9C,CUST-00594,MERCH-038,147427,USD,SUCCESS,2026-09-16 13:54:32.020810
PAY-5B9DE34A-AF18,CUST-00071,MERCH-011,13801,NGN,PENDING,2026-09-27 06:36:31.020810
PAY-DDBE3CA0-77C0,CUST-01139,MERCH-035,18911,EUR,SUCCESS,2026-09-27 09:41:43.020810
PAY-940D6E24-99F0,CUST-01185,MERCH-025,79672,USD,SUCCESS,2026-09-21 18:24:07.020810
PAY-09671DCE-1770,CUST-00739,MERCH-011,31175,NGN,PENDING,2026-09-10 21:31:29.020810
PAY-7996600F-DD30,CUST-01173,MERCH-007,9963,GBP,SUCCESS,2026-09-29 16:56:49.020810
PAY-84A42D0D-56C9,CUST-01051,MERCH-010,57374,NGN,SUCCESS,2026-09-05 03:52:02.020810
PAY-7FBBE967-ED1B,CUST-00394,MERCH-021,147716,GBP,SUCCESS,2026-09-20 19:33:02.020810
PAY-5578A7B7-41D4,CUST-01490,MERCH-045,25167,USD,SUCCESS,2026-09-11 19:14:36.020810
PAY-E3ED9AF8-7C89,CUST-00906,MERCH-010,113494,USD,SUCCESS,2026-09-13 02:14:36.020810
PAY-9D3E73F3-E077,CUST-01283,MERCH-026,14612,GBP,SUCCESS,2026-09-25 11:58:56.020810
PAY-FB7A0518-2AC3,CUST-00616,MERCH-046,127444,USD,SUCCESS,2026-09-05 02:49:12.020810
PAY-F69EAC78-8D4F,CUST-00175,MERCH-001,144117,USD,PENDING,2026-09-12 07:46:38.020810
PAY-98EB8A2E-6C1C,CUST-01154,MERCH-006,133191,USD,SUCCESS,2026-09-07 08:21:07.020810
PAY-719BD180-174F,CUST-00982,MERCH-019,84663,NGN,PENDING,2026-09-03 11:51:35.020810
PAY-A2CBFEB1-6E8F,CUST-00062,MERCH-008,54487,USD,FAILED,2026-09-13 08:51:11.020810
PAY-ACD0B103-C958,CUST-00326,MERCH-002,71916,EUR,FAILED,2026-09-13 20:18:53.020810
PAY-203D5B5E-AB58,CUST-00540,MERCH-038,113184,USD,PENDING,2026-09-19 14:48:06.020810
PAY-FEBE924E-2F9C,CUST-00057,MERCH-032,67635,USD,SUCCESS,2026-09-05 11:27:05.020810
PAY-A8E7BA39-B4BC,CUST-01064,MERCH-031,90924,USD,SUCCESS,2026-09-20 17:33:11.020810
PAY-E7F3281E-825B,CUST-00119,MERCH-046,119456,NGN,SUCCESS,2026-09-25 19:59:34.020810
PAY-67BCBE14-4421,CUST-00711,MERCH-049,94375,USD,SUCCESS,2026-09-09 05:01:36.020810
PAY-DE7948F7-C655,CUST-01449,MERCH-042,40352,USD,PENDING,2026-09-24 01:13:58.020810
PAY-DBF7F10B-BA94,CUST-00464,MERCH-005,55279,USD,SUCCESS,2026-09-20 01:48:19.020810
PAY-CA162465-0751,CUST-00241,MERCH-026,51839,EUR,FAILED,2026-09-03 00:35:47.020810
PAY-2F9B0EF1-E164,CUST-01357,MERCH-032,20640,EUR,SUCCESS,2026-09-26 05:11:36.020810
PAY-C11E5989-407C,CUST-00191,MERCH-042,83195,GBP,FAILED,2026-09-04 10:07:09.020810
PAY-3D26F265-DEB5,CUST-01414,MERCH-049,8620,EUR,PENDING,2026-09-23 02:14:11.020810
PAY-76FC16BA-32D0,CUST-00385,MERCH-049,99882,GBP,FAILED,2026-09-29 14:10:11.020810
PAY-DA7539B0-1E77,CUST-00422,MERCH-004,105079,NGN,SUCCESS,2026-09-22 08:47:56.020810
PAY-3BD2B89B-9A9F,CUST-00946,MERCH-002,91036,USD,SUCCESS,2026-09-02 10:06:39.020810
PAY-70DB74A5-96DF,CUST-01217,MERCH-039,106037,USD,FAILED,2026-09-15 09:30:15.020810
PAY-BF3C62D8-E960,CUST-01224,MERCH-026,64873,GBP,FAILED,2026-09-21 00:58:39.020810
PAY-71BA3BAE-EA2B,CUST-01466,MERCH-009,57699,NGN,SUCCESS,2026-09-13 18:55:13.020810
PAY-FA1BC75E-5C55,CUST-01414,MERCH-030,8175,EUR,SUCCESS,2026-09-04 15:14:23.020810
PAY-942230D6-7998,CUST-01010,MERCH-007,137579,USD,SUCCESS,2026-09-17 05:00:31.020810
PAY-A5BEBA37-9D0B,CUST-00019,MERCH-002,130386,GBP,SUCCESS,2026-09-29 21:56:13.020810
PAY-3C8608CC-A76D,CUST-00135,MERCH-018,147152,GBP,SUCCESS,2026-09-04 02:45:46.020810
PAY-F44653EE-091C,CUST-00862,MERCH-013,48368,USD,SUCCESS,2026-09-13 21:03:03.020810
PAY-EB2C4E77-E687,CUST-00443,MERCH-020,8527,USD,PENDING,2026-09-12 05:15:28.020810
PAY-7F740B93-78DF,CUST-00832,MERCH-022,129191,USD,PENDING,2026-09-27 16:56:52.020810
PAY-05995FFC-0697,CUST-00601,MERCH-019,138422,NGN,PENDING,2026-09-28 01:19:49.020810
PAY-A8C9A0A5-302D,CUST-01131,MERCH-013,64307,USD,PENDING,2026-09-10 01:32:10.020810
PAY-F54EE6AD-AE40,CUST-00959,MERCH-022,1864,USD,SUCCESS,2026-09-30 20:59:01.020810
PAY-324DA893-A45C,CUST-01184,MERCH-032,37761,USD,PENDING,2026-09-10 19:29:02.020810
PAY-AA50FD1E-BF0C,CUST-01075,MERCH-021,37560,USD,SUCCESS,2026-09-28 01:21:46.020810
PAY-28A2D966-6FCD,CUST-01405,MERCH-024,89016,USD,SUCCESS,2026-09-28 11:27:52.020810
PAY-43D05530-D6D7,CUST-00562,MERCH-023,30009,USD,PENDING,2026-09-17 02:46:57.020810
PAY-D1899276-F215,CUST-00434,MERCH-040,110818,USD,PENDING,2026-09-07 07:23:33.020810
PAY-5F979097-8858,CUST-00050,MERCH-014,136652,EUR,PENDING,2026-09-16 20:18:55.020810
PAY-85BABE9D-3780,CUST-00339,MERCH-050,112793,USD,SUCCESS,2026-09-13 04:13:39.020810
PAY-396A5E7B-BDD1,CUST-01016,MERCH-035,54551,USD,SUCCESS,2026-09-28 23:33:46.020810
PAY-203F5590-571A,CUST-01122,MERCH-046,51736,GBP,SUCCESS,2026-09-25 11:57:45.020810
PAY-1C1D129C-3EB4,CUST-00812,MERCH-037,38607,GBP,FAILED,2026-09-11 02:28:46.020810
PAY-368E5A0E-B5EC,CUST-00493,MERCH-035,9030,USD,SUCCESS,2026-09-02 13:59:24.020810
PAY-4873B46E-2A91,CUST-00529,MERCH-045,108292,USD,SUCCESS,2026-09-13 04:26:06.020810
PAY-63DFB5FD-7374,CUST-00523,MERCH-029,136521,EUR,PENDING,2026-09-19 10:23:20.020810
PAY-A77FF271-B4D6,CUST-00638,MERCH-027,72188,USD,SUCCESS,2026-09-22 04:47:53.020810
PAY-189738EB-857F,CUST-01060,MERCH-028,70164,USD,SUCCESS,2026-09-25 00:58:28.020810
PAY-0834C06F-26DD,CUST-00202,MERCH-026,129237,GBP,FAILED,2026-09-12 23:11:42.020810
PAY-3EEA96B4-007F,CUST-00181,MERCH-009,105442,EUR,PENDING,2026-09-03 15:09:09.020810
PAY-18002E2B-D526,CUST-00467,MERCH-007,87772,USD,SUCCESS,2026-09-23 23:03:49.020810
PAY-90DEE146-BFA3,CUST-00707,MERCH-011,116437,USD,PENDING,2026-09-29 16:12:58.020810
PAY-B280E565-E269,CUST-00985,MERCH-026,32436,EUR,SUCCESS,2026-09-03 13:40:03.020810
PAY-F72EF2DA-E810,CUST-00533,MERCH-023,79643,USD,SUCCESS,2026-09-26 16:19:42.020810
PAY-8B6DC57C-F323,CUST-00010,MERCH-033,29573,NGN,SUCCESS,2026-09-06 18:42:19.020810
PAY-45A619C4-43B6,CUST-00552,MERCH-017,97459,GBP,SUCCESS,2026-09-05 14:46:53.020810
PAY-4BFC6D0D-D0DB,CUST-00900,MERCH-012,30054,USD,FAILED,2026-09-28 04:03:18.020810
PAY-CB9D7AD3-7656,CUST-01448,MERCH-020,99916,USD,FAILED,2026-09-12 03:43:25.020810
PAY-ADE67ED4-9092,CUST-00141,MERCH-005,141799,EUR,SUCCESS,2026-09-21 20:37:08.020810
PAY-9DEA4A17-BFA5,CUST-00781,MERCH-008,80956,GBP,SUCCESS,2026-09-06 17:00:11.020810
PAY-20A1C0A1-06D9,CUST-00792,MERCH-002,98817,USD,FAILED,2026-09-11 09:09:39.020810
PAY-A5288FA3-1A29,CUST-00156,MERCH-006,44117,USD,SUCCESS,2026-09-26 19:50:13.020810
PAY-956CF668-B015,CUST-00819,MERCH-048,87753,NGN,SUCCESS,2026-09-02 19:58:49.020810
PAY-F2752E50-82DA,CUST-00700,MERCH-022,99874,GBP,PENDING,2026-09-14 20:18:47.020810
PAY-1865C3AA-A64A,CUST-00719,MERCH-017,104895,USD,SUCCESS,2026-09-10 06:36:17.020810
PAY-7B84B595-2E06,CUST-01026,MERCH-016,133290,USD,SUCCESS,2026-09-20 04:39:38.020810
PAY-712666C2-6074,CUST-00524,MERCH-050,131527,GBP,FAILED,2026-09-12 23:52:39.020810
PAY-42B74A89-BB82,CUST-00926,MERCH-006,7657,USD,SUCCESS,2026-09-14 17:10:19.020810
PAY-27FDB2D9-4937,CUST-00407,MERCH-019,83012,NGN,SUCCESS,2026-09-14 23:53:56.020810
PAY-75044F31-0B2F,CUST-00576,MERCH-022,93344,GBP,FAILED,2026-09-29 06:19:50.020810
PAY-C7BD4A45-D499,CUST-01382,MERCH-027,8013,USD,SUCCESS,2026-09-22 08:10:35.020810
PAY-55EAF5A0-6A6C,CUST-00019,MERCH-015,23105,EUR,SUCCESS,2026-09-02 02:16:57.020810
PAY-0ABB96C1-8F77,CUST-00190,MERCH-039,36588,USD,FAILED,2026-09-21 20:08:32.020810
PAY-19FD7102-4AE9,CUST-00312,MERCH-032,58314,GBP,SUCCESS,2026-09-09 00:45:43.020810
PAY-D89AB126-9116,CUST-01071,MERCH-025,124120,USD,SUCCESS,2026-09-30 06:08:51.020810
PAY-733C894F-DE7D,CUST-00547,MERCH-044,26448,USD,SUCCESS,2026-09-07 20:39:03.020810
PAY-FFF331FB-C9C0,CUST-01335,MERCH-047,54936,USD,SUCCESS,2026-09-23 08:40:39.020810
PAY-F0A0FB9F-22C7,CUST-00800,MERCH-034,140767,USD,SUCCESS,2026-09-13 00:12:13.020810
PAY-6A7D1BA5-840E,CUST-00753,MERCH-043,85655,USD,SUCCESS,2026-09-04 10:41:01.020810
PAY-772FCA4F-3244,CUST-01391,MERCH-041,6129,USD,PENDING,2026-09-23 15:37:20.020810
PAY-F6F8553C-7836,CUST-01200,MERCH-013,8200,USD,SUCCESS,2026-09-14 07:31:32.020810
PAY-0341AF0D-82E0,CUST-01467,MERCH-039,22791,NGN,SUCCESS,2026-09-29 14:28:04.020810
PAY-AF14307D-3C11,CUST-00833,MERCH-044,9189,GBP,SUCCESS,2026-09-19 06:27:00.020810
PAY-42006935-F4A3,CUST-01114,MERCH-008,50038,USD,SUCCESS,2026-09-05 03:19:09.020810
PAY-17071CA1-9846,CUST-00844,MERCH-045,5549,USD,SUCCESS,2026-09-14 08:40:19.020810
PAY-9183EA75-1BCD,CUST-00493,MERCH-018,66528,USD,SUCCESS,2026-09-27 08:59:39.020810
PAY-703C7CD7-D177,CUST-01151,MERCH-018,124719,NGN,SUCCESS,2026-09-10 22:10:53.020810
PAY-441820A4-22CF,CUST-00950,MERCH-003,110593,USD,SUCCESS,2026-09-02 12:21:40.020810
PAY-C77B9C78-7EE1,CUST-00354,MERCH-032,87196,USD,FAILED,2026-09-29 10:46:10.020810
PAY-3FF3A94C-DDDB,CUST-01460,MERCH-043,88418,USD,SUCCESS,2026-09-29 17:44:50.020810
PAY-8E47F63D-1623,CUST-01454,MERCH-008,48011,EUR,PENDING,2026-09-16 13:24:10.020810
PAY-ED2474B6-03D0,CUST-01217,MERCH-023,75233,USD,SUCCESS,2026-09-14 03:23:02.020810
PAY-1B08EA39-33D4,CUST-01256,MERCH-048,112631,USD,SUCCESS,2026-09-20 13:18:32.020810
PAY-C662C318-D9FD,CUST-01180,MERCH-022,36725,USD,SUCCESS,2026-09-16 00:21:25.020810
PAY-D79EB465-C504,CUST-00174,MERCH-048,93227,NGN,SUCCESS,2026-09-24 20:44:48.020810
PAY-45F4717F-FF5A,CUST-00892,MERCH-009,90361,USD,SUCCESS,2026-09-24 19:11:56.020810
PAY-E7BCD04B-09CF,CUST-00346,MERCH-033,3640,USD,SUCCESS,2026-09-02 03:13:22.020810
PAY-BC9266F3-AD58,CUST-00230,MERCH-027,117633,USD,SUCCESS,2026-09-05 00:03:41.020810
PAY-A40F9909-AE0B,CUST-00420,MERCH-018,121337,USD,SUCCESS,2026-09-16 14:44:42.020810
PAY-4DF83844-2D06,CUST-01188,MERCH-043,84104,USD,SUCCESS,2026-09-15 13:44:04.020810
PAY-DD40C10E-E21F,CUST-01199,MERCH-012,82562,USD,SUCCESS,2026-09-13 03:05:39.020810
PAY-2531E37F-FFFF,CUST-01381,MERCH-008,56299,USD,FAILED,2026-09-21 15:03:32.020810
PAY-6B49DE5F-E853,CUST-01129,MERCH-015,111272,EUR,SUCCESS,2026-09-09 15:17:28.020810
PAY-A5C79805-BC7C,CUST-00571,MERCH-047,128010,GBP,SUCCESS,2026-09-26 17:29:42.020810
PAY-BDB8D93E-FB94,CUST-01472,MERCH-006,14399,GBP,SUCCESS,2026-09-03 23:59:52.020810
PAY-838DC649-A82B,CUST-00186,MERCH-029,122429,USD,SUCCESS,2026-09-02 09:03:23.020810
PAY-AE3C6AA4-5FBE,CUST-01140,MERCH-007,74914,USD,PENDING,2026-09-07 20:21:02.020810
PAY-51BA080A-AA13,CUST-01304,MERCH-042,118064,USD,SUCCESS,2026-09-18 03:48:14.020810
PAY-11D9BD7E-603C,CUST-00830,MERCH-005,11235,USD,SUCCESS,2026-09-13 09:07:15.020810
PAY-86CBBE11-54E5,CUST-00555,MERCH-050,79598,USD,SUCCESS,2026-09-29 05:57:11.020810
PAY-D84D5139-8182,CUST-01146,MERCH-019,76107,USD,PENDING,2026-09-06 02:53:16.020810
PAY-8AC424FE-5154,CUST-00356,MERCH-041,82650,USD,SUCCESS,2026-09-13 15:53:48.020810
PAY-3858A7F3-5DE7,CUST-01462,MERCH-023,142535,EUR,PENDING,2026-09-09 00:39:50.020810
PAY-E94E5E5B-459B,CUST-00414,MERCH-041,127218,USD,SUCCESS,2026-09-12 02:39:55.020810
PAY-FEE7C389-79AD,CUST-00347,MERCH-044,124198,NGN,SUCCESS,2026-09-27 17:21:56.020810
PAY-3B5B3BE3-B2A6,CUST-01461,MERCH-023,129459,USD,SUCCESS,2026-09-21 10:29:48.020810
PAY-898FA52D-9FE8,CUST-01176,MERCH-036,55057,NGN,PENDING,2026-09-07 19:28:13.020810
PAY-A8266636-D915,CUST-00099,MERCH-009,85883,GBP,SUCCESS,2026-09-21 21:11:00.020810
PAY-9364979C-3154,CUST-00775,MERCH-018,124324,USD,SUCCESS,2026-09-23 21:52:15.020810
PAY-7003F6D6-E45D,CUST-00197,MERCH-006,136199,GBP,PENDING,2026-09-18 08:14:36.020810
PAY-839D7A87-AE4A,CUST-01148,MERCH-009,138043,USD,SUCCESS,2026-09-04 21:37:45.020810
PAY-AE3F78FA-592A,CUST-00960,MERCH-003,73269,USD,SUCCESS,2026-09-27 02:03:45.020810
PAY-753DFAF8-B38C,CUST-00150,MERCH-047,128332,EUR,SUCCESS,2026-09-01 20:33:17.020810
PAY-1DF12290-A2EB,CUST-01491,MERCH-037,30907,USD,SUCCESS,2026-09-07 14:57:27.020810
PAY-092BB8DB-395E,CUST-00854,MERCH-008,79325,GBP,PENDING,2026-09-05 10:48:53.020810
PAY-1E339607-8FDB,CUST-00822,MERCH-017,100593,NGN,FAILED,2026-09-14 02:47:47.020810
PAY-8F3CFBD6-6297,CUST-01460,MERCH-042,27519,USD,SUCCESS,2026-09-05 17:24:30.020810
PAY-3FB988F1-9EA8,CUST-01194,MERCH-033,16320,NGN,SUCCESS,2026-09-13 11:06:46.020810
PAY-2EC70699-2195,CUST-01181,MERCH-030,80042,EUR,SUCCESS,2026-09-19 09:23:49.020810
PAY-93B0CC2B-E71F,CUST-00354,MERCH-047,128812,GBP,SUCCESS,2026-09-16 10:00:56.020810
PAY-A8FB78FF-76B8,CUST-00436,MERCH-047,143793,USD,SUCCESS,2026-09-26 19:35:04.020810
PAY-DFBCB0A3-0F4F,CUST-01335,MERCH-049,48924,GBP,SUCCESS,2026-09-18 02:13:14.020810
PAY-428051CD-A55B,CUST-00494,MERCH-032,77148,USD,SUCCESS,2026-09-25 04:45:18.020810
PAY-8DEDF009-BCD0,CUST-01146,MERCH-044,120690,EUR,FAILED,2026-09-25 19:34:47.020810
PAY-54449E8B-04EF,CUST-00010,MERCH-004,147383,EUR,SUCCESS,2026-09-24 12:19:52.020810
PAY-A5AA47C9-134A,CUST-01148,MERCH-008,89795,NGN,SUCCESS,2026-09-08 21:29:42.020810
PAY-D3133B58-DDB7,CUST-00497,MERCH-012,25353,GBP,SUCCESS,2026-09-17 23:43:06.020810
PAY-7B9EF981-4E8B,CUST-00322,MERCH-006,8572,USD,PENDING,2026-09-28 16:43:40.020810
PAY-C83708FA-9BA3,CUST-01128,MERCH-011,106977,USD,SUCCESS,2026-09-09 19:35:29.020810
PAY-445E0264-BC2F,CUST-00990,MERCH-037,16334,USD,FAILED,2026-09-30 04:24:46.020810
PAY-47CD652B-01F0,CUST-01259,MERCH-027,108486,USD,SUCCESS,2026-09-21 11:03:33.020810
PAY-6A3E511D-468E,CUST-01491,MERCH-002,142357,NGN,SUCCESS,2026-09-08 23:05:32.020810
PAY-F2BEEC9C-EA25,CUST-00882,MERCH-024,144499,USD,SUCCESS,2026-09-11 15:00:56.020810
PAY-8C7F58F0-4E8B,CUST-00441,MERCH-037,120922,NGN,SUCCESS,2026-09-19 06:47:40.020810
PAY-73AF89FA-7695,CUST-00130,MERCH-027,106015,EUR,SUCCESS,2026-09-16 16:22:59.020810
PAY-3A1EFFB7-F27A,CUST-01370,MERCH-034,28920,GBP,FAILED,2026-09-08 05:50:34.020810
PAY-59C99178-3DB2,CUST-01469,MERCH-001,50022,USD,SUCCESS,2026-09-02 10:21:09.020810
PAY-43665936-EA5C,CUST-01399,MERCH-048,3023,GBP,SUCCESS,2026-09-24 16:33:39.020810
PAY-CF05D29F-BAFB,CUST-01216,MERCH-002,12727,NGN,SUCCESS,2026-09-23 11:00:16.020810
PAY-A2366285-4648,CUST-00504,MERCH-032,16430,EUR,SUCCESS,2026-09-27 00:15:09.020810
PAY-B6EC70A8-E21E,CUST-01081,MERCH-041,109791,EUR,SUCCESS,2026-09-26 14:50:56.020810
PAY-2F97692D-BCDA,CUST-01462,MERCH-046,59428,USD,SUCCESS,2026-09-22 20:35:14.020810
PAY-D3998315-2BDB,CUST-00337,MERCH-003,9707,USD,SUCCESS,2026-09-25 23:13:50.020810
PAY-F25A470B-E791,CUST-01169,MERCH-033,72055,USD,PENDING,2026-09-13 03:29:40.020810
PAY-188B4FE4-DADC,CUST-01034,MERCH-018,41014,USD,FAILED,2026-09-30 14:05:49.020810
PAY-BF652ECC-FDD0,CUST-01378,MERCH-045,129398,USD,SUCCESS,2026-09-22 21:13:43.020810
PAY-17090073-5ADB,CUST-01480,MERCH-020,115911,USD,PENDING,2026-09-28 00:17:51.020810
PAY-481ACAA2-1EA6,CUST-00839,MERCH-044,107938,GBP,SUCCESS,2026-09-10 07:14:54.020810
PAY-8B3F7AA8-9C18,CUST-00712,MERCH-004,75577,GBP,SUCCESS,2026-09-24 19:20:24.020810
PAY-EB9A504F-F56F,CUST-01379,MERCH-018,104038,USD,SUCCESS,2026-09-18 06:41:06.020810
PAY-08AA43E4-B73D,CUST-00649,MERCH-029,112453,USD,SUCCESS,2026-09-08 05:25:01.020810
PAY-2BFCCC7D-C1DE,CUST-00965,MERCH-026,72898,EUR,SUCCESS,2026-09-19 06:08:46.020810
PAY-15CE769E-997F,CUST-00184,MERCH-050,134149,GBP,SUCCESS,2026-09-30 19:00:27.020810
PAY-CCF34C09-86D6,CUST-00329,MERCH-033,117612,USD,FAILED,2026-09-06 18:09:04.020810
PAY-FD58E4DB-44B3,CUST-01201,MERCH-018,125445,GBP,PENDING,2026-09-25 22:52:57.020810
PAY-ED16A3EF-D975,CUST-01183,MERCH-023,11079,USD,FAILED,2026-09-01 22:15:35.020810
PAY-F33F3EA8-3312,CUST-00397,MERCH-020,35201,GBP,SUCCESS,2026-09-17 23:08:51.020810
PAY-49F012E0-1E55,CUST-00306,MERCH-004,115178,USD,SUCCESS,2026-09-10 18:46:59.020810
PAY-332B3F20-4206,CUST-00368,MERCH-026,59683,USD,SUCCESS,2026-10-01 10:35:20.020810
PAY-5AC18C04-6361,CUST-00120,MERCH-014,102458,NGN,SUCCESS,2026-09-07 19:50:05.020810
PAY-08A16011-FE3F,CUST-01359,MERCH-017,45544,EUR,SUCCESS,2026-09-18 12:30:35.020810
PAY-8BDC1256-E91B,CUST-00761,MERCH-029,63813,USD,SUCCESS,2026-09-12 13:37:56.020810
PAY-7AE6E19B-ABE1,CUST-00021,MERCH-040,121465,USD,FAILED,2026-09-03 08:38:50.020810
PAY-C80EAA2F-5A7D,CUST-00529,MERCH-050,100402,NGN,SUCCESS,2026-09-03 15:53:17.020810
PAY-1916AEA3-C358,CUST-00466,MERCH-022,113924,GBP,SUCCESS,2026-09-05 23:01:07.020810
PAY-DA677BCD-F557,CUST-01055,MERCH-022,39424,EUR,SUCCESS,2026-09-08 21:02:10.020810
PAY-071E8218-49CE,CUST-00557,MERCH-030,125971,USD,SUCCESS,2026-09-21 03:53:20.020810
PAY-750010F5-E179,CUST-00754,MERCH-008,90310,USD,SUCCESS,2026-09-07 19:59:40.020810
PAY-21E9DF0A-7802,CUST-01451,MERCH-036,126902,EUR,SUCCESS,2026-09-11 11:19:51.020810
PAY-D00B56A1-C551,CUST-01297,MERCH-037,6981,EUR,SUCCESS,2026-09-30 13:43:55.020810
PAY-C93E03C5-C967,CUST-00127,MERCH-047,55534,GBP,FAILED,2026-09-19 03:28:42.020810
PAY-527F3B90-D1FD,CUST-00819,MERCH-047,55252,GBP,SUCCESS,2026-09-21 13:46:19.020810
PAY-2C63C614-AEE0,CUST-00398,MERCH-009,114395,USD,FAILED,2026-09-25 16:04:22.020810
PAY-0F4CFD40-AA99,CUST-00473,MERCH-014,34452,USD,SUCCESS,2026-09-14 06:38:00.020810
PAY-CA9F566D-43C5,CUST-00307,MERCH-035,105422,USD,SUCCESS,2026-09-18 23:44:25.020810
PAY-8828BE25-84E8,CUST-00327,MERCH-050,61023,EUR,SUCCESS,2026-09-26 23:36:36.020810
PAY-9CB43B67-8E35,CUST-00954,MERCH-009,130862,USD,SUCCESS,2026-09-12 09:28:46.020810
PAY-2C3C4201-8A12,CUST-01381,MERCH-012,88847,NGN,SUCCESS,2026-09-10 19:10:28.020810
PAY-CD983840-2A60,CUST-01188,MERCH-014,9765,USD,SUCCESS,2026-09-06 17:02:15.020810
PAY-54D3AFA3-3AE2,CUST-00478,MERCH-015,14447,USD,SUCCESS,2026-09-24 15:34:08.020810
PAY-7AD97726-A807,CUST-00015,MERCH-035,82339,USD,SUCCESS,2026-09-30 02:40:43.020810
PAY-330B5B51-6F86,CUST-00292,MERCH-042,66293,USD,PENDING,2026-09-11 20:04:52.020810
PAY-8B20FECB-AC96,CUST-00070,MERCH-014,3420,USD,SUCCESS,2026-09-23 09:33:05.020810
PAY-9C4B43EB-FAA0,CUST-00548,MERCH-013,61637,EUR,PENDING,2026-09-11 00:49:25.020810
PAY-2579FAE2-C855,CUST-00403,MERCH-044,141377,USD,FAILED,2026-09-07 18:24:57.020810
PAY-9E931287-925C,CUST-01054,MERCH-014,74144,USD,SUCCESS,2026-09-27 15:37:04.020810
PAY-3B3F13F2-6976,CUST-00752,MERCH-026,34023,USD,SUCCESS,2026-09-05 18:17:53.020810
PAY-8F6BF15B-0437,CUST-00738,MERCH-042,144004,EUR,SUCCESS,2026-09-25 09:25:49.020810
PAY-B29BE860-0E2D,CUST-01282,MERCH-001,122328,USD,SUCCESS,2026-09-14 20:02:37.020810
PAY-01441B9D-B098,CUST-00449,MERCH-029,137801,USD,PENDING,2026-09-06 15:53:47.020810
PAY-5079A4AC-983A,CUST-01456,MERCH-042,30298,GBP,SUCCESS,2026-09-19 19:14:04.020810
PAY-3206FDE2-42B2,CUST-00978,MERCH-027,101593,NGN,SUCCESS,2026-09-29 11:52:53.020810
PAY-908C1987-5C03,CUST-01107,MERCH-002,78040,USD,SUCCESS,2026-09-20 12:06:10.020810
PAY-E2798AAA-74DD,CUST-00757,MERCH-046,81020,EUR,SUCCESS,2026-09-19 01:35:33.020810
PAY-3E3A6DA7-FF58,CUST-00620,MERCH-047,25628,USD,SUCCESS,2026-09-08 18:03:20.020810
PAY-A43032AB-401F,CUST-00753,MERCH-032,58815,USD,PENDING,2026-09-27 22:36:48.020810
PAY-1F63AB78-7258,CUST-00950,MERCH-040,114552,GBP,SUCCESS,2026-09-09 09:30:27.020810
PAY-4CD57426-23F2,CUST-00593,MERCH-002,54569,EUR,SUCCESS,2026-09-17 10:45:23.020810
PAY-9F5DC2CD-66A3,CUST-01461,MERCH-010,52461,USD,SUCCESS,2026-09-23 14:49:51.020810
PAY-33BDD100-C0A5,CUST-01327,MERCH-039,137442,EUR,SUCCESS,2026-09-22 13:38:06.020810
PAY-4F1EC78D-B4F5,CUST-01085,MERCH-024,54024,USD,PENDING,2026-10-01 16:44:43.020810
PAY-1C76931B-5B15,CUST-00539,MERCH-047,138433,GBP,SUCCESS,2026-09-08 04:53:53.020810
PAY-F742C642-6884,CUST-01139,MERCH-014,10465,EUR,PENDING,2026-09-29 12:48:45.020810
PAY-4D77F635-5A5E,CUST-00453,MERCH-039,123379,USD,SUCCESS,2026-09-23 22:25:04.020810
PAY-88D9D24C-410E,CUST-01387,MERCH-044,57566,USD,SUCCESS,2026-09-26 21:33:59.020810
PAY-EC84CE4F-79F6,CUST-01388,MERCH-014,98094,GBP,SUCCESS,2026-09-05 15:45:00.020810
PAY-B6FB089B-6B68,CUST-00047,MERCH-016,25299,USD,SUCCESS,2026-09-09 18:24:26.020810
PAY-318F3467-E167,CUST-01217,MERCH-033,110759,USD,SUCCESS,2026-09-19 22:05:05.020810
PAY-9275CA4C-45DC,CUST-00708,MERCH-024,8325,EUR,SUCCESS,2026-09-05 16:12:35.020810
PAY-F798727F-17F2,CUST-00262,MERCH-022,104341,EUR,SUCCESS,2026-09-02 07:48:10.020810
PAY-ABB32F93-7548,CUST-00893,MERCH-028,106612,USD,SUCCESS,2026-09-27 04:42:16.020810
PAY-54A2E17A-6F15,CUST-01307,MERCH-043,106215,EUR,SUCCESS,2026-09-03 13:05:36.020810
PAY-6D788D31-96B7,CUST-01324,MERCH-030,78530,USD,SUCCESS,2026-09-12 14:11:02.020810
PAY-10693B3E-B65C,CUST-01013,MERCH-027,25042,NGN,SUCCESS,2026-09-24 14:58:55.020810
PAY-3FC0D708-3285,CUST-00610,MERCH-037,139932,USD,SUCCESS,2026-09-29 18:27:05.020810
PAY-B62ED8FD-829F,CUST-00878,MERCH-016,147173,USD,SUCCESS,2026-09-08 16:00:45.020810
PAY-DCF07F33-89AD,CUST-01196,MERCH-023,23837,USD,SUCCESS,2026-10-01 15:27:39.020810
PAY-23BE90CD-5597,CUST-01497,MERCH-001,138843,USD,SUCCESS,2026-09-12 23:27:16.020810
PAY-8B96D2EB-D883,CUST-00686,MERCH-012,38939,USD,SUCCESS,2026-09-16 19:51:20.020810
PAY-4C9C947E-96D5,CUST-00962,MERCH-025,40530,USD,FAILED,2026-09-09 22:58:09.020810
PAY-E9810BD4-A14C,CUST-00212,MERCH-021,148868,NGN,SUCCESS,2026-09-18 20:50:51.020810
PAY-48636CFC-57AF,CUST-00821,MERCH-016,77821,USD,SUCCESS,2026-09-23 04:53:08.020810
PAY-DF88C807-268E,CUST-00422,MERCH-037,60230,USD,SUCCESS,2026-09-21 21:16:20.020810
PAY-D21217F2-488A,CUST-01222,MERCH-039,88794,USD,FAILED,2026-09-14 05:49:00.020810
PAY-5C3434C9-B3E7,CUST-01222,MERCH-019,53207,USD,SUCCESS,2026-09-02 02:36:21.020810
PAY-1B282875-F4B9,CUST-01140,MERCH-037,84487,GBP,SUCCESS,2026-09-18 15:29:04.020810
PAY-CD43C9B0-4071,CUST-00586,MERCH-027,114658,USD,SUCCESS,2026-09-19 08:17:37.020810
PAY-0535FFD1-755B,CUST-01357,MERCH-042,52505,USD,SUCCESS,2026-09-19 14:56:35.020810
PAY-93911F45-6AD4,CUST-00153,MERCH-031,135123,USD,SUCCESS,2026-09-04 14:00:28.020810
PAY-807CC3FB-E5E8,CUST-01005,MERCH-014,14544,USD,SUCCESS,2026-09-03 06:40:16.020810
PAY-8B8B81F5-19AB,CUST-00307,MERCH-048,4615,EUR,SUCCESS,2026-09-06 04:15:35.020810
PAY-D626EEAC-8302,CUST-01357,MERCH-010,53983,USD,SUCCESS,2026-09-24 11:09:02.020810
PAY-74AACACB-9E02,CUST-00779,MERCH-043,58551,USD,SUCCESS,2026-09-20 00:18:46.020810
PAY-1B106698-DC1A,CUST-01399,MERCH-048,92492,GBP,SUCCESS,2026-09-09 21:37:39.020810
PAY-7CA67AE1-972E,CUST-00800,MERCH-043,54210,GBP,FAILED,2026-09-24 03:31:58.020810
PAY-51A5103F-BCBA,CUST-01475,MERCH-046,45067,NGN,SUCCESS,2026-09-10 18:45:55.020810
PAY-F8F7F4B5-DE27,CUST-01495,MERCH-014,132880,NGN,SUCCESS,2026-09-15 14:20:03.020810
PAY-5A876AF0-AA45,CUST-00926,MERCH-018,56553,USD,SUCCESS,2026-09-29 03:37:29.020810
PAY-9991678C-D15C,CUST-01226,MERCH-005,103112,NGN,SUCCESS,2026-09-22 10:36:55.020810
PAY-60D28230-F11E,CUST-00011,MERCH-007,32964,USD,SUCCESS,2026-09-29 22:14:35.020810
PAY-646F15DA-826E,CUST-00069,MERCH-039,79762,EUR,SUCCESS,2026-09-02 06:16:49.020810
PAY-64FD8BB9-0580,CUST-01124,MERCH-034,104395,EUR,PENDING,2026-09-22 16:05:57.020810
PAY-E98B8B86-3CB6,CUST-01475,MERCH-047,116463,GBP,SUCCESS,2026-09-02 20:52:39.020810
PAY-E18DDE21-0F28,CUST-00426,MERCH-048,108857,USD,SUCCESS,2026-09-09 05:54:26.020810
PAY-FD29BCC7-3128,CUST-00634,MERCH-020,146676,USD,SUCCESS,2026-09-23 11:18:10.020810
PAY-9997B671-8DB1,CUST-01170,MERCH-041,123453,GBP,SUCCESS,2026-09-11 08:31:50.020810
PAY-9AB401D0-3596,CUST-01053,MERCH-023,95675,GBP,PENDING,2026-10-01 13:35:47.020810
PAY-6F152F17-FCF1,CUST-01291,MERCH-018,127467,USD,PENDING,2026-09-06 04:38:22.020810
PAY-18C67071-648D,CUST-00883,MERCH-004,6584,EUR,SUCCESS,2026-10-01 16:18:08.020810
PAY-ECD98926-A230,CUST-01228,MERCH-013,25856,USD,SUCCESS,2026-09-25 19:39:48.020810
PAY-2AE87E9B-AD68,CUST-00850,MERCH-019,147098,USD,SUCCESS,2026-09-19 12:19:01.020810
PAY-22C8D755-97E3,CUST-00221,MERCH-001,92268,USD,SUCCESS,2026-09-15 14:53:49.020810
PAY-0870AA67-32EB,CUST-01006,MERCH-016,110198,USD,SUCCESS,2026-09-14 22:58:38.020810
PAY-7591CEFE-E5CC,CUST-00892,MERCH-037,67331,USD,SUCCESS,2026-09-16 07:53:15.020810
PAY-00F067D2-2481,CUST-01012,MERCH-014,141942,USD,SUCCESS,2026-09-13 02:35:54.020810
PAY-A68B7BB9-E32A,CUST-00903,MERCH-050,15431,GBP,SUCCESS,2026-09-28 09:56:29.020810
PAY-B04133CF-D23D,CUST-01458,MERCH-021,131879,USD,SUCCESS,2026-09-08 02:32:47.020810
PAY-D1566A3D-67DB,CUST-01173,MERCH-002,102471,USD,SUCCESS,2026-09-17 20:42:48.020810
PAY-CC121E63-7C78,CUST-00895,MERCH-023,145498,EUR,FAILED,2026-09-06 00:34:24.020810
PAY-2B990CCC-76E7,CUST-00392,MERCH-029,79914,EUR,SUCCESS,2026-09-28 02:02:23.020810
PAY-DA92E230-C587,CUST-00921,MERCH-029,139086,GBP,SUCCESS,2026-09-06 03:42:48.020810
PAY-F6D17F07-0091,CUST-01106,MERCH-033,117169,NGN,SUCCESS,2026-09-13 05:36:16.020810
PAY-38A24B0B-D335,CUST-00561,MERCH-016,93498,USD,SUCCESS,2026-09-14 13:47:59.020810
PAY-9CC7A853-2B69,CUST-00089,MERCH-039,133698,USD,FAILED,2026-09-21 08:02:32.020810
PAY-1B3BA750-A42B,CUST-00654,MERCH-040,132453,EUR,SUCCESS,2026-09-12 03:53:37.020810
PAY-7C3D39C6-DF6E,CUST-00084,MERCH-026,85269,EUR,SUCCESS,2026-09-09 09:58:27.020810
PAY-72C9F5F9-CE68,CUST-00119,MERCH-010,12317,USD,PENDING,2026-09-13 09:30:44.020810
PAY-2D5EFEFB-8C28,CUST-01048,MERCH-037,102718,GBP,SUCCESS,2026-09-30 11:33:45.020810
PAY-CBC20483-A2EC,CUST-00575,MERCH-026,43858,USD,SUCCESS,2026-10-01 06:51:53.020810
PAY-14A4BFE5-4546,CUST-00544,MERCH-015,61368,GBP,PENDING,2026-09-16 05:35:03.020810
PAY-20DF15E3-5C5F,CUST-00734,MERCH-017,106851,USD,FAILED,2026-09-27 09:48:34.020810
PAY-F3C571A3-5269,CUST-01219,MERCH-022,29885,USD,SUCCESS,2026-09-10 08:10:57.020810
PAY-BA712523-9E1A,CUST-00383,MERCH-007,102441,NGN,SUCCESS,2026-09-19 00:34:32.020810
PAY-5B312098-B5EF,CUST-00066,MERCH-016,118955,USD,SUCCESS,2026-09-26 05:51:50.020810
PAY-48C19783-F918,CUST-00131,MERCH-001,143604,USD,SUCCESS,2026-09-27 01:19:53.020810
PAY-C652D832-1C38,CUST-00093,MERCH-014,81854,NGN,SUCCESS,2026-09-17 18:48:20.020810
PAY-222340B6-22E0,CUST-00860,MERCH-040,100576,GBP,SUCCESS,2026-09-15 20:55:28.020810
PAY-3D8E36E3-F34F,CUST-00875,MERCH-001,15861,USD,PENDING,2026-09-16 07:18:50.020810
PAY-93E74B57-C273,CUST-00435,MERCH-031,68541,USD,SUCCESS,2026-09-21 06:58:32.020810
PAY-AE63E47A-2E84,CUST-00904,MERCH-018,113303,USD,SUCCESS,2026-09-24 01:36:43.020810
PAY-C5976725-AB6D,CUST-01194,MERCH-008,112181,USD,PENDING,2026-09-05 17:37:58.020810
PAY-F4DBFD11-9D92,CUST-00167,MERCH-012,30854,NGN,SUCCESS,2026-09-10 08:53:57.020810
PAY-3CBC62B7-7634,CUST-00693,MERCH-003,106684,GBP,PENDING,2026-09-13 07:10:39.020810
PAY-17A01FDB-DDD8,CUST-01432,MERCH-021,145006,EUR,SUCCESS,2026-09-18 19:18:27.020810
PAY-891C965F-B0CE,CUST-00838,MERCH-046,18884,USD,SUCCESS,2026-09-26 03:53:19.020810
PAY-05282DC1-2C6A,CUST-01308,MERCH-037,11616,USD,SUCCESS,2026-09-03 21:56:14.020810
PAY-48415456-5E6B,CUST-00620,MERCH-008,137112,USD,SUCCESS,2026-09-16 23:51:34.020810
PAY-BF90D508-2777,CUST-01234,MERCH-015,57300,USD,SUCCESS,2026-09-12 04:31:03.020810
PAY-E5AE7763-86AB,CUST-00764,MERCH-009,109547,USD,FAILED,2026-09-28 03:46:23.020810
PAY-30D029CA-A023,CUST-01464,MERCH-046,832,USD,FAILED,2026-09-21 05:29:51.020810
PAY-58B61DE9-DA88,CUST-00206,MERCH-015,82759,NGN,FAILED,2026-09-26 18:56:14.020810
PAY-DECED522-3E9D,CUST-00647,MERCH-048,7292,EUR,PENDING,2026-09-01 18:34:04.020810
PAY-3AB18239-829B,CUST-00343,MERCH-038,126832,USD,PENDING,2026-09-18 04:50:48.020810
PAY-B8D3E81E-C241,CUST-00396,MERCH-034,28268,GBP,FAILED,2026-09-02 07:39:40.020810
PAY-FC7AE2DE-8486,CUST-00064,MERCH-005,77649,USD,SUCCESS,2026-09-10 16:59:06.020810
PAY-15BED75D-4B5B,CUST-00725,MERCH-030,142576,EUR,SUCCESS,2026-09-06 08:29:50.020810
PAY-974D2C41-2EB5,CUST-00190,MERCH-024,14865,EUR,SUCCESS,2026-09-28 21:23:56.020810
PAY-9A489790-A61F,CUST-00789,MERCH-048,77885,USD,SUCCESS,2026-09-06 03:45:59.020810
PAY-3B2A96F5-1701,CUST-01245,MERCH-037,30891,USD,SUCCESS,2026-09-29 20:04:25.020810
PAY-A04B5A05-FCD3,CUST-00389,MERCH-026,9984,USD,SUCCESS,2026-09-19 21:33:22.020810
PAY-EF12E5D6-7C56,CUST-00730,MERCH-022,25374,USD,SUCCESS,2026-09-07 14:56:58.020810
PAY-6EA43051-2123,CUST-01376,MERCH-048,58856,NGN,FAILED,2026-09-30 13:13:14.020810
PAY-E1449946-94F6,CUST-01181,MERCH-027,115324,EUR,SUCCESS,2026-09-27 14:18:45.020810
PAY-CD506141-8357,CUST-00167,MERCH-033,129594,EUR,SUCCESS,2026-09-22 18:47:17.020810
PAY-3526C95B-72B2,CUST-00158,MERCH-031,141079,NGN,FAILED,2026-09-02 03:15:47.020810
PAY-6DA43939-36BE,CUST-00024,MERCH-042,39193,USD,PENDING,2026-09-16 20:45:07.020810
PAY-D78A825A-4D05,CUST-01224,MERCH-014,146907,USD,SUCCESS,2026-09-09 16:01:30.020810
PAY-A2614855-47C5,CUST-01466,MERCH-024,129054,EUR,SUCCESS,2026-09-02 14:18:53.020810
PAY-680977C6-5523,CUST-01438,MERCH-007,111272,USD,FAILED,2026-09-30 21:25:51.020810
PAY-E79A94C7-B200,CUST-00172,MERCH-010,58172,USD,SUCCESS,2026-09-30 10:44:45.020810
PAY-2353324E-8FE0,CUST-00426,MERCH-009,51542,NGN,SUCCESS,2026-09-05 08:40:12.020810
PAY-F7325F6D-C72E,CUST-00573,MERCH-037,43280,USD,SUCCESS,2026-09-18 21:28:56.020810
PAY-34D7E6A5-435F,CUST-00277,MERCH-003,70017,USD,SUCCESS,2026-09-29 01:35:40.020810
PAY-E932964E-B72D,CUST-00085,MERCH-043,56388,USD,SUCCESS,2026-09-04 06:57:50.020810
PAY-C3912CDF-D88C,CUST-00979,MERCH-044,124018,USD,FAILED,2026-09-05 07:17:26.020810
PAY-36E04255-F0EC,CUST-01016,MERCH-024,146165,GBP,FAILED,2026-09-27 02:32:24.020810
PAY-EA9EA8D6-B2F7,CUST-00715,MERCH-025,118193,USD,SUCCESS,2026-09-09 06:11:44.020810
PAY-33F34CCE-0097,CUST-00523,MERCH-035,102384,EUR,SUCCESS,2026-09-02 02:14:08.020810
PAY-C069B289-5695,CUST-00819,MERCH-007,48030,USD,FAILED,2026-09-05 01:45:29.020810
PAY-DDEB130B-E109,CUST-00849,MERCH-048,9104,USD,SUCCESS,2026-09-08 03:10:33.020810
PAY-B8615A9A-69AE,CUST-01331,MERCH-015,102298,GBP,PENDING,2026-09-04 15:33:59.020810
PAY-F74F8FBC-3410,CUST-01213,MERCH-024,113045,USD,SUCCESS,2026-09-05 07:44:43.020810
PAY-3E6310D0-FBB4,CUST-00652,MERCH-032,44544,USD,FAILED,2026-09-06 06:53:45.020810
PAY-D8943282-AC07,CUST-00226,MERCH-008,113647,USD,SUCCESS,2026-09-28 16:04:32.020810
PAY-020EE74D-5755,CUST-00099,MERCH-042,142593,NGN,SUCCESS,2026-09-04 20:08:29.020810
PAY-94ECBDCB-7BEE,CUST-00168,MERCH-008,60798,NGN,PENDING,2026-09-08 03:42:07.020810
PAY-BC917D67-E63A,CUST-01392,MERCH-040,58604,USD,FAILED,2026-10-01 07:22:42.020810
PAY-289A5D4B-58B5,CUST-00401,MERCH-004,85577,USD,FAILED,2026-09-10 14:21:50.020810
PAY-347FA4F5-447D,CUST-00732,MERCH-038,130345,GBP,SUCCESS,2026-09-26 10:01:01.020810
PAY-EA0810A9-0152,CUST-01190,MERCH-047,16115,EUR,FAILED,2026-09-08 08:14:38.020810
PAY-5223818F-1A87,CUST-00879,MERCH-010,30652,USD,SUCCESS,2026-09-12 11:51:46.020810
PAY-FA080B73-8D61,CUST-00583,MERCH-043,113346,USD,SUCCESS,2026-09-18 07:18:08.020810
PAY-080AAAB2-3CF1,CUST-01137,MERCH-043,28144,NGN,FAILED,2026-09-26 06:26:11.020810
PAY-E4B09A9F-8D7F,CUST-00042,MERCH-038,28742,USD,SUCCESS,2026-09-20 12:57:56.020810
PAY-941EBDC8-6844,CUST-01169,MERCH-049,144042,USD,SUCCESS,2026-09-21 09:32:20.020810
PAY-8638C68C-34BA,CUST-00100,MERCH-019,8584,USD,SUCCESS,2026-09-19 04:49:03.020810
PAY-845650DF-86C3,CUST-00705,MERCH-011,17566,USD,PENDING,2026-09-06 01:56:45.020810
PAY-33E81BCA-19C8,CUST-00289,MERCH-049,57425,EUR,SUCCESS,2026-09-04 03:13:31.020810
PAY-F38DD3F1-7956,CUST-00865,MERCH-001,32599,USD,PENDING,2026-09-26 22:42:51.020810
PAY-E206FCFB-6777,CUST-00830,MERCH-018,146461,GBP,PENDING,2026-09-06 18:26:57.020810
PAY-052B483D-B5F2,CUST-00028,MERCH-017,107210,USD,SUCCESS,2026-09-14 03:24:50.020810
PAY-EC24ACCB-0B4F,CUST-00088,MERCH-035,131457,USD,SUCCESS,2026-09-05 10:00:39.020810
PAY-1AA2FAD0-97BA,CUST-00210,MERCH-017,145153,EUR,PENDING,2026-09-03 14:37:42.020810
PAY-D18EE8BC-A685,CUST-00484,MERCH-018,148329,USD,SUCCESS,2026-09-22 09:10:45.020810
PAY-CDF7B704-DF95,CUST-00667,MERCH-017,148883,EUR,SUCCESS,2026-09-15 08:59:05.020810
PAY-B033BA8A-02B8,CUST-00722,MERCH-002,3529,EUR,SUCCESS,2026-09-21 08:48:54.020810
PAY-5BE551C8-BFF8,CUST-01210,MERCH-044,131965,USD,FAILED,2026-09-17 21:29:05.020810
PAY-465515D0-8DEA,CUST-00072,MERCH-027,120229,USD,PENDING,2026-09-08 03:38:09.020810
PAY-7D6C423F-50AF,CUST-00538,MERCH-022,113798,GBP,PENDING,2026-09-21 02:19:51.020810
PAY-E7E150DC-E3F5,CUST-01217,MERCH-036,143730,USD,SUCCESS,2026-09-12 11:01:13.020810
PAY-0B3C2AAB-304B,CUST-00714,MERCH-037,128193,USD,SUCCESS,2026-09-03 17:31:06.020810
PAY-ABA62069-B98E,CUST-00529,MERCH-010,72374,GBP,SUCCESS,2026-10-01 07:00:53.020810
PAY-D8BFEE96-DA93,CUST-00161,MERCH-020,4714,GBP,SUCCESS,2026-09-08 16:53:07.020810
PAY-3F9328D6-9DED,CUST-00595,MERCH-040,119592,USD,PENDING,2026-09-19 04:33:25.020810
PAY-9DE93248-680C,CUST-01333,MERCH-029,47460,USD,FAILED,2026-09-22 16:26:01.020810
PAY-EBDBA6AD-77ED,CUST-00648,MERCH-013,75906,USD,PENDING,2026-09-27 15:56:34.020810
PAY-195B4BE6-0369,CUST-00931,MERCH-026,22933,USD,FAILED,2026-09-20 17:11:47.020810
PAY-AFBF54FA-B5B6,CUST-01230,MERCH-023,12269,USD,SUCCESS,2026-09-11 05:40:29.020810
PAY-E9A3159E-5A1D,CUST-00197,MERCH-026,130358,NGN,PENDING,2026-09-15 15:02:42.020810
PAY-5CDB77DA-7CB0,CUST-00285,MERCH-034,32865,USD,SUCCESS,2026-09-21 05:13:11.020810
PAY-3C6EF94B-36F8,CUST-00962,MERCH-019,136487,USD,SUCCESS,2026-09-19 23:28:33.020810
